,Pearson Correlation
Shares Mil,0.2963691163630761
Revenue_YOY,-0.3399476519873257
Operating_YOY,
Income_YOY,-0.541377683919025
EPS_YOY,-0.4796108085674567
Return on Equity %,-0.4815910365500521
Return on Assets %,-0.5300754288127337
Net Margin %,-0.6005769053176897
Earnings Per Share CNY,0.5025655573243053
Book Value Per Share * CNY,0.4841002825882012
Free Cash Flow Per Share * CNY,0.12180664113799929
Payout Ratio % *,0.5730472998416096
Debt/Equity,0.45852854402529475
Current Ratio,
Quick Ratio,
Financial Leverage (Average),-0.019415653183245105
Fixed Assets Turnover,0.3552549835787779
Cash Conversion Cycle,
Payables Period,
Market Capital Mil,0.9611515321776922
Price/Earning Ratio,0.697999414487718
Price/Book Ratio,0.1064967978505741
Price/FCF,0.4070232109332572
PEG Ratio,0.32188797706729505
Year End Price,1.0
