﻿Date,Name,Price,Volume
04/30/2007,China Citic Bank Corp Ltd,10.34,"1,190,323",
05/31/2007,China Citic Bank Corp Ltd,10.66,"392,016,527",
06/29/2007,China Citic Bank Corp Ltd,9.2,"198,381,252",
07/31/2007,China Citic Bank Corp Ltd,10.49,"34,705,819",
08/31/2007,China Citic Bank Corp Ltd,12.11,"404,781,711",
09/28/2007,China Citic Bank Corp Ltd,11.05,"93,639,855",
10/31/2007,China Citic Bank Corp Ltd,11.64,"98,938,977",
11/30/2007,China Citic Bank Corp Ltd,10.01,"39,023,100",
12/31/2007,China Citic Bank Corp Ltd,10.1,"192,501,930",
01/31/2008,China Citic Bank Corp Ltd,8.78,"56,893,801",
02/29/2008,China Citic Bank Corp Ltd,8.85,"307,255",
03/31/2008,China Citic Bank Corp Ltd,7.11,"259,514",
04/30/2008,China Citic Bank Corp Ltd,7.19,"76,045,758",
05/30/2008,China Citic Bank Corp Ltd,6.37,"370,746",
06/30/2008,China Citic Bank Corp Ltd,5.13,"211,416",
07/31/2008,China Citic Bank Corp Ltd,5.4,"357,564",
08/29/2008,China Citic Bank Corp Ltd,5.68,"308,628",
09/30/2008,China Citic Bank Corp Ltd,5.07,"463,883",
10/31/2008,China Citic Bank Corp Ltd,3.89,"329,238",
11/28/2008,China Citic Bank Corp Ltd,4.01,"372,595",
12/31/2008,China Citic Bank Corp Ltd,3.86,"489,425",
01/30/2009,China Citic Bank Corp Ltd,4.02,"25,566,968",
02/27/2009,China Citic Bank Corp Ltd,4.31,"181,556,378",
03/31/2009,China Citic Bank Corp Ltd,4.78,"1,097,742,234",
04/30/2009,China Citic Bank Corp Ltd,4.84,"849,597,262",
05/29/2009,China Citic Bank Corp Ltd,5.08,"764,696,717",
06/30/2009,China Citic Bank Corp Ltd,5.97,"1,189,424,578",
07/31/2009,China Citic Bank Corp Ltd,6.52,"1,075,573,112",
08/31/2009,China Citic Bank Corp Ltd,4.83,"770,470,072",
09/30/2009,China Citic Bank Corp Ltd,5.62,"770,027,474",
10/30/2009,China Citic Bank Corp Ltd,6.29,"665,486,052",
11/30/2009,China Citic Bank Corp Ltd,6.48,"748,423,932",
12/31/2009,China Citic Bank Corp Ltd,8.23,"2,577,808,668",
01/29/2010,China Citic Bank Corp Ltd,6.93,"1,688,174,844",
02/26/2010,China Citic Bank Corp Ltd,6.95,"667,425,506",
03/31/2010,China Citic Bank Corp Ltd,7.35,"883,842,253",
04/30/2010,China Citic Bank Corp Ltd,6.06,"850,546,956",
05/31/2010,China Citic Bank Corp Ltd,5.2,"618,205,256",
06/30/2010,China Citic Bank Corp Ltd,5.4,"1,167,471,553",
07/30/2010,China Citic Bank Corp Ltd,5.99,"938,647,284",
08/31/2010,China Citic Bank Corp Ltd,5.63,"589,597,332",
09/30/2010,China Citic Bank Corp Ltd,5.09,"534,816,914",
10/29/2010,China Citic Bank Corp Ltd,5.71,"1,138,916,990",
11/30/2010,China Citic Bank Corp Ltd,5.43,"804,860,981",
12/31/2010,China Citic Bank Corp Ltd,5.25,"412,985,264",
01/31/2011,China Citic Bank Corp Ltd,5.18,"368,580,668",
02/28/2011,China Citic Bank Corp Ltd,5.28,"293,266,039",
03/31/2011,China Citic Bank Corp Ltd,5.67,"618,148,535",
04/29/2011,China Citic Bank Corp Ltd,5.56,"516,879,712",
05/31/2011,China Citic Bank Corp Ltd,5.17,"268,971,396",
06/30/2011,China Citic Bank Corp Ltd,4.75,"410,951,446",
07/29/2011,China Citic Bank Corp Ltd,4.69,"851,880,905",
08/31/2011,China Citic Bank Corp Ltd,4.46,"916,211,963",
09/30/2011,China Citic Bank Corp Ltd,4.3,"582,557,459",
10/31/2011,China Citic Bank Corp Ltd,4.45,"464,995,848",
11/30/2011,China Citic Bank Corp Ltd,4.04,"394,374,098",
12/30/2011,China Citic Bank Corp Ltd,4.04,"365,045,414",
01/31/2012,China Citic Bank Corp Ltd,4.36,"649,270,141",
02/29/2012,China Citic Bank Corp Ltd,4.52,"510,410,235",
03/30/2012,China Citic Bank Corp Ltd,4.26,"416,163,296",
04/30/2012,China Citic Bank Corp Ltd,4.53,"396,147,355",
05/31/2012,China Citic Bank Corp Ltd,4.24,"375,528,523",
06/29/2012,China Citic Bank Corp Ltd,4,"406,670,039",
07/31/2012,China Citic Bank Corp Ltd,3.93,"285,026,755",
08/31/2012,China Citic Bank Corp Ltd,3.86,"230,700,024",
09/28/2012,China Citic Bank Corp Ltd,3.65,"331,755,090",
10/31/2012,China Citic Bank Corp Ltd,3.58,"306,548,821",
11/30/2012,China Citic Bank Corp Ltd,3.63,"241,767,127",
12/31/2012,China Citic Bank Corp Ltd,4.29,"682,848,363",
01/31/2013,China Citic Bank Corp Ltd,5.03,"933,902,341",
02/28/2013,China Citic Bank Corp Ltd,4.75,"818,211,824",
03/29/2013,China Citic Bank Corp Ltd,4.67,"1,458,497,987",
04/30/2013,China Citic Bank Corp Ltd,4.27,"881,056,052",
05/31/2013,China Citic Bank Corp Ltd,4.36,"564,038,148",
06/28/2013,China Citic Bank Corp Ltd,3.71,"498,071,067",
07/31/2013,China Citic Bank Corp Ltd,3.46,"556,136,521",
08/30/2013,China Citic Bank Corp Ltd,3.59,"652,233,921",
09/30/2013,China Citic Bank Corp Ltd,3.75,"933,077,148",
10/31/2013,China Citic Bank Corp Ltd,3.93,"797,741,122",
11/29/2013,China Citic Bank Corp Ltd,4.03,"608,937,731",
12/31/2013,China Citic Bank Corp Ltd,3.87,"420,329,779",
01/31/2014,China Citic Bank Corp Ltd,3.61,"313,663,338",
02/28/2014,China Citic Bank Corp Ltd,5.27,"2,650,369,583",
03/31/2014,China Citic Bank Corp Ltd,4.63,"2,104,279,655",
04/30/2014,China Citic Bank Corp Ltd,4.81,"1,194,949,655",
05/30/2014,China Citic Bank Corp Ltd,4.22,"810,801,504",
06/30/2014,China Citic Bank Corp Ltd,4.27,"662,681,233",
07/31/2014,China Citic Bank Corp Ltd,4.54,"1,097,840,196",
08/29/2014,China Citic Bank Corp Ltd,4.28,"848,329,503",
09/30/2014,China Citic Bank Corp Ltd,4.54,"1,650,828,883",
10/31/2014,China Citic Bank Corp Ltd,4.89,"2,387,523,861",
11/28/2014,China Citic Bank Corp Ltd,6.11,"2,946,683,057",
12/31/2014,China Citic Bank Corp Ltd,8.14,"7,377,505,271",
01/30/2015,China Citic Bank Corp Ltd,6.95,"4,478,282,266",
02/27/2015,China Citic Bank Corp Ltd,6.77,"1,597,798,354",
03/31/2015,China Citic Bank Corp Ltd,7.36,"3,885,974,625",
04/30/2015,China Citic Bank Corp Ltd,7.92,"5,173,415,838",
05/29/2015,China Citic Bank Corp Ltd,7.39,"3,219,106,828",
06/30/2015,China Citic Bank Corp Ltd,7.71,"6,010,863,144",
07/31/2015,China Citic Bank Corp Ltd,7.6,"7,773,718,560",
08/31/2015,China Citic Bank Corp Ltd,6.4,"2,252,827,223",
09/30/2015,China Citic Bank Corp Ltd,5.87,"2,163,585,887",
10/30/2015,China Citic Bank Corp Ltd,6.4,"1,866,705,320",
11/30/2015,China Citic Bank Corp Ltd,7.26,"2,600,759,475",
12/31/2015,China Citic Bank Corp Ltd,7.22,"2,529,490,457",
01/29/2016,China Citic Bank Corp Ltd,5.55,"1,480,333,743",
02/29/2016,China Citic Bank Corp Ltd,5.38,"915,607,870",
03/31/2016,China Citic Bank Corp Ltd,6.07,"1,576,586,756",
04/29/2016,China Citic Bank Corp Ltd,5.87,"788,939,757",
05/31/2016,China Citic Bank Corp Ltd,5.8,"490,978,743",
06/30/2016,China Citic Bank Corp Ltd,5.67,"501,186,226",
07/29/2016,China Citic Bank Corp Ltd,5.99,"757,284,061",
08/31/2016,China Citic Bank Corp Ltd,6.35,"873,072,866",
09/30/2016,China Citic Bank Corp Ltd,5.98,"646,582,713",
10/31/2016,China Citic Bank Corp Ltd,6.07,"494,972,538",
11/30/2016,China Citic Bank Corp Ltd,6.72,"1,001,331,799",
12/30/2016,China Citic Bank Corp Ltd,6.41,"920,295,418",
01/31/2017,China Citic Bank Corp Ltd,6.98,"671,802,673",
02/28/2017,China Citic Bank Corp Ltd,6.9,"643,544,005",
03/31/2017,China Citic Bank Corp Ltd,6.71,"556,799,083",
04/28/2017,China Citic Bank Corp Ltd,6.02,"631,101,849",
05/31/2017,China Citic Bank Corp Ltd,6.19,"869,376,645",
06/30/2017,China Citic Bank Corp Ltd,6.29,"835,406,587",
07/31/2017,China Citic Bank Corp Ltd,6.65,"1,606,802,041",
08/31/2017,China Citic Bank Corp Ltd,6.53,"1,183,230,456",
09/29/2017,China Citic Bank Corp Ltd,6.3,"646,043,451",
10/31/2017,China Citic Bank Corp Ltd,6.22,"566,210,785",
11/30/2017,China Citic Bank Corp Ltd,6.36,"929,857,586",
12/29/2017,China Citic Bank Corp Ltd,6.2,"702,513,563",
01/31/2018,China Citic Bank Corp Ltd,7.22,"1,747,434,199",
02/28/2018,China Citic Bank Corp Ltd,6.84,"1,539,566,349",
03/30/2018,China Citic Bank Corp Ltd,6.45,"945,446,565",
04/30/2018,China Citic Bank Corp Ltd,6.39,"677,975,458",
05/31/2018,China Citic Bank Corp Ltd,6.41,"497,831,247",
06/29/2018,China Citic Bank Corp Ltd,6.21,"468,091,736",
07/31/2018,China Citic Bank Corp Ltd,6.27,"410,388,673",
08/31/2018,China Citic Bank Corp Ltd,5.97,"373,626,478",
09/28/2018,China Citic Bank Corp Ltd,6.06,"454,907,131",
10/31/2018,China Citic Bank Corp Ltd,5.92,"665,952,135",
11/30/2018,China Citic Bank Corp Ltd,5.67,"418,045,349",
12/31/2018,China Citic Bank Corp Ltd,5.45,"339,746,925",
01/31/2019,China Citic Bank Corp Ltd,5.72,"565,725,054",
02/28/2019,China Citic Bank Corp Ltd,6.55,"957,581,858",
03/29/2019,China Citic Bank Corp Ltd,6.29,"1,579,446,176",
04/30/2019,China Citic Bank Corp Ltd,6.29,"1,378,275,094",
05/31/2019,China Citic Bank Corp Ltd,5.78,"662,283,500",
06/28/2019,China Citic Bank Corp Ltd,5.97,"464,569,361",
07/31/2019,China Citic Bank Corp Ltd,5.94,"466,487,734",
08/30/2019,China Citic Bank Corp Ltd,5.59,"374,875,316",
09/30/2019,China Citic Bank Corp Ltd,5.64,"413,143,750",
10/31/2019,China Citic Bank Corp Ltd,6.13,"847,644,752",
11/29/2019,China Citic Bank Corp Ltd,6,"457,910,211",
12/31/2019,China Citic Bank Corp Ltd,6.17,"398,531,440",
01/31/2020,China Citic Bank Corp Ltd,5.82,"499,618,462",
02/28/2020,China Citic Bank Corp Ltd,5.43,"450,000,279",
03/31/2020,China Citic Bank Corp Ltd,5.18,"478,421,970",
04/03/2020,China Citic Bank Corp Ltd,5.13,"44,396,274",
