,Spearman Correlation
Shares Mil,0.38181818181818183
Revenue_YOY,-0.3090909090909091
Operating_YOY,
Income_YOY,-0.4909090909090909
EPS_YOY,-0.3939393939393939
Return on Equity %,-0.4666666666666667
Return on Assets %,-0.6504589317376691
Net Margin %,-0.5393939393939394
Earnings Per Share CNY,0.5670837129867669
Book Value Per Share * CNY,0.4909090909090909
Free Cash Flow Per Share * CNY,0.21212121212121213
Payout Ratio % *,0.4909090909090909
Debt/Equity,0.503030303030303
Current Ratio,
Quick Ratio,
Financial Leverage (Average),-0.05454545454545454
Fixed Assets Turnover,0.5167197121280549
Cash Conversion Cycle,
Payables Period,
Market Capital Mil,0.9393939393939394
Price/Earning Ratio,0.7212121212121212
Price/Book Ratio,0.09726488698881033
Price/FCF,0.09090909090909091
PEG Ratio,0.3090909090909091
Year End Price,1.0
