,Kendal Correlation
Shares Mil,0.19999999999999998
Revenue_YOY,-0.19999999999999998
Operating_YOY,
Income_YOY,-0.3333333333333333
EPS_YOY,-0.24444444444444444
Return on Equity %,-0.24444444444444444
Return on Assets %,-0.4494665749754947
Net Margin %,-0.28888888888888886
Earnings Per Share CNY,0.34099716973523675
Book Value Per Share * CNY,0.15555555555555553
Free Cash Flow Per Share * CNY,0.19999999999999998
Payout Ratio % *,0.3333333333333333
Debt/Equity,0.19999999999999998
Current Ratio,
Quick Ratio,
Financial Leverage (Average),0.022222222222222223
Fixed Assets Turnover,0.35957325998039574
Cash Conversion Cycle,
Payables Period,
Market Capital Mil,0.8222222222222221
Price/Earning Ratio,0.6888888888888888
Price/Book Ratio,0.17978662999019787
Price/FCF,0.06666666666666667
PEG Ratio,0.24444444444444444
Year End Price,1.0
