,Pearson Correlation
Shares Mil,0.6591123463404158
Revenue_YOY,-0.5288585653077993
Operating_YOY,
Income_YOY,-0.6956835800503104
EPS_YOY,-0.6090814545306744
Return on Equity %,-0.08869243730532532
Return on Assets %,-0.05882558607737181
Net Margin %,-0.1495727077410319
Earnings Per Share CNY,0.6359730178629396
Book Value Per Share * CNY,0.27289579211749515
Free Cash Flow Per Share * CNY,0.33136796324603673
Payout Ratio % *,0.18241589490764257
Debt/Equity,0.15385776647365187
Current Ratio,
Quick Ratio,
Financial Leverage (Average),-0.08590418858062585
Fixed Assets Turnover,-0.42891548452580025
Cash Conversion Cycle,
Payables Period,
Market Capital Mil,0.9904442616989371
Price/Earning Ratio,0.1507890153418984
Price/Book Ratio,0.16456705534028984
Price/FCF,0.45352220000409166
PEG Ratio,0.5056770960531838
Year End Price,1.0
