,Kendal Correlation
Shares Mil,0.06666666666666667
Revenue_YOY,-0.24444444444444444
Operating_YOY,
Income_YOY,-0.37777777777777777
EPS_YOY,-0.3333333333333333
Return on Equity %,0.06666666666666667
Return on Assets %,0.0
Net Margin %,-0.08989331499509894
Earnings Per Share CNY,0.15555555555555553
Book Value Per Share * CNY,0.1111111111111111
Free Cash Flow Per Share * CNY,0.19999999999999998
Payout Ratio % *,0.13483997249264842
Debt/Equity,0.15555555555555553
Current Ratio,
Quick Ratio,
Financial Leverage (Average),-0.022222222222222223
Fixed Assets Turnover,-0.1111111111111111
Cash Conversion Cycle,
Payables Period,
Market Capital Mil,0.8666666666666666
Price/Earning Ratio,0.28888888888888886
Price/Book Ratio,0.17978662999019787
Price/FCF,0.28888888888888886
PEG Ratio,0.4222222222222222
Year End Price,1.0
