﻿Date,Name,Price,Volume
12/29/2000,China Minsheng Banking Corp Ltd,1.9406454527,"243,877,697",
01/31/2001,China Minsheng Banking Corp Ltd,1.9778355223,"139,400,695",
02/28/2001,China Minsheng Banking Corp Ltd,1.8482337645,"48,001,972",
03/30/2001,China Minsheng Banking Corp Ltd,2.0465808026,"119,189,618",
04/30/2001,China Minsheng Banking Corp Ltd,2.0984215058,"118,036,065",
05/31/2001,China Minsheng Banking Corp Ltd,2.2539436152,"129,001,457",
06/29/2001,China Minsheng Banking Corp Ltd,2.155694791,"103,731,225",
07/31/2001,China Minsheng Banking Corp Ltd,1.8566138112,"55,460,817",
08/31/2001,China Minsheng Banking Corp Ltd,1.8060445635,"42,066,507",
09/28/2001,China Minsheng Banking Corp Ltd,2.0675598163,"65,281,016",
10/31/2001,China Minsheng Banking Corp Ltd,2.0805633371,"137,854,931",
11/30/2001,China Minsheng Banking Corp Ltd,2.1398015988,"76,656,710",
12/31/2001,China Minsheng Banking Corp Ltd,2.0964565293,"57,952,987",
01/31/2002,China Minsheng Banking Corp Ltd,1.9288555938,"82,767,851",
02/28/2002,China Minsheng Banking Corp Ltd,1.845055126,"53,006,679",
03/29/2002,China Minsheng Banking Corp Ltd,1.8710621678,"87,188,323",
04/30/2002,China Minsheng Banking Corp Ltd,1.9476384572,"42,748,120",
05/31/2002,China Minsheng Banking Corp Ltd,1.6037675724,"59,461,994",
06/28/2002,China Minsheng Banking Corp Ltd,2.0473977915,"111,069,778",
07/31/2002,China Minsheng Banking Corp Ltd,2.0966535523,"154,316,356",
08/30/2002,China Minsheng Banking Corp Ltd,2.1245651501,"101,376,936",
09/30/2002,China Minsheng Banking Corp Ltd,1.9275421068,"52,040,477",
10/31/2002,China Minsheng Banking Corp Ltd,1.8257468678,"50,182,819",
11/29/2002,China Minsheng Banking Corp Ltd,1.7961934113,"51,167,169",
12/31/2002,China Minsheng Banking Corp Ltd,1.5088681398,"44,651,220",
01/31/2003,China Minsheng Banking Corp Ltd,1.7896259765,"122,213,765",
02/28/2003,China Minsheng Banking Corp Ltd,1.7190260527,"120,942,887",
03/31/2003,China Minsheng Banking Corp Ltd,1.9390351177,"170,424,868",
04/30/2003,China Minsheng Banking Corp Ltd,2.2550830256,"930,105,332",
05/30/2003,China Minsheng Banking Corp Ltd,2.2333234525,"593,058,325",
06/30/2003,China Minsheng Banking Corp Ltd,1.9722085759,"187,705,414",
07/31/2003,China Minsheng Banking Corp Ltd,1.9405582878,"135,537,506",
08/29/2003,China Minsheng Banking Corp Ltd,1.7743942754,"95,669,678",
09/30/2003,China Minsheng Banking Corp Ltd,1.612186549,"102,474,038",
10/31/2003,China Minsheng Banking Corp Ltd,1.6675745531,"126,422,391",
11/28/2003,China Minsheng Banking Corp Ltd,1.7229625573,"196,772,602",
12/31/2003,China Minsheng Banking Corp Ltd,1.8693451396,"665,928,279",
01/30/2004,China Minsheng Banking Corp Ltd,2.1344163023,"838,020,022",
02/27/2004,China Minsheng Banking Corp Ltd,2.1284818733,"833,929,938",
03/31/2004,China Minsheng Banking Corp Ltd,2.1363944453,"435,654,947",
04/30/2004,China Minsheng Banking Corp Ltd,2.1064549836,"304,575,286",
05/31/2004,China Minsheng Banking Corp Ltd,2.0449721605,"321,702,688",
06/30/2004,China Minsheng Banking Corp Ltd,1.6734020555,"318,303,003",
07/30/2004,China Minsheng Banking Corp Ltd,1.7455775435,"194,122,511",
08/31/2004,China Minsheng Banking Corp Ltd,1.8124066991,"194,637,630",
09/30/2004,China Minsheng Banking Corp Ltd,1.7723092057,"337,947,106",
10/29/2004,China Minsheng Banking Corp Ltd,1.5798412377,"286,623,402",
11/30/2004,China Minsheng Banking Corp Ltd,1.5664754066,"154,472,663",
12/31/2004,China Minsheng Banking Corp Ltd,1.4542024252,"203,147,993",
01/31/2005,China Minsheng Banking Corp Ltd,1.3927196021,"186,441,091",
02/28/2005,China Minsheng Banking Corp Ltd,1.5851875701,"693,327,557",
03/31/2005,China Minsheng Banking Corp Ltd,1.4435097603,"213,170,895",
04/29/2005,China Minsheng Banking Corp Ltd,1.5652515473,"252,346,160",
05/31/2005,China Minsheng Banking Corp Ltd,1.4815138102,"265,727,766",
06/30/2005,China Minsheng Banking Corp Ltd,1.526603361,"559,627,373",
07/29/2005,China Minsheng Banking Corp Ltd,1.674754742,"402,472,488",
08/31/2005,China Minsheng Banking Corp Ltd,1.7713752079,"694,706,029",
09/30/2005,China Minsheng Banking Corp Ltd,1.7906993011,"657,560,635",
10/31/2005,China Minsheng Banking Corp Ltd,1.3651986611,"709,470",
11/30/2005,China Minsheng Banking Corp Ltd,1.435876521,"508,927",
12/30/2005,China Minsheng Banking Corp Ltd,1.5102742682,"44,835,403",
01/31/2006,China Minsheng Banking Corp Ltd,1.6441902131,"1,430,157",
02/28/2006,China Minsheng Banking Corp Ltd,1.9566607514,"1,547,281",
03/31/2006,China Minsheng Banking Corp Ltd,1.9752601882,"1,393,143",
04/28/2006,China Minsheng Banking Corp Ltd,1.97619016,"1,985,956",
05/31/2006,China Minsheng Banking Corp Ltd,2.0319884704,"294,863,244",
06/30/2006,China Minsheng Banking Corp Ltd,2.0319884704,"1,450,492",
07/31/2006,China Minsheng Banking Corp Ltd,1.9157419904,"64,649,141",
08/31/2006,China Minsheng Banking Corp Ltd,1.999439456,"708,804",
09/29/2006,China Minsheng Banking Corp Ltd,2.5062741088,"1,985,281",
10/31/2006,China Minsheng Banking Corp Ltd,2.7573665056,"259,253,753",
11/30/2006,China Minsheng Banking Corp Ltd,3.2874504544,"107,134,291",
12/29/2006,China Minsheng Banking Corp Ltd,4.742856384,"68,528,932",
01/31/2007,China Minsheng Banking Corp Ltd,5.5891307584,"595,622,328",
02/28/2007,China Minsheng Banking Corp Ltd,5.2868899104,"2,753,439",
03/30/2007,China Minsheng Banking Corp Ltd,5.7844248448,"3,390,181",
04/30/2007,China Minsheng Banking Corp Ltd,6.0494668192,"211,184,207",
05/31/2007,China Minsheng Banking Corp Ltd,6.2215116096,"5,442,766",
06/29/2007,China Minsheng Banking Corp Ltd,6.3246,"293,841,320",
07/31/2007,China Minsheng Banking Corp Ltd,7.8684,"243,023,421",
08/31/2007,China Minsheng Banking Corp Ltd,9.3568666667,"351,540,850",
09/28/2007,China Minsheng Banking Corp Ltd,8.7482,"251,883,607",
10/31/2007,China Minsheng Banking Corp Ltd,9.4011333333,"3,440,741",
11/30/2007,China Minsheng Banking Corp Ltd,8.3553333333,"173,021,146",
12/31/2007,China Minsheng Banking Corp Ltd,8.0178,"414,284,263",
01/31/2008,China Minsheng Banking Corp Ltd,6.64,"2,525,832",
02/29/2008,China Minsheng Banking Corp Ltd,7.5862,"1,303,171",
03/31/2008,China Minsheng Banking Corp Ltd,5.9262,"1,354,845",
04/30/2008,China Minsheng Banking Corp Ltd,6.059,"360,266,392",
05/30/2008,China Minsheng Banking Corp Ltd,4.9869166667,"2,234,373",
06/30/2008,China Minsheng Banking Corp Ltd,3.9425,"1,288,050",
07/31/2008,China Minsheng Banking Corp Ltd,4.1223333333,"2,282,166",
08/29/2008,China Minsheng Banking Corp Ltd,4.2053333333,"1,571,085",
09/30/2008,China Minsheng Banking Corp Ltd,3.569,"2,507,894",
10/31/2008,China Minsheng Banking Corp Ltd,2.7874166667,"2,290,846",
11/28/2008,China Minsheng Banking Corp Ltd,2.7735833333,"2,961,174",
12/31/2008,China Minsheng Banking Corp Ltd,2.8150833333,"3,397,721",
01/30/2009,China Minsheng Banking Corp Ltd,3.1401666667,"282,155,905",
02/27/2009,China Minsheng Banking Corp Ltd,3.2439166667,"1,028,821,474",
03/31/2009,China Minsheng Banking Corp Ltd,3.5136666667,"4,292,662,624",
04/30/2009,China Minsheng Banking Corp Ltd,3.8664166667,"5,939,880,360",
05/29/2009,China Minsheng Banking Corp Ltd,4.6410833333,"5,179,938,320",
06/30/2009,China Minsheng Banking Corp Ltd,5.4710833333,"4,324,576,000",
07/31/2009,China Minsheng Banking Corp Ltd,6.0105833333,"5,234,207,264",
08/31/2009,China Minsheng Banking Corp Ltd,4.21225,"4,062,583,880",
09/30/2009,China Minsheng Banking Corp Ltd,4.6618333333,"4,013,707,864",
10/30/2009,China Minsheng Banking Corp Ltd,5.312,"4,023,541,136",
11/30/2009,China Minsheng Banking Corp Ltd,5.3258333333,"4,969,239,376",
12/31/2009,China Minsheng Banking Corp Ltd,5.4710833333,"4,304,204,192",
01/29/2010,China Minsheng Banking Corp Ltd,5.00075,"3,455,967,144",
02/26/2010,China Minsheng Banking Corp Ltd,5.0699166667,"1,326,306,656",
03/31/2010,China Minsheng Banking Corp Ltd,5.3189166667,"2,034,378,320",
04/30/2010,China Minsheng Banking Corp Ltd,4.8555,"2,968,389,496",
05/31/2010,China Minsheng Banking Corp Ltd,4.5235,"2,273,725,880",
06/30/2010,China Minsheng Banking Corp Ltd,4.1845833333,"2,096,486,868",
07/30/2010,China Minsheng Banking Corp Ltd,4.6583333333,"2,056,824,616",
08/31/2010,China Minsheng Banking Corp Ltd,4.4916666667,"2,539,672,172",
09/30/2010,China Minsheng Banking Corp Ltd,4.25,"2,649,455,648",
10/29/2010,China Minsheng Banking Corp Ltd,4.55,"4,389,904,952",
11/30/2010,China Minsheng Banking Corp Ltd,4.225,"3,645,933,312",
12/31/2010,China Minsheng Banking Corp Ltd,4.1833333333,"2,248,614,180",
01/31/2011,China Minsheng Banking Corp Ltd,4.1916666667,"2,416,944,520",
02/28/2011,China Minsheng Banking Corp Ltd,4.2583333333,"2,288,773,416",
03/31/2011,China Minsheng Banking Corp Ltd,4.6583333333,"3,868,540,480",
04/29/2011,China Minsheng Banking Corp Ltd,5.125,"4,634,840,064",
05/31/2011,China Minsheng Banking Corp Ltd,5.05,"2,638,400,276",
06/30/2011,China Minsheng Banking Corp Ltd,4.775,"2,050,389,180",
07/29/2011,China Minsheng Banking Corp Ltd,4.5333333333,"2,184,529,160",
08/31/2011,China Minsheng Banking Corp Ltd,4.9916666667,"3,530,027,040",
09/30/2011,China Minsheng Banking Corp Ltd,4.6,"2,353,511,336",
10/31/2011,China Minsheng Banking Corp Ltd,5.0916666667,"3,113,563,832",
11/30/2011,China Minsheng Banking Corp Ltd,4.8333333333,"2,047,778,324",
12/30/2011,China Minsheng Banking Corp Ltd,4.9083333333,"2,064,167,572",
01/31/2012,China Minsheng Banking Corp Ltd,5.35,"2,954,249,072",
02/29/2012,China Minsheng Banking Corp Ltd,5.4916666667,"2,700,228,120",
03/30/2012,China Minsheng Banking Corp Ltd,5.225,"2,755,753,096",
04/30/2012,China Minsheng Banking Corp Ltd,5.5416666667,"2,305,534,092",
05/31/2012,China Minsheng Banking Corp Ltd,5.3083333333,"2,685,412,604",
06/29/2012,China Minsheng Banking Corp Ltd,4.9916666667,"2,097,868,368",
07/31/2012,China Minsheng Banking Corp Ltd,5.0083333333,"1,559,314,852",
08/31/2012,China Minsheng Banking Corp Ltd,4.975,"1,215,819,760",
09/28/2012,China Minsheng Banking Corp Ltd,4.7083333333,"1,650,770,612",
10/31/2012,China Minsheng Banking Corp Ltd,5.0166666667,"1,762,333,752",
11/30/2012,China Minsheng Banking Corp Ltd,5.2416666667,"1,780,057,476",
12/31/2012,China Minsheng Banking Corp Ltd,6.55,"4,214,589,624",
01/31/2013,China Minsheng Banking Corp Ltd,8.5916666667,"4,731,332,280",
02/28/2013,China Minsheng Banking Corp Ltd,8.6333333333,"9,351,591,328",
03/29/2013,China Minsheng Banking Corp Ltd,8.0333333333,"6,934,532,960",
04/30/2013,China Minsheng Banking Corp Ltd,8.1833333333,"3,674,952,304",
05/31/2013,China Minsheng Banking Corp Ltd,8.7166666667,"3,108,699,144",
06/28/2013,China Minsheng Banking Corp Ltd,7.1416666667,"3,222,093,840",
07/31/2013,China Minsheng Banking Corp Ltd,6.9,"2,883,623,184",
08/30/2013,China Minsheng Banking Corp Ltd,7.525,"2,828,521,368",
09/30/2013,China Minsheng Banking Corp Ltd,7.9666666667,"4,370,532,432",
10/31/2013,China Minsheng Banking Corp Ltd,7.4666666667,"2,615,294,104",
11/29/2013,China Minsheng Banking Corp Ltd,7.1583333333,"2,461,206,784",
12/31/2013,China Minsheng Banking Corp Ltd,6.4333333333,"2,645,429,680",
01/31/2014,China Minsheng Banking Corp Ltd,6.1166666667,"1,965,633,235",
02/28/2014,China Minsheng Banking Corp Ltd,6.275,"2,621,610,010",
03/31/2014,China Minsheng Banking Corp Ltd,6.3833333333,"2,461,620,361",
04/30/2014,China Minsheng Banking Corp Ltd,6.5583333333,"2,243,061,184",
05/30/2014,China Minsheng Banking Corp Ltd,6.2083333333,"1,336,781,277",
06/30/2014,China Minsheng Banking Corp Ltd,5.175,"1,361,310,618",
07/31/2014,China Minsheng Banking Corp Ltd,5.5416666667,"2,407,260,989",
08/29/2014,China Minsheng Banking Corp Ltd,5.2166666667,"2,267,984,151",
09/30/2014,China Minsheng Banking Corp Ltd,5.2,"2,933,651,672",
10/31/2014,China Minsheng Banking Corp Ltd,5.3666666667,"3,318,586,293",
11/28/2014,China Minsheng Banking Corp Ltd,6.1083333333,"8,116,979,977",
12/31/2014,China Minsheng Banking Corp Ltd,9.0666666667,"27,701,702,687",
01/30/2015,China Minsheng Banking Corp Ltd,7.8916666667,"12,532,544,559",
02/27/2015,China Minsheng Banking Corp Ltd,7.6916666667,"4,580,584,558",
03/31/2015,China Minsheng Banking Corp Ltd,8.0833333333,"8,896,791,625",
04/30/2015,China Minsheng Banking Corp Ltd,8.85,"12,738,678,273",
05/29/2015,China Minsheng Banking Corp Ltd,8.35,"8,998,587,711",
06/30/2015,China Minsheng Banking Corp Ltd,8.2833333333,"15,320,375,685",
07/31/2015,China Minsheng Banking Corp Ltd,7.575,"15,275,445,931",
08/31/2015,China Minsheng Banking Corp Ltd,7.1416666667,"4,303,435,089",
09/30/2015,China Minsheng Banking Corp Ltd,7.0416666667,"4,045,554,675",
10/30/2015,China Minsheng Banking Corp Ltd,7.1666666667,"1,730,649,210",
11/30/2015,China Minsheng Banking Corp Ltd,7.1916666667,"3,145,786,773",
12/31/2015,China Minsheng Banking Corp Ltd,8.0333333333,"4,407,021,954",
01/29/2016,China Minsheng Banking Corp Ltd,7.1583333333,"2,034,632,841",
02/29/2016,China Minsheng Banking Corp Ltd,7.0416666667,"1,292,204,662",
03/31/2016,China Minsheng Banking Corp Ltd,7.5916666667,"2,707,731,783",
04/29/2016,China Minsheng Banking Corp Ltd,7.75,"1,774,549,293",
05/31/2016,China Minsheng Banking Corp Ltd,7.575,"1,766,745,263",
06/30/2016,China Minsheng Banking Corp Ltd,7.4416666667,"1,534,830,459",
07/29/2016,China Minsheng Banking Corp Ltd,7.6333333333,"1,719,447,363",
08/31/2016,China Minsheng Banking Corp Ltd,7.7583333333,"1,847,115,910",
09/30/2016,China Minsheng Banking Corp Ltd,7.7166666667,"893,842,994",
10/31/2016,China Minsheng Banking Corp Ltd,7.6666666667,"644,729,961",
11/30/2016,China Minsheng Banking Corp Ltd,7.9166666667,"1,477,722,194",
12/30/2016,China Minsheng Banking Corp Ltd,7.5666666667,"2,308,568,260",
01/31/2017,China Minsheng Banking Corp Ltd,7.7083333333,"956,217,759",
02/28/2017,China Minsheng Banking Corp Ltd,7.525,"1,473,672,767",
03/31/2017,China Minsheng Banking Corp Ltd,7.0666666667,"1,629,519,488",
04/28/2017,China Minsheng Banking Corp Ltd,6.5583333333,"2,135,640,848",
05/31/2017,China Minsheng Banking Corp Ltd,6.6916666667,"3,097,854,593",
06/30/2017,China Minsheng Banking Corp Ltd,6.85,"2,246,234,754",
07/31/2017,China Minsheng Banking Corp Ltd,7.1666666667,"3,135,951,364",
08/31/2017,China Minsheng Banking Corp Ltd,7,"2,013,980,195",
09/29/2017,China Minsheng Banking Corp Ltd,6.6833333333,"1,201,349,512",
10/31/2017,China Minsheng Banking Corp Ltd,6.9083333333,"1,235,247,552",
11/30/2017,China Minsheng Banking Corp Ltd,7.375,"3,744,189,592",
12/29/2017,China Minsheng Banking Corp Ltd,6.9916666667,"1,751,412,770",
01/31/2018,China Minsheng Banking Corp Ltd,7.55,"3,188,978,340",
02/28/2018,China Minsheng Banking Corp Ltd,7.075,"2,427,105,384",
03/30/2018,China Minsheng Banking Corp Ltd,6.6583333333,"1,356,427,165",
04/30/2018,China Minsheng Banking Corp Ltd,6.4333333333,"1,163,921,114",
05/31/2018,China Minsheng Banking Corp Ltd,6.3833333333,"1,193,826,457",
06/29/2018,China Minsheng Banking Corp Ltd,5.8333333333,"1,106,020,756",
07/31/2018,China Minsheng Banking Corp Ltd,6.08,"1,259,377,715",
08/31/2018,China Minsheng Banking Corp Ltd,5.97,"1,137,739,627",
09/28/2018,China Minsheng Banking Corp Ltd,6.34,"1,309,148,078",
10/31/2018,China Minsheng Banking Corp Ltd,6.39,"1,839,000,009",
11/30/2018,China Minsheng Banking Corp Ltd,6.1,"1,268,006,597",
12/31/2018,China Minsheng Banking Corp Ltd,5.73,"1,379,005,478",
01/31/2019,China Minsheng Banking Corp Ltd,5.95,"1,474,720,951",
02/28/2019,China Minsheng Banking Corp Ltd,6.53,"2,505,049,799",
03/29/2019,China Minsheng Banking Corp Ltd,6.34,"3,009,830,206",
04/30/2019,China Minsheng Banking Corp Ltd,6.4,"3,471,674,249",
05/31/2019,China Minsheng Banking Corp Ltd,6.11,"2,182,311,586",
06/28/2019,China Minsheng Banking Corp Ltd,6.35,"1,472,262,276",
07/31/2019,China Minsheng Banking Corp Ltd,6.07,"1,351,772,882",
08/30/2019,China Minsheng Banking Corp Ltd,5.81,"1,259,281,646",
09/30/2019,China Minsheng Banking Corp Ltd,6.02,"1,278,897,244",
10/31/2019,China Minsheng Banking Corp Ltd,6.15,"1,636,571,990",
11/29/2019,China Minsheng Banking Corp Ltd,6.17,"1,165,398,673",
12/31/2019,China Minsheng Banking Corp Ltd,6.31,"1,191,143,384",
01/31/2020,China Minsheng Banking Corp Ltd,6.08,"1,753,507,639",
02/28/2020,China Minsheng Banking Corp Ltd,5.72,"1,768,901,536",
03/31/2020,China Minsheng Banking Corp Ltd,5.71,"2,038,744,571",
04/03/2020,China Minsheng Banking Corp Ltd,5.71,"205,511,841",
