,Spearman Correlation
Shares Mil,0.2606060606060606
Revenue_YOY,-0.41818181818181815
Operating_YOY,
Income_YOY,-0.5272727272727272
EPS_YOY,-0.4666666666666667
Return on Equity %,-0.006060606060606061
Return on Assets %,-0.06116465361813114
Net Margin %,-0.05471149893120581
Earnings Per Share CNY,0.28484848484848485
Book Value Per Share * CNY,0.21212121212121213
Free Cash Flow Per Share * CNY,0.34545454545454546
Payout Ratio % *,0.2857156055296303
Debt/Equity,0.28484848484848485
Current Ratio,
Quick Ratio,
Financial Leverage (Average),0.01818181818181818
Fixed Assets Turnover,-0.24848484848484848
Cash Conversion Cycle,
Payables Period,
Market Capital Mil,0.9515151515151515
Price/Earning Ratio,0.2606060606060606
Price/Book Ratio,0.23708316203522517
Price/FCF,0.3212121212121212
PEG Ratio,0.5151515151515151
Year End Price,1.0
