,Spearman Correlation
Shares Mil,0.3939393939393939
Revenue_YOY,-0.05454545454545454
Operating_YOY,
Income_YOY,-0.41818181818181815
EPS_YOY,-0.3696969696969697
Return on Equity %,-0.47878787878787876
Return on Assets %,-0.40729671426564323
Net Margin %,-0.5757575757575758
Earnings Per Share CNY,0.1280511609970119
Book Value Per Share * CNY,0.45454545454545453
Free Cash Flow Per Share * CNY,-0.41818181818181815
Payout Ratio % *,0.3212121212121212
Debt/Equity,0.3939393939393939
Current Ratio,
Quick Ratio,
Financial Leverage (Average),-0.5878787878787879
Fixed Assets Turnover,0.38181818181818183
Cash Conversion Cycle,
Payables Period,
Market Capital Mil,0.8424242424242424
Price/Earning Ratio,0.7841981513472833
Price/Book Ratio,-0.34545454545454546
Price/FCF,0.28484848484848485
PEG Ratio,-0.17575757575757575
Year End Price,1.0
