,Pearson Correlation
Shares Mil,0.44298979464090027
Revenue_YOY,-0.08196778888752133
Operating_YOY,
Income_YOY,-0.3167953315913304
EPS_YOY,-0.041424908250159855
Return on Equity %,-0.5747699485903502
Return on Assets %,-0.4488645788775486
Net Margin %,-0.644913603484724
Earnings Per Share CNY,0.15112348621107174
Book Value Per Share * CNY,0.6008072972543476
Free Cash Flow Per Share * CNY,-0.41341008771443827
Payout Ratio % *,0.5440555001157995
Debt/Equity,0.4023885622422229
Current Ratio,
Quick Ratio,
Financial Leverage (Average),-0.5537652138147052
Fixed Assets Turnover,0.38650234910540426
Cash Conversion Cycle,
Payables Period,
Market Capital Mil,0.8330857340661997
Price/Earning Ratio,0.5731072687672342
Price/Book Ratio,-0.37470695933926873
Price/FCF,0.35981184922726106
PEG Ratio,0.06725064362335516
Year End Price,1.0
