﻿Date,Name,Price,Volume
08/31/2010,China Everbright Bank Co Ltd,3.4,"3,620,151,664",
09/30/2010,China Everbright Bank Co Ltd,3.46,"2,232,289,436",
10/29/2010,China Everbright Bank Co Ltd,4.32,"3,981,372,552",
11/30/2010,China Everbright Bank Co Ltd,3.83,"4,145,313,760",
12/31/2010,China Everbright Bank Co Ltd,3.96,"3,660,417,228",
01/31/2011,China Everbright Bank Co Ltd,3.89,"3,292,814,760",
02/28/2011,China Everbright Bank Co Ltd,3.86,"2,024,916,576",
03/31/2011,China Everbright Bank Co Ltd,3.83,"2,975,665,580",
04/29/2011,China Everbright Bank Co Ltd,3.82,"2,920,739,636",
05/31/2011,China Everbright Bank Co Ltd,3.54,"1,243,429,516",
06/30/2011,China Everbright Bank Co Ltd,3.35,"1,048,459,404",
07/29/2011,China Everbright Bank Co Ltd,3.26,"1,245,276,256",
08/31/2011,China Everbright Bank Co Ltd,3.08,"1,392,645,484",
09/30/2011,China Everbright Bank Co Ltd,2.95,"753,546,334",
10/31/2011,China Everbright Bank Co Ltd,3.01,"925,600,576",
11/30/2011,China Everbright Bank Co Ltd,2.82,"855,727,262",
12/30/2011,China Everbright Bank Co Ltd,2.88,"857,335,208",
01/31/2012,China Everbright Bank Co Ltd,3,"1,211,991,850",
02/29/2012,China Everbright Bank Co Ltd,3.08,"1,030,457,352",
03/30/2012,China Everbright Bank Co Ltd,2.85,"857,610,350",
04/30/2012,China Everbright Bank Co Ltd,3.03,"881,584,942",
05/31/2012,China Everbright Bank Co Ltd,2.88,"1,105,416,054",
06/29/2012,China Everbright Bank Co Ltd,2.84,"518,025,954",
07/31/2012,China Everbright Bank Co Ltd,2.78,"562,148,653",
08/31/2012,China Everbright Bank Co Ltd,2.77,"507,721,593",
09/28/2012,China Everbright Bank Co Ltd,2.66,"566,390,010",
10/31/2012,China Everbright Bank Co Ltd,2.67,"599,989,414",
11/30/2012,China Everbright Bank Co Ltd,2.58,"1,391,379,964",
12/31/2012,China Everbright Bank Co Ltd,3.05,"3,231,110,396",
01/31/2013,China Everbright Bank Co Ltd,3.48,"5,287,779,504",
02/28/2013,China Everbright Bank Co Ltd,3.43,"4,299,217,840",
03/29/2013,China Everbright Bank Co Ltd,3.22,"2,895,917,056",
04/30/2013,China Everbright Bank Co Ltd,3,"1,403,764,660",
05/31/2013,China Everbright Bank Co Ltd,3.13,"1,695,117,504",
06/28/2013,China Everbright Bank Co Ltd,2.89,"1,762,543,132",
07/31/2013,China Everbright Bank Co Ltd,2.66,"1,496,224,416",
08/30/2013,China Everbright Bank Co Ltd,2.71,"1,594,269,780",
09/30/2013,China Everbright Bank Co Ltd,2.85,"2,851,835,808",
10/31/2013,China Everbright Bank Co Ltd,2.85,"1,496,795,932",
11/29/2013,China Everbright Bank Co Ltd,2.85,"1,393,907,412",
12/31/2013,China Everbright Bank Co Ltd,2.66,"1,660,371,212",
01/31/2014,China Everbright Bank Co Ltd,2.49,"1,445,250,136",
02/28/2014,China Everbright Bank Co Ltd,2.45,"2,827,542,265",
03/31/2014,China Everbright Bank Co Ltd,2.48,"2,756,331,789",
04/30/2014,China Everbright Bank Co Ltd,2.46,"2,022,817,793",
05/30/2014,China Everbright Bank Co Ltd,2.47,"1,222,954,299",
06/30/2014,China Everbright Bank Co Ltd,2.54,"1,587,857,617",
07/31/2014,China Everbright Bank Co Ltd,2.62,"2,560,609,948",
08/29/2014,China Everbright Bank Co Ltd,2.67,"2,867,540,434",
09/30/2014,China Everbright Bank Co Ltd,2.77,"2,808,248,926",
10/31/2014,China Everbright Bank Co Ltd,2.98,"3,469,453,548",
11/28/2014,China Everbright Bank Co Ltd,3.8,"8,936,289,589",
12/31/2014,China Everbright Bank Co Ltd,4.88,"26,242,109,286",
01/30/2015,China Everbright Bank Co Ltd,4.17,"14,065,688,406",
02/27/2015,China Everbright Bank Co Ltd,4.11,"5,002,480,724",
03/31/2015,China Everbright Bank Co Ltd,4.73,"14,745,391,966",
04/30/2015,China Everbright Bank Co Ltd,5.55,"19,944,232,552",
05/29/2015,China Everbright Bank Co Ltd,5.17,"12,426,458,546",
06/30/2015,China Everbright Bank Co Ltd,5.36,"21,651,068,343",
07/31/2015,China Everbright Bank Co Ltd,4.54,"15,311,466,894",
08/31/2015,China Everbright Bank Co Ltd,4.21,"5,479,723,811",
09/30/2015,China Everbright Bank Co Ltd,3.88,"5,030,162,124",
10/30/2015,China Everbright Bank Co Ltd,4.11,"2,426,302,916",
11/30/2015,China Everbright Bank Co Ltd,4.33,"4,764,823,119",
12/31/2015,China Everbright Bank Co Ltd,4.24,"3,870,749,626",
01/29/2016,China Everbright Bank Co Ltd,3.57,"2,243,154,416",
02/29/2016,China Everbright Bank Co Ltd,3.4,"1,732,257,210",
03/31/2016,China Everbright Bank Co Ltd,3.75,"3,053,549,263",
04/29/2016,China Everbright Bank Co Ltd,3.65,"1,560,161,557",
05/31/2016,China Everbright Bank Co Ltd,3.71,"1,250,439,440",
06/30/2016,China Everbright Bank Co Ltd,3.76,"1,205,227,628",
07/29/2016,China Everbright Bank Co Ltd,3.84,"1,670,180,580",
08/31/2016,China Everbright Bank Co Ltd,3.93,"1,968,251,993",
09/30/2016,China Everbright Bank Co Ltd,3.79,"1,201,023,928",
10/31/2016,China Everbright Bank Co Ltd,3.81,"1,121,255,723",
11/30/2016,China Everbright Bank Co Ltd,4.09,"2,438,313,638",
12/30/2016,China Everbright Bank Co Ltd,3.91,"2,251,670,762",
01/31/2017,China Everbright Bank Co Ltd,4.08,"1,420,169,918",
02/28/2017,China Everbright Bank Co Ltd,4.14,"1,204,510,714",
03/31/2017,China Everbright Bank Co Ltd,4.11,"2,145,017,487",
04/28/2017,China Everbright Bank Co Ltd,3.86,"1,669,431,025",
05/31/2017,China Everbright Bank Co Ltd,3.99,"2,141,393,573",
06/30/2017,China Everbright Bank Co Ltd,4.05,"2,123,948,480",
07/31/2017,China Everbright Bank Co Ltd,4.23,"3,550,916,514",
08/31/2017,China Everbright Bank Co Ltd,4.2,"3,019,639,208",
09/29/2017,China Everbright Bank Co Ltd,4.05,"1,890,068,808",
10/31/2017,China Everbright Bank Co Ltd,4.04,"1,946,318,535",
11/30/2017,China Everbright Bank Co Ltd,4.18,"3,267,597,831",
12/29/2017,China Everbright Bank Co Ltd,4.05,"1,966,582,576",
01/31/2018,China Everbright Bank Co Ltd,4.67,"6,601,827,449",
02/28/2018,China Everbright Bank Co Ltd,4.31,"4,662,108,320",
03/30/2018,China Everbright Bank Co Ltd,4.08,"2,104,956,681",
04/30/2018,China Everbright Bank Co Ltd,4.04,"1,594,145,584",
05/31/2018,China Everbright Bank Co Ltd,3.97,"1,308,428,916",
06/29/2018,China Everbright Bank Co Ltd,3.66,"1,577,970,473",
07/31/2018,China Everbright Bank Co Ltd,3.67,"1,622,143,155",
08/31/2018,China Everbright Bank Co Ltd,3.73,"1,258,862,656",
09/28/2018,China Everbright Bank Co Ltd,3.91,"1,354,324,928",
10/31/2018,China Everbright Bank Co Ltd,4.01,"1,881,123,269",
11/30/2018,China Everbright Bank Co Ltd,3.85,"1,231,910,532",
12/31/2018,China Everbright Bank Co Ltd,3.7,"1,019,815,073",
01/31/2019,China Everbright Bank Co Ltd,4.09,"1,458,722,972",
02/28/2019,China Everbright Bank Co Ltd,4.23,"2,186,140,186",
03/29/2019,China Everbright Bank Co Ltd,4.1,"2,935,177,720",
04/30/2019,China Everbright Bank Co Ltd,4.17,"3,652,342,609",
05/31/2019,China Everbright Bank Co Ltd,3.84,"2,092,541,089",
06/28/2019,China Everbright Bank Co Ltd,3.81,"1,608,181,718",
07/31/2019,China Everbright Bank Co Ltd,3.93,"1,502,523,187",
08/30/2019,China Everbright Bank Co Ltd,3.76,"2,004,288,453",
09/30/2019,China Everbright Bank Co Ltd,3.94,"2,035,749,857",
10/31/2019,China Everbright Bank Co Ltd,4.34,"3,230,552,218",
11/29/2019,China Everbright Bank Co Ltd,4.13,"2,116,561,538",
12/31/2019,China Everbright Bank Co Ltd,4.41,"1,801,982,030",
01/31/2020,China Everbright Bank Co Ltd,4.02,"2,906,341,437",
02/28/2020,China Everbright Bank Co Ltd,3.78,"2,393,814,146",
03/31/2020,China Everbright Bank Co Ltd,3.61,"2,487,423,045",
04/03/2020,China Everbright Bank Co Ltd,3.59,"223,870,549",
