,Kendal Correlation
Shares Mil,0.24444444444444444
Revenue_YOY,-0.022222222222222223
Operating_YOY,
Income_YOY,-0.28888888888888886
EPS_YOY,-0.15555555555555553
Return on Equity %,-0.24444444444444444
Return on Assets %,-0.22473328748774735
Net Margin %,-0.4222222222222222
Earnings Per Share CNY,0.11366572324507891
Book Value Per Share * CNY,0.28888888888888886
Free Cash Flow Per Share * CNY,-0.28888888888888886
Payout Ratio % *,0.19999999999999998
Debt/Equity,0.24444444444444444
Current Ratio,
Quick Ratio,
Financial Leverage (Average),-0.37777777777777777
Fixed Assets Turnover,0.24444444444444444
Cash Conversion Cycle,
Payables Period,
Market Capital Mil,0.6888888888888888
Price/Earning Ratio,0.6292532049656926
Price/Book Ratio,-0.19999999999999998
Price/FCF,0.19999999999999998
PEG Ratio,-0.24444444444444444
Year End Price,1.0
