,Pearson Correlation
Shares Mil,0.3786703034223883
Revenue_YOY,-0.7488357440453378
Operating_YOY,-0.43301194634120865
Income_YOY,-0.5359605969833307
EPS_YOY,-0.5756602106736064
Return on Equity %,0.4890869711936529
Return on Assets %,-0.7631538862371008
Net Margin %,0.5850976754668271
Earnings Per Share CNY,0.8260238067289238
Book Value Per Share * CNY,0.8624174882151378
Free Cash Flow Per Share * CNY,0.34253154771940786
Payout Ratio % *,0.7131474762341202
Debt/Equity,0.689304503428586
Current Ratio,-0.43841276440983734
Quick Ratio,-0.10223215640311374
Financial Leverage (Average),0.7409226024856789
Fixed Assets Turnover,-0.535770982702724
Cash Conversion Cycle,0.4946945104058147
Payables Period,0.8862274657080945
Market Capital Mil,0.9898642536272475
Price/Earning Ratio,0.02997381039194114
Price/Book Ratio,0.4120750830731506
Price/FCF,-0.285338880285605
PEG Ratio,0.803043107759877
Year End Price,1.0
