,Spearman Correlation
Shares Mil,0.503030303030303
Revenue_YOY,-0.8666666666666667
Operating_YOY,-0.3333333333333333
Income_YOY,-0.7818181818181819
EPS_YOY,-0.7212121212121212
Return on Equity %,0.3404271044608361
Return on Assets %,-0.8693049274624923
Net Margin %,0.6242424242424243
Earnings Per Share CNY,0.7696969696969697
Book Value Per Share * CNY,0.7841981513472833
Free Cash Flow Per Share * CNY,0.28484848484848485
Payout Ratio % *,0.7090909090909091
Debt/Equity,0.7073302226501609
Current Ratio,-0.42683720332337294
Quick Ratio,-0.006060606060606061
Financial Leverage (Average),0.696969696969697
Fixed Assets Turnover,-0.7454545454545455
Cash Conversion Cycle,0.3090909090909091
Payables Period,0.8181818181818182
Market Capital Mil,0.9878787878787879
Price/Earning Ratio,0.3333333333333333
Price/Book Ratio,0.5393939393939394
Price/FCF,-0.2
PEG Ratio,0.8303030303030303
Year End Price,1.0
