,Kendal Correlation
Shares Mil,0.28888888888888886
Revenue_YOY,-0.6888888888888888
Operating_YOY,-0.24444444444444444
Income_YOY,-0.6
EPS_YOY,-0.5555555555555555
Return on Equity %,0.26967994498529685
Return on Assets %,-0.7191465199607915
Net Margin %,0.4222222222222222
Earnings Per Share CNY,0.5555555555555555
Book Value Per Share * CNY,0.5843065474681431
Free Cash Flow Per Share * CNY,0.28888888888888886
Payout Ratio % *,0.5111111111111111
Debt/Equity,0.522862326927363
Current Ratio,-0.29553088043720516
Quick Ratio,-0.022222222222222223
Financial Leverage (Average),0.4666666666666666
Fixed Assets Turnover,-0.6
Cash Conversion Cycle,0.19999999999999998
Payables Period,0.6444444444444444
Market Capital Mil,0.9555555555555554
Price/Earning Ratio,0.19999999999999998
Price/Book Ratio,0.3333333333333333
Price/FCF,-0.19999999999999998
PEG Ratio,0.6888888888888888
Year End Price,1.0
