﻿Date,Name,Price,Volume
07/31/2009,China State Construction Engineering Corp Ltd,4.8928571429,"1,494,680,679",
08/31/2009,China State Construction Engineering Corp Ltd,3.5714285714,"8,165,018,016",
09/30/2009,China State Construction Engineering Corp Ltd,3.3142857143,"4,874,328,568",
10/30/2009,China State Construction Engineering Corp Ltd,3.4071428571,"5,170,080,784",
11/30/2009,China State Construction Engineering Corp Ltd,3.4928571429,"9,867,224,704",
12/31/2009,China State Construction Engineering Corp Ltd,3.3714285714,"7,260,123,776",
01/29/2010,China State Construction Engineering Corp Ltd,3.0428571429,"4,246,702,432",
02/26/2010,China State Construction Engineering Corp Ltd,3.1071428571,"2,390,505,576",
03/31/2010,China State Construction Engineering Corp Ltd,3.1,"2,767,073,776",
04/30/2010,China State Construction Engineering Corp Ltd,2.8142857143,"3,030,865,088",
05/31/2010,China State Construction Engineering Corp Ltd,2.5642857143,"2,415,785,232",
06/30/2010,China State Construction Engineering Corp Ltd,2.5071428571,"1,828,211,832",
07/30/2010,China State Construction Engineering Corp Ltd,2.7357142857,"2,578,996,920",
08/31/2010,China State Construction Engineering Corp Ltd,2.5642857143,"2,296,935,532",
09/30/2010,China State Construction Engineering Corp Ltd,2.4714285714,"1,624,596,896",
10/29/2010,China State Construction Engineering Corp Ltd,2.6071428571,"4,157,315,528",
11/30/2010,China State Construction Engineering Corp Ltd,2.45,"3,062,681,708",
12/31/2010,China State Construction Engineering Corp Ltd,2.4428571429,"2,040,777,068",
01/31/2011,China State Construction Engineering Corp Ltd,2.6785714286,"2,802,133,476",
02/28/2011,China State Construction Engineering Corp Ltd,2.6142857143,"2,388,910,072",
03/31/2011,China State Construction Engineering Corp Ltd,2.6428571429,"2,451,690,132",
04/29/2011,China State Construction Engineering Corp Ltd,2.85,"3,887,771,328",
05/31/2011,China State Construction Engineering Corp Ltd,2.6785714286,"1,761,611,852",
06/30/2011,China State Construction Engineering Corp Ltd,2.8785714286,"2,200,103,544",
07/29/2011,China State Construction Engineering Corp Ltd,2.6,"1,976,929,904",
08/31/2011,China State Construction Engineering Corp Ltd,2.5,"1,606,914,992",
09/30/2011,China State Construction Engineering Corp Ltd,2.4142857143,"982,036,408",
10/31/2011,China State Construction Engineering Corp Ltd,2.3928571429,"1,412,839,312",
11/30/2011,China State Construction Engineering Corp Ltd,2.1857142857,"1,211,287,948",
12/30/2011,China State Construction Engineering Corp Ltd,2.0785714286,"1,109,844,642",
01/31/2012,China State Construction Engineering Corp Ltd,2.1928571429,"2,092,076,956",
02/29/2012,China State Construction Engineering Corp Ltd,2.3357142857,"2,029,500,152",
03/30/2012,China State Construction Engineering Corp Ltd,2.1785714286,"1,523,146,786",
04/30/2012,China State Construction Engineering Corp Ltd,2.4142857143,"1,684,472,952",
05/31/2012,China State Construction Engineering Corp Ltd,2.4,"1,429,850,080",
06/29/2012,China State Construction Engineering Corp Ltd,2.3857142857,"1,126,232,004",
07/31/2012,China State Construction Engineering Corp Ltd,2.2285714286,"1,003,911,370",
08/31/2012,China State Construction Engineering Corp Ltd,2.1642857143,"813,093,237",
09/28/2012,China State Construction Engineering Corp Ltd,2.1928571429,"1,037,148,368",
10/31/2012,China State Construction Engineering Corp Ltd,2.1714285714,"1,195,153,088",
11/30/2012,China State Construction Engineering Corp Ltd,2.2285714286,"1,015,842,892",
12/31/2012,China State Construction Engineering Corp Ltd,2.7857142857,"3,105,210,268",
01/31/2013,China State Construction Engineering Corp Ltd,2.6071428571,"3,377,691,344",
02/28/2013,China State Construction Engineering Corp Ltd,2.7785714286,"3,956,522,444",
03/29/2013,China State Construction Engineering Corp Ltd,2.4071428571,"2,145,676,452",
04/30/2013,China State Construction Engineering Corp Ltd,2.4571428571,"1,816,573,404",
05/31/2013,China State Construction Engineering Corp Ltd,2.6928571429,"2,416,477,844",
06/28/2013,China State Construction Engineering Corp Ltd,2.3357142857,"1,945,279,592",
07/31/2013,China State Construction Engineering Corp Ltd,2.2928571429,"1,896,021,200",
08/30/2013,China State Construction Engineering Corp Ltd,2.2928571429,"1,973,055,632",
09/30/2013,China State Construction Engineering Corp Ltd,2.3,"2,093,867,436",
10/31/2013,China State Construction Engineering Corp Ltd,2.3571428571,"1,518,682,372",
11/29/2013,China State Construction Engineering Corp Ltd,2.3428571429,"1,448,754,272",
12/31/2013,China State Construction Engineering Corp Ltd,2.2428571429,"2,184,784,860",
01/31/2014,China State Construction Engineering Corp Ltd,2.1357142857,"1,530,789,393",
02/28/2014,China State Construction Engineering Corp Ltd,2.0142857143,"1,901,276,249",
03/31/2014,China State Construction Engineering Corp Ltd,2.0785714286,"2,195,304,431",
04/30/2014,China State Construction Engineering Corp Ltd,2.1428571429,"2,701,713,344",
05/30/2014,China State Construction Engineering Corp Ltd,2.1571428571,"1,382,902,683",
06/30/2014,China State Construction Engineering Corp Ltd,2.0142857143,"1,104,941,521",
07/31/2014,China State Construction Engineering Corp Ltd,2.2428571429,"3,079,682,207",
08/29/2014,China State Construction Engineering Corp Ltd,2.2428571429,"1,982,143,788",
09/30/2014,China State Construction Engineering Corp Ltd,2.4214285714,"3,436,773,773",
10/31/2014,China State Construction Engineering Corp Ltd,2.4857142857,"3,821,903,249",
11/28/2014,China State Construction Engineering Corp Ltd,2.9857142857,"10,989,180,845",
12/31/2014,China State Construction Engineering Corp Ltd,5.2,"28,495,855,783",
01/30/2015,China State Construction Engineering Corp Ltd,4.2,"15,318,971,743",
02/27/2015,China State Construction Engineering Corp Ltd,4.5785714286,"7,639,950,419",
03/31/2015,China State Construction Engineering Corp Ltd,5.4785714286,"16,094,198,544",
04/30/2015,China State Construction Engineering Corp Ltd,7.7857142857,"27,952,809,441",
05/29/2015,China State Construction Engineering Corp Ltd,6.65,"25,026,332,022",
06/30/2015,China State Construction Engineering Corp Ltd,5.9357142857,"18,116,196,272",
07/31/2015,China State Construction Engineering Corp Ltd,4.9714285714,"17,476,805,018",
08/31/2015,China State Construction Engineering Corp Ltd,4.3785714286,"8,766,095,234",
09/30/2015,China State Construction Engineering Corp Ltd,4.1285714286,"6,358,519,555",
10/30/2015,China State Construction Engineering Corp Ltd,4.4357142857,"3,868,516,453",
11/30/2015,China State Construction Engineering Corp Ltd,4.4285714286,"7,707,256,651",
12/31/2015,China State Construction Engineering Corp Ltd,4.5285714286,"4,721,198,463",
01/29/2016,China State Construction Engineering Corp Ltd,3.6642857143,"3,258,988,631",
02/29/2016,China State Construction Engineering Corp Ltd,3.6642857143,"2,467,727,138",
03/31/2016,China State Construction Engineering Corp Ltd,4.0714285714,"4,011,262,726",
04/29/2016,China State Construction Engineering Corp Ltd,3.9357142857,"1,898,120,183",
05/31/2016,China State Construction Engineering Corp Ltd,3.9214285714,"1,564,645,641",
06/30/2016,China State Construction Engineering Corp Ltd,3.8,"1,363,856,892",
07/29/2016,China State Construction Engineering Corp Ltd,4.0714285714,"2,205,157,343",
08/31/2016,China State Construction Engineering Corp Ltd,4.5714285714,"3,844,505,984",
09/30/2016,China State Construction Engineering Corp Ltd,4.4071428571,"2,014,787,321",
10/31/2016,China State Construction Engineering Corp Ltd,5.1285714286,"5,001,022,198",
11/30/2016,China State Construction Engineering Corp Ltd,7.8642857143,"16,287,720,533",
12/30/2016,China State Construction Engineering Corp Ltd,6.3285714286,"14,247,198,770",
01/31/2017,China State Construction Engineering Corp Ltd,6.3857142857,"4,934,239,331",
02/28/2017,China State Construction Engineering Corp Ltd,6.3214285714,"4,870,007,073",
03/31/2017,China State Construction Engineering Corp Ltd,6.5714285714,"6,857,046,523",
04/28/2017,China State Construction Engineering Corp Ltd,6.6857142857,"8,398,420,908",
05/31/2017,China State Construction Engineering Corp Ltd,6.75,"5,364,827,612",
06/30/2017,China State Construction Engineering Corp Ltd,6.9142857143,"3,751,588,676",
07/31/2017,China State Construction Engineering Corp Ltd,7.35,"5,759,620,913",
08/31/2017,China State Construction Engineering Corp Ltd,7.1357142857,"4,560,723,011",
09/29/2017,China State Construction Engineering Corp Ltd,6.6285714286,"3,888,766,509",
10/31/2017,China State Construction Engineering Corp Ltd,6.7857142857,"2,935,640,170",
11/30/2017,China State Construction Engineering Corp Ltd,6.8928571429,"5,927,523,817",
12/29/2017,China State Construction Engineering Corp Ltd,6.4428571429,"2,573,448,646",
01/31/2018,China State Construction Engineering Corp Ltd,7.2285714286,"8,878,423,583",
02/28/2018,China State Construction Engineering Corp Ltd,6.5071428571,"5,060,637,308",
03/30/2018,China State Construction Engineering Corp Ltd,6.1857142857,"2,359,643,615",
04/30/2018,China State Construction Engineering Corp Ltd,5.9928571429,"1,584,994,348",
05/31/2018,China State Construction Engineering Corp Ltd,5.8785714286,"1,359,713,550",
06/29/2018,China State Construction Engineering Corp Ltd,5.46,"1,597,518,145",
07/31/2018,China State Construction Engineering Corp Ltd,5.8,"2,526,339,418",
08/31/2018,China State Construction Engineering Corp Ltd,5.4,"2,371,863,393",
09/28/2018,China State Construction Engineering Corp Ltd,5.49,"1,875,158,189",
10/31/2018,China State Construction Engineering Corp Ltd,5.38,"2,444,718,151",
11/30/2018,China State Construction Engineering Corp Ltd,5.77,"2,113,742,528",
12/31/2018,China State Construction Engineering Corp Ltd,5.7,"3,534,265,634",
01/31/2019,China State Construction Engineering Corp Ltd,6.12,"1,903,723,487",
02/28/2019,China State Construction Engineering Corp Ltd,6.15,"4,033,812,281",
03/29/2019,China State Construction Engineering Corp Ltd,6.12,"6,420,341,641",
04/30/2019,China State Construction Engineering Corp Ltd,6.13,"6,406,658,678",
05/31/2019,China State Construction Engineering Corp Ltd,5.61,"2,757,310,099",
06/28/2019,China State Construction Engineering Corp Ltd,5.75,"1,821,993,090",
07/31/2019,China State Construction Engineering Corp Ltd,5.89,"1,843,797,594",
08/30/2019,China State Construction Engineering Corp Ltd,5.47,"1,655,527,819",
09/30/2019,China State Construction Engineering Corp Ltd,5.43,"2,066,393,348",
10/31/2019,China State Construction Engineering Corp Ltd,5.24,"2,421,401,329",
11/29/2019,China State Construction Engineering Corp Ltd,5.11,"3,377,019,966",
12/31/2019,China State Construction Engineering Corp Ltd,5.62,"2,862,262,275",
01/31/2020,China State Construction Engineering Corp Ltd,5.47,"5,006,569,877",
02/28/2020,China State Construction Engineering Corp Ltd,5.37,"5,183,567,137",
03/31/2020,China State Construction Engineering Corp Ltd,5.27,"6,013,277,532",
04/03/2020,China State Construction Engineering Corp Ltd,5.24,"263,451,172",
