,Pearson Correlation
Shares Mil,0.2916913369895363
Revenue_YOY,0.6280478826898834
Income_YOY,0.6557227163516738
EPS_YOY,0.6711612525205328
Return on Equity %,0.5680369262854706
Return on Assets %,0.10736642745469384
Net Margin %,0.43514339540348634
Earnings Per Share CNY,0.5863364808576312
Book Value Per Share * CNY,0.35864485233776455
Free Cash Flow Per Share * CNY,0.08619361877662116
Payout Ratio % *,-0.5484705537073964
Debt/Equity,0.4101631276894861
Financial Leverage (Average),0.675871530855931
Fixed Assets Turnover,0.48268154959537624
Market Capital Mil,0.9578013311708692
Price/Earning Ratio,0.16301547241989126
Price/Book Ratio,0.25997439425843316
Price/FCF,-0.1504641818047499
PEG Ratio,0.3263469395917022
Year End Price,1.0
