﻿Date,Name,Price,Volume
02/28/1994,Haitong Securities Co Ltd,0.8566697324,"20,736,000",
03/31/1994,Haitong Securities Co Ltd,0.8178771407,"47,712,000",
04/29/1994,Haitong Securities Co Ltd,0.6524698402,"8,182,700",
05/31/1994,Haitong Securities Co Ltd,0.6406165483,"9,489,600",
06/30/1994,Haitong Securities Co Ltd,0.557643505,"3,135,600",
07/29/1994,Haitong Securities Co Ltd,0.3017201573,"3,347,300",
08/31/1994,Haitong Securities Co Ltd,0.7004217938,"28,572,200",
09/30/1994,Haitong Securities Co Ltd,0.7262835215,"29,427,700",
10/31/1994,Haitong Securities Co Ltd,0.5915870227,"18,476,600",
11/30/1994,Haitong Securities Co Ltd,0.6352286883,"7,342,400",
12/30/1994,Haitong Securities Co Ltd,0.6384614043,"7,270,300",
01/31/1995,Haitong Securities Co Ltd,0.559259863,"1,584,100",
02/28/1995,Haitong Securities Co Ltd,0.5721907269,"2,954,000",
03/31/1995,Haitong Securities Co Ltd,0.7214344476,"10,603,400",
04/28/1995,Haitong Securities Co Ltd,0.6616292021,"6,543,900",
05/31/1995,Haitong Securities Co Ltd,0.9509572815,"18,876,000",
06/30/1995,Haitong Securities Co Ltd,0.9308602846,"8,696,300",
07/31/1995,Haitong Securities Co Ltd,0.9329615494,"7,522,000",
08/31/1995,Haitong Securities Co Ltd,0.854514332,"3,727,600",
09/29/1995,Haitong Securities Co Ltd,0.7879742816,"1,098,900",
10/31/1995,Haitong Securities Co Ltd,0.7564553103,"1,041,300",
11/30/1995,Haitong Securities Co Ltd,0.7249363391,"340,680",
12/29/1995,Haitong Securities Co Ltd,0.6198731015,"239,400",
01/31/1996,Haitong Securities Co Ltd,0.5778478065,"1,476,960",
02/29/1996,Haitong Securities Co Ltd,0.5911558166,"1,117,400",
03/29/1996,Haitong Securities Co Ltd,0.6051642483,"775,100",
04/30/1996,Haitong Securities Co Ltd,0.7634595262,"5,664,700",
05/31/1996,Haitong Securities Co Ltd,0.615670572,"2,273,600",
06/28/1996,Haitong Securities Co Ltd,0.5848520223,"4,199,400",
07/31/1996,Haitong Securities Co Ltd,0.5561347374,"3,529,200",
08/30/1996,Haitong Securities Co Ltd,0.5008014323,"2,829,000",
09/30/1996,Haitong Securities Co Ltd,0.5043035402,"2,503,600",
10/31/1996,Haitong Securities Co Ltd,0.5463288352,"6,304,900",
11/29/1996,Haitong Securities Co Ltd,0.5673414827,"3,024,000",
12/31/1996,Haitong Securities Co Ltd,0.4825904711,"11,647,800",
01/31/1997,Haitong Securities Co Ltd,0.5330208251,"3,400,316",
02/28/1997,Haitong Securities Co Ltd,0.6934173678,"21,511,082",
03/31/1997,Haitong Securities Co Ltd,0.7970797622,"27,982,963",
04/30/1997,Haitong Securities Co Ltd,0.7004215836,"28,177,496",
05/30/1997,Haitong Securities Co Ltd,0.4468689704,"17,348,766",
06/30/1997,Haitong Securities Co Ltd,0.4615778236,"10,733,588",
07/31/1997,Haitong Securities Co Ltd,0.4594765589,"5,189,418",
08/29/1997,Haitong Securities Co Ltd,0.5337212467,"12,882,792",
09/30/1997,Haitong Securities Co Ltd,0.5519322079,"20,494,129",
10/31/1997,Haitong Securities Co Ltd,0.5050039618,"12,293,054",
11/28/1997,Haitong Securities Co Ltd,0.4720841474,"3,949,576",
12/31/1997,Haitong Securities Co Ltd,0.514809864,"4,840,406",
01/30/1998,Haitong Securities Co Ltd,0.4987001675,"5,374,007",
02/27/1998,Haitong Securities Co Ltd,0.5393246194,"6,111,784",
03/31/1998,Haitong Securities Co Ltd,0.6163709936,"14,197,411",
04/30/1998,Haitong Securities Co Ltd,0.6871135735,"27,985,923",
05/29/1998,Haitong Securities Co Ltd,0.7410460355,"8,848,698",
06/30/1998,Haitong Securities Co Ltd,0.8566155968,"7,390,055",
07/31/1998,Haitong Securities Co Ltd,0.8440080083,"7,155,164",
08/31/1998,Haitong Securities Co Ltd,0.5379237762,"6,972,075",
09/30/1998,Haitong Securities Co Ltd,0.514809864,"37,354,610",
10/30/1998,Haitong Securities Co Ltd,0.5673414827,"23,746,219",
11/30/1998,Haitong Securities Co Ltd,0.5617381101,"14,624,225",
12/31/1998,Haitong Securities Co Ltd,0.3137888695,"24,708,755",
01/29/1999,Haitong Securities Co Ltd,0.3088859184,"10,674,713",
02/26/1999,Haitong Securities Co Ltd,0.2661602018,"8,486,716",
03/31/1999,Haitong Securities Co Ltd,0.3628183803,"21,368,901",
04/30/1999,Haitong Securities Co Ltd,0.3214935069,"12,188,728",
05/31/1999,Haitong Securities Co Ltd,0.3789280767,"11,108,476",
06/30/1999,Haitong Securities Co Ltd,0.4139491559,"18,178,861",
07/30/1999,Haitong Securities Co Ltd,0.3719238609,"7,695,752",
08/31/1999,Haitong Securities Co Ltd,0.452472343,"3,824,820",
09/30/1999,Haitong Securities Co Ltd,0.4496706567,"3,399,370",
10/29/1999,Haitong Securities Co Ltd,0.3992403027,"2,017,000",
11/30/1999,Haitong Securities Co Ltd,0.4244554797,"2,410,700",
12/31/1999,Haitong Securities Co Ltd,0.3782276552,"1,697,000",
01/31/2000,Haitong Securities Co Ltd,0.3193922421,"2,496,700",
02/29/2000,Haitong Securities Co Ltd,0.2878732709,"3,724,100",
03/31/2000,Haitong Securities Co Ltd,0.3467086839,"5,728,815",
04/28/2000,Haitong Securities Co Ltd,0.3383036249,"18,633,700",
05/31/2000,Haitong Securities Co Ltd,0.2899745356,"11,073,300",
06/30/2000,Haitong Securities Co Ltd,0.2542530349,"12,500,655",
07/31/2000,Haitong Securities Co Ltd,0.3088859184,"6,319,870",
08/31/2000,Haitong Securities Co Ltd,0.3502107918,"8,688,345",
09/29/2000,Haitong Securities Co Ltd,0.3523120566,"7,288,600",
10/31/2000,Haitong Securities Co Ltd,0.4076453617,"6,060,112",
11/30/2000,Haitong Securities Co Ltd,0.4958984812,"8,615,248",
12/29/2000,Haitong Securities Co Ltd,0.5533330511,"7,088,450",
01/31/2001,Haitong Securities Co Ltd,0.4769870984,"9,649,030",
02/28/2001,Haitong Securities Co Ltd,0.2661602018,"7,833,700",
03/30/2001,Haitong Securities Co Ltd,0.3207930853,"9,897,750",
04/30/2001,Haitong Securities Co Ltd,0.3537128997,"20,834,274",
05/31/2001,Haitong Securities Co Ltd,0.3537128997,"29,789,531",
06/29/2001,Haitong Securities Co Ltd,0.3537128997,"27,199,137",
07/31/2001,Haitong Securities Co Ltd,0.4300588523,"5,314,741",
08/31/2001,Haitong Securities Co Ltd,0.523214923,"537,361",
09/28/2001,Haitong Securities Co Ltd,0.6352823763,"1,505,326",
10/31/2001,Haitong Securities Co Ltd,0.7354426628,"3,791,690",
11/30/2001,Haitong Securities Co Ltd,0.9392653436,"5,024,758",
12/31/2001,Haitong Securities Co Ltd,1.0002020214,"8,568,630",
01/31/2002,Haitong Securities Co Ltd,1.0296197279,"24,995,337",
02/28/2002,Haitong Securities Co Ltd,1.1353833871,"10,391,800",
03/29/2002,Haitong Securities Co Ltd,1.1353833871,"10,458,546",
04/30/2002,Haitong Securities Co Ltd,1.3735267255,"9,994,825",
05/31/2002,Haitong Securities Co Ltd,1.428159609,"23,626,300",
06/28/2002,Haitong Securities Co Ltd,1.4439897144,"10,917,075",
07/31/2002,Haitong Securities Co Ltd,1.453235283,"6,858,575",
08/30/2002,Haitong Securities Co Ltd,1.453235283,"5,027,689",
09/30/2002,Haitong Securities Co Ltd,1.389356809,"2,624,873",
10/31/2002,Haitong Securities Co Ltd,1.3086682103,"2,905,723",
11/29/2002,Haitong Securities Co Ltd,1.1943593621,"3,519,720",
12/31/2002,Haitong Securities Co Ltd,1.3439694722,"6,033,987",
01/31/2003,Haitong Securities Co Ltd,1.4540757892,"4,836,231",
02/28/2003,Haitong Securities Co Ltd,1.5961213432,"4,255,688",
03/31/2003,Haitong Securities Co Ltd,1.64150868,"5,886,180",
04/30/2003,Haitong Securities Co Ltd,1.6129314679,"6,936,185",
05/30/2003,Haitong Securities Co Ltd,1.5994833682,"2,542,321",
06/30/2003,Haitong Securities Co Ltd,1.4742479389,"2,446,228",
07/31/2003,Haitong Securities Co Ltd,1.5330833755,"8,155,798",
08/29/2003,Haitong Securities Co Ltd,1.4692049015,"3,259,625",
09/30/2003,Haitong Securities Co Ltd,1.3532150408,"2,170,910",
10/31/2003,Haitong Securities Co Ltd,1.2876555544,"1,694,454",
11/28/2003,Haitong Securities Co Ltd,1.3011036542,"5,284,727",
12/31/2003,Haitong Securities Co Ltd,1.3078277041,"15,832,748",
01/30/2004,Haitong Securities Co Ltd,1.5129112258,"20,339,463",
02/27/2004,Haitong Securities Co Ltd,1.6910985479,"22,003,780",
03/31/2004,Haitong Securities Co Ltd,1.8810529574,"21,776,677",
04/30/2004,Haitong Securities Co Ltd,2.000404843,"55,343,310",
05/31/2004,Haitong Securities Co Ltd,1.8457516955,"10,469,641",
06/30/2004,Haitong Securities Co Ltd,1.5519107152,"12,820,350",
07/30/2004,Haitong Securities Co Ltd,1.7025294328,"13,302,452",
08/31/2004,Haitong Securities Co Ltd,1.6675643733,"6,637,911",
09/30/2004,Haitong Securities Co Ltd,1.7912868913,"20,897,460",
10/29/2004,Haitong Securities Co Ltd,2.0225942076,"38,596,035",
11/30/2004,Haitong Securities Co Ltd,2.1543855855,"20,744,345",
12/31/2004,Haitong Securities Co Ltd,1.9499744688,"7,313,235",
01/31/2005,Haitong Securities Co Ltd,1.8665962501,"11,380,182",
02/28/2005,Haitong Securities Co Ltd,2.1516959656,"31,202,295",
03/31/2005,Haitong Securities Co Ltd,2.0172149677,"24,845,487",
04/29/2005,Haitong Securities Co Ltd,1.7321152523,"27,521,320",
05/31/2005,Haitong Securities Co Ltd,1.6003238744,"12,673,582",
06/30/2005,Haitong Securities Co Ltd,1.7751489941,"53,057,798",
07/29/2005,Haitong Securities Co Ltd,1.7426045959,"20,326,549",
08/31/2005,Haitong Securities Co Ltd,2.1538474462,"47,672,432",
09/30/2005,Haitong Securities Co Ltd,2.0059183633,"31,303,058",
10/31/2005,Haitong Securities Co Ltd,2.0502970882,"8,159,467",
11/30/2005,Haitong Securities Co Ltd,2.119231405,"34,288",
12/30/2005,Haitong Securities Co Ltd,2.24615452,"2,341,430",
01/31/2006,Haitong Securities Co Ltd,2.196154505,"66,935",
02/28/2006,Haitong Securities Co Ltd,2.111539095,"41,025",
03/31/2006,Haitong Securities Co Ltd,2.373077635,"115,434",
04/28/2006,Haitong Securities Co Ltd,2.20769297,"87,794",
05/31/2006,Haitong Securities Co Ltd,2.396154565,"14,017,544",
06/30/2006,Haitong Securities Co Ltd,3.3,"152,187",
07/31/2006,Haitong Securities Co Ltd,2.95,"18,519,712",
08/31/2006,Haitong Securities Co Ltd,3.01,"85,487",
09/29/2006,Haitong Securities Co Ltd,2.815,"61,308",
10/31/2006,Haitong Securities Co Ltd,2.9,"3,697,528",
11/30/2006,Haitong Securities Co Ltd,2.9,"121,770",
12/29/2006,Haitong Securities Co Ltd,2.9,"116,235",
01/31/2007,Haitong Securities Co Ltd,10.005,"48,650",
02/28/2007,Haitong Securities Co Ltd,11.725,"35,608,777",
03/30/2007,Haitong Securities Co Ltd,12.185,"26,718,185",
04/30/2007,Haitong Securities Co Ltd,23.555,"16,099,408",
05/31/2007,Haitong Securities Co Ltd,20.635,"8,363,980",
06/29/2007,Haitong Securities Co Ltd,20.005,"10,900,111",
07/31/2007,Haitong Securities Co Ltd,25.825,"9,976,658",
08/31/2007,Haitong Securities Co Ltd,24.9,"5,007,880",
09/28/2007,Haitong Securities Co Ltd,25.02,"2,481,214",
10/31/2007,Haitong Securities Co Ltd,31.905,"37,270,473",
11/30/2007,Haitong Securities Co Ltd,25.98,"1,582,447",
12/31/2007,Haitong Securities Co Ltd,27.305,"9,040,397",
01/31/2008,Haitong Securities Co Ltd,22.92,"69,332",
02/29/2008,Haitong Securities Co Ltd,21.265,"28,375",
03/31/2008,Haitong Securities Co Ltd,15.765,"30,133",
04/30/2008,Haitong Securities Co Ltd,25.995,"4,824,954",
05/30/2008,Haitong Securities Co Ltd,24.57,"301,716",
06/30/2008,Haitong Securities Co Ltd,24.98,"646,990",
07/31/2008,Haitong Securities Co Ltd,22.69,"451,490",
08/29/2008,Haitong Securities Co Ltd,17.07,"281,404",
09/30/2008,Haitong Securities Co Ltd,21.52,"452,660",
10/31/2008,Haitong Securities Co Ltd,18.44,"879,174",
11/28/2008,Haitong Securities Co Ltd,8.44,"1,590,481",
12/31/2008,Haitong Securities Co Ltd,8.11,"3,059,253",
01/30/2009,Haitong Securities Co Ltd,11.46,"294,536,832",
02/27/2009,Haitong Securities Co Ltd,11.24,"958,541,622",
03/31/2009,Haitong Securities Co Ltd,14,"5,101,715,784",
04/30/2009,Haitong Securities Co Ltd,12.79,"4,109,168,824",
05/29/2009,Haitong Securities Co Ltd,14.15,"3,527,579,720",
06/30/2009,Haitong Securities Co Ltd,16.37,"3,594,433,432",
07/31/2009,Haitong Securities Co Ltd,18.92,"4,008,485,576",
08/31/2009,Haitong Securities Co Ltd,12.81,"2,094,523,352",
09/30/2009,Haitong Securities Co Ltd,13.19,"1,639,245,856",
10/30/2009,Haitong Securities Co Ltd,14.15,"1,630,772,020",
11/30/2009,Haitong Securities Co Ltd,16.06,"2,344,293,600",
12/31/2009,Haitong Securities Co Ltd,19.19,"3,446,563,400",
01/29/2010,Haitong Securities Co Ltd,16.99,"2,816,339,912",
02/26/2010,Haitong Securities Co Ltd,17.07,"1,320,395,232",
03/31/2010,Haitong Securities Co Ltd,16.9,"1,514,936,292",
04/30/2010,Haitong Securities Co Ltd,13.43,"1,641,580,980",
05/31/2010,Haitong Securities Co Ltd,10.64,"1,408,886,300",
06/30/2010,Haitong Securities Co Ltd,9.06,"980,024,022",
07/30/2010,Haitong Securities Co Ltd,10.19,"1,452,759,360",
08/31/2010,Haitong Securities Co Ltd,9.62,"1,371,010,460",
09/30/2010,Haitong Securities Co Ltd,9,"924,118,940",
10/29/2010,Haitong Securities Co Ltd,12.44,"3,367,647,160",
11/30/2010,Haitong Securities Co Ltd,9.77,"2,145,872,196",
12/31/2010,Haitong Securities Co Ltd,9.64,"1,254,233,808",
01/31/2011,Haitong Securities Co Ltd,9.44,"759,705,280",
02/28/2011,Haitong Securities Co Ltd,10.42,"1,144,863,806",
03/31/2011,Haitong Securities Co Ltd,10.05,"1,505,324,754",
04/29/2011,Haitong Securities Co Ltd,9.72,"1,013,004,996",
05/31/2011,Haitong Securities Co Ltd,9.06,"1,054,936,008",
06/30/2011,Haitong Securities Co Ltd,9.02,"851,063,108",
07/29/2011,Haitong Securities Co Ltd,8.52,"660,317,635",
08/31/2011,Haitong Securities Co Ltd,8.05,"782,037,570",
09/30/2011,Haitong Securities Co Ltd,7.91,"873,821,402",
10/31/2011,Haitong Securities Co Ltd,9.1,"1,727,631,628",
11/30/2011,Haitong Securities Co Ltd,7.91,"1,478,786,320",
12/30/2011,Haitong Securities Co Ltd,7.41,"913,526,802",
01/31/2012,Haitong Securities Co Ltd,8.36,"1,312,700,194",
02/29/2012,Haitong Securities Co Ltd,8.96,"1,405,961,184",
03/30/2012,Haitong Securities Co Ltd,9.01,"1,389,550,686",
04/30/2012,Haitong Securities Co Ltd,9.89,"2,219,764,312",
05/31/2012,Haitong Securities Co Ltd,10.45,"1,827,705,320",
06/29/2012,Haitong Securities Co Ltd,9.63,"1,090,109,322",
07/31/2012,Haitong Securities Co Ltd,9.57,"920,954,672",
08/31/2012,Haitong Securities Co Ltd,8.26,"997,654,806",
09/28/2012,Haitong Securities Co Ltd,9.58,"1,002,669,198",
10/31/2012,Haitong Securities Co Ltd,8.9,"1,140,611,004",
11/30/2012,Haitong Securities Co Ltd,7.91,"775,164,831",
12/31/2012,Haitong Securities Co Ltd,10.25,"1,490,239,344",
01/31/2013,Haitong Securities Co Ltd,11.9,"2,126,158,464",
02/28/2013,Haitong Securities Co Ltd,12.51,"2,845,644,600",
03/29/2013,Haitong Securities Co Ltd,10.11,"2,761,029,960",
04/30/2013,Haitong Securities Co Ltd,10.71,"2,031,483,172",
05/31/2013,Haitong Securities Co Ltd,12.11,"2,629,013,632",
06/28/2013,Haitong Securities Co Ltd,9.38,"2,480,646,304",
07/31/2013,Haitong Securities Co Ltd,10.52,"2,871,223,280",
08/30/2013,Haitong Securities Co Ltd,11.58,"3,684,358,072",
09/30/2013,Haitong Securities Co Ltd,12.51,"4,018,725,824",
10/31/2013,Haitong Securities Co Ltd,11.67,"2,749,019,800",
11/29/2013,Haitong Securities Co Ltd,11.76,"3,001,802,560",
12/31/2013,Haitong Securities Co Ltd,11.32,"2,152,686,064",
01/31/2014,Haitong Securities Co Ltd,10.29,"1,333,683,758",
02/28/2014,Haitong Securities Co Ltd,9.59,"1,472,053,932",
03/31/2014,Haitong Securities Co Ltd,9.24,"1,452,888,743",
04/30/2014,Haitong Securities Co Ltd,9.35,"1,605,310,508",
05/30/2014,Haitong Securities Co Ltd,9.24,"1,049,243,921",
06/30/2014,Haitong Securities Co Ltd,9.15,"857,920,569",
07/31/2014,Haitong Securities Co Ltd,10.04,"1,638,126,565",
08/29/2014,Haitong Securities Co Ltd,9.82,"1,607,154,046",
09/30/2014,Haitong Securities Co Ltd,10.32,"1,974,273,723",
10/31/2014,Haitong Securities Co Ltd,10.64,"2,193,427,961",
11/28/2014,Haitong Securities Co Ltd,14.46,"6,665,766,821",
12/31/2014,Haitong Securities Co Ltd,24.06,"14,302,488,523",
01/30/2015,Haitong Securities Co Ltd,19.87,"8,511,274,348",
02/27/2015,Haitong Securities Co Ltd,21.76,"4,485,142,898",
03/31/2015,Haitong Securities Co Ltd,23.41,"5,811,325,472",
04/30/2015,Haitong Securities Co Ltd,28.61,"10,352,942,651",
05/29/2015,Haitong Securities Co Ltd,25.76,"6,755,535,547",
06/30/2015,Haitong Securities Co Ltd,21.8,"5,727,448,494",
07/31/2015,Haitong Securities Co Ltd,17.2,"6,784,464,296",
08/31/2015,Haitong Securities Co Ltd,12.15,"4,389,010,683",
09/30/2015,Haitong Securities Co Ltd,12.75,"3,555,607,606",
10/30/2015,Haitong Securities Co Ltd,14.84,"2,192,135,707",
11/30/2015,Haitong Securities Co Ltd,15.22,"4,033,122,691",
12/31/2015,Haitong Securities Co Ltd,15.82,"2,449,707,862",
01/29/2016,Haitong Securities Co Ltd,12.11,"1,772,765,576",
02/29/2016,Haitong Securities Co Ltd,12.4,"1,187,128,109",
03/31/2016,Haitong Securities Co Ltd,14.29,"2,438,573,522",
04/29/2016,Haitong Securities Co Ltd,15.03,"1,593,043,899",
05/31/2016,Haitong Securities Co Ltd,15.85,"820,013,000",
06/30/2016,Haitong Securities Co Ltd,15.42,"623,245,767",
07/29/2016,Haitong Securities Co Ltd,15.26,"604,703,290",
08/31/2016,Haitong Securities Co Ltd,15.84,"550,973,667",
09/30/2016,Haitong Securities Co Ltd,15.91,"480,323,940",
10/31/2016,Haitong Securities Co Ltd,16.28,"314,401,964",
11/30/2016,Haitong Securities Co Ltd,16.76,"667,345,226",
12/30/2016,Haitong Securities Co Ltd,15.75,"537,608,802",
01/31/2017,Haitong Securities Co Ltd,16.23,"391,106,051",
02/28/2017,Haitong Securities Co Ltd,15.67,"503,398,546",
03/31/2017,Haitong Securities Co Ltd,14.6,"587,506,872",
04/28/2017,Haitong Securities Co Ltd,14.85,"478,378,230",
05/31/2017,Haitong Securities Co Ltd,15.3,"760,090,099",
06/30/2017,Haitong Securities Co Ltd,14.85,"555,526,767",
07/31/2017,Haitong Securities Co Ltd,14.87,"695,110,132",
08/31/2017,Haitong Securities Co Ltd,15.29,"905,741,064",
09/29/2017,Haitong Securities Co Ltd,14.78,"679,511,520",
10/31/2017,Haitong Securities Co Ltd,14.48,"559,456,367",
11/30/2017,Haitong Securities Co Ltd,14.29,"746,660,595",
12/29/2017,Haitong Securities Co Ltd,12.87,"562,140,923",
01/31/2018,Haitong Securities Co Ltd,13.84,"893,918,644",
02/28/2018,Haitong Securities Co Ltd,12.1,"636,981,932",
03/30/2018,Haitong Securities Co Ltd,11.5,"618,482,628",
04/30/2018,Haitong Securities Co Ltd,11.41,"683,072,342",
05/31/2018,Haitong Securities Co Ltd,10.48,"688,940,575",
06/29/2018,Haitong Securities Co Ltd,9.47,"997,222,948",
07/31/2018,Haitong Securities Co Ltd,9.47,"837,639,548",
08/31/2018,Haitong Securities Co Ltd,8.57,"825,285,472",
09/28/2018,Haitong Securities Co Ltd,8.96,"651,559,076",
10/31/2018,Haitong Securities Co Ltd,9.42,"1,665,102,899",
11/30/2018,Haitong Securities Co Ltd,9.44,"1,665,149,761",
12/31/2018,Haitong Securities Co Ltd,8.8,"835,169,790",
01/31/2019,Haitong Securities Co Ltd,10.08,"1,120,895,408",
02/28/2019,Haitong Securities Co Ltd,12.71,"2,104,873,170",
03/29/2019,Haitong Securities Co Ltd,14.03,"4,397,568,382",
04/30/2019,Haitong Securities Co Ltd,13.98,"3,727,845,318",
05/31/2019,Haitong Securities Co Ltd,12.1,"1,922,983,850",
06/28/2019,Haitong Securities Co Ltd,14.19,"1,990,068,942",
07/31/2019,Haitong Securities Co Ltd,13.86,"1,368,659,026",
08/30/2019,Haitong Securities Co Ltd,13.66,"1,198,271,537",
09/30/2019,Haitong Securities Co Ltd,14.3,"2,769,319,083",
10/31/2019,Haitong Securities Co Ltd,14.1,"1,556,208,375",
11/29/2019,Haitong Securities Co Ltd,13.74,"1,060,472,328",
12/31/2019,Haitong Securities Co Ltd,15.46,"1,786,975,163",
01/31/2020,Haitong Securities Co Ltd,14.55,"1,876,625,391",
02/28/2020,Haitong Securities Co Ltd,14.21,"2,339,872,872",
03/31/2020,Haitong Securities Co Ltd,12.84,"2,028,044,526",
04/03/2020,Haitong Securities Co Ltd,12.89,"115,243,951",
