,Kendal Correlation
Shares Mil,0.28888888888888886
Revenue_YOY,0.5555555555555555
Income_YOY,0.5111111111111111
EPS_YOY,0.5555555555555555
Return on Equity %,0.5111111111111111
Return on Assets %,0.04494665749754947
Net Margin %,0.24444444444444444
Earnings Per Share CNY,0.5843065474681431
Book Value Per Share * CNY,0.24444444444444444
Free Cash Flow Per Share * CNY,0.1111111111111111
Payout Ratio % *,-0.28888888888888886
Debt/Equity,0.28888888888888886
Financial Leverage (Average),0.6888888888888888
Fixed Assets Turnover,0.5555555555555555
Market Capital Mil,0.8222222222222221
Price/Earning Ratio,0.022222222222222223
Price/Book Ratio,0.1111111111111111
Price/FCF,0.24444444444444444
PEG Ratio,0.37777777777777777
Year End Price,1.0
