,Spearman Correlation
Shares Mil,0.38181818181818183
Revenue_YOY,0.6242424242424243
Income_YOY,0.6
EPS_YOY,0.6121212121212121
Return on Equity %,0.6727272727272727
Return on Assets %,0.18237166310401937
Net Margin %,0.3575757575757576
Earnings Per Share CNY,0.7781190959104827
Book Value Per Share * CNY,0.3696969696969697
Free Cash Flow Per Share * CNY,0.18787878787878787
Payout Ratio % *,-0.47878787878787876
Debt/Equity,0.3575757575757576
Financial Leverage (Average),0.8181818181818182
Fixed Assets Turnover,0.6848484848484848
Market Capital Mil,0.9272727272727272
Price/Earning Ratio,-0.030303030303030304
Price/Book Ratio,0.06666666666666667
Price/FCF,0.2606060606060606
PEG Ratio,0.5878787878787879
Year End Price,1.0
