,Kendal Correlation
Shares Mil,-0.10846522890932808
Revenue_YOY,0.28888888888888886
Operating_YOY,0.19999999999999998
Income_YOY,0.19999999999999998
EPS_YOY,0.19999999999999998
Return on Equity %,-0.15555555555555553
Return on Assets %,-0.3333333333333333
Net Margin %,-0.15555555555555553
Earnings Per Share CNY,0.6888888888888888
Book Value Per Share * CNY,0.6741998624632421
Free Cash Flow Per Share * CNY,0.6888888888888888
Payout Ratio % *,0.3333333333333333
Debt/Equity,
Current Ratio,-0.19999999999999998
Quick Ratio,0.06666666666666667
Financial Leverage (Average),0.5111111111111111
Fixed Assets Turnover,-0.022222222222222223
Cash Conversion Cycle,0.2857142857142857
Payables Period,0.15555555555555553
Market Capital Mil,0.9999999999999999
Price/Earning Ratio,0.06666666666666667
Price/Book Ratio,0.022222222222222223
Price/FCF,-0.28888888888888886
PEG Ratio,-0.13483997249264842
Year End Price,1.0
