﻿Date,Name,Price,Volume
08/31/2001,Kweichow Moutai Co Ltd,8.9122328021,"66,046,308",
09/28/2001,Kweichow Moutai Co Ltd,8.931497288,"30,555,014",
10/31/2001,Kweichow Moutai Co Ltd,8.4402528969,"33,158,801",
11/30/2001,Kweichow Moutai Co Ltd,8.5100866584,"9,855,117",
12/31/2001,Kweichow Moutai Co Ltd,9.2830741562,"24,935,155",
01/31/2002,Kweichow Moutai Co Ltd,9.0543083858,"54,248,754",
02/28/2002,Kweichow Moutai Co Ltd,9.1506308155,"24,785,316",
03/29/2002,Kweichow Moutai Co Ltd,8.9724343206,"24,567,842",
04/30/2002,Kweichow Moutai Co Ltd,8.7171798821,"11,310,450",
05/31/2002,Kweichow Moutai Co Ltd,8.4161722895,"8,233,138",
06/28/2002,Kweichow Moutai Co Ltd,8.9170489236,"18,758,620",
07/31/2002,Kweichow Moutai Co Ltd,8.296250035,"8,124,758",
08/30/2002,Kweichow Moutai Co Ltd,8.0710963782,"4,705,857",
09/30/2002,Kweichow Moutai Co Ltd,7.4645059382,"6,564,683",
10/31/2002,Kweichow Moutai Co Ltd,6.9108928293,"4,819,749",
11/29/2002,Kweichow Moutai Co Ltd,6.9612212937,"5,951,906",
12/31/2002,Kweichow Moutai Co Ltd,6.7440142366,"7,850,452",
01/31/2003,Kweichow Moutai Co Ltd,7.1201532867,"8,016,291",
02/28/2003,Kweichow Moutai Co Ltd,7.0989623543,"3,852,684",
03/31/2003,Kweichow Moutai Co Ltd,6.9002973631,"6,686,009",
04/30/2003,Kweichow Moutai Co Ltd,6.6724948397,"19,963,439",
05/30/2003,Kweichow Moutai Co Ltd,6.924137162,"22,426,189",
06/30/2003,Kweichow Moutai Co Ltd,6.6115709091,"7,703,766",
07/31/2003,Kweichow Moutai Co Ltd,6.7453379953,"9,982,597",
08/29/2003,Kweichow Moutai Co Ltd,6.2674825175,"4,228,925",
09/30/2003,Kweichow Moutai Co Ltd,6.1888111888,"6,043,367",
10/31/2003,Kweichow Moutai Co Ltd,6.5238927739,"5,322,369",
11/28/2003,Kweichow Moutai Co Ltd,6.6958041958,"9,646,122",
12/31/2003,Kweichow Moutai Co Ltd,7.4009324009,"15,306,850",
01/30/2004,Kweichow Moutai Co Ltd,8.1934731935,"19,378,234",
02/27/2004,Kweichow Moutai Co Ltd,8.2750582751,"15,143,494",
03/31/2004,Kweichow Moutai Co Ltd,10.2097902098,"30,940,755",
04/30/2004,Kweichow Moutai Co Ltd,10.9061771562,"27,087,176",
05/31/2004,Kweichow Moutai Co Ltd,10.7459207459,"15,748,640",
06/30/2004,Kweichow Moutai Co Ltd,9.8630536131,"14,148,204",
07/30/2004,Kweichow Moutai Co Ltd,11.3901480981,"18,862,331",
08/31/2004,Kweichow Moutai Co Ltd,11.0492391095,"7,770,383",
09/30/2004,Kweichow Moutai Co Ltd,13.6249959125,"18,564,326",
10/29/2004,Kweichow Moutai Co Ltd,14.7575713303,"19,156,248",
11/30/2004,Kweichow Moutai Co Ltd,14.0340866989,"14,154,730",
12/31/2004,Kweichow Moutai Co Ltd,13.8787837152,"9,646,035",
01/31/2005,Kweichow Moutai Co Ltd,14.9090864364,"7,672,445",
02/28/2005,Kweichow Moutai Co Ltd,16.4772677841,"11,334,554",
03/31/2005,Kweichow Moutai Co Ltd,18.2234793814,"13,858,886",
04/29/2005,Kweichow Moutai Co Ltd,20.075751553,"13,130,358",
05/31/2005,Kweichow Moutai Co Ltd,16.8825706928,"17,000,793",
06/30/2005,Kweichow Moutai Co Ltd,20.3219636004,"16,306,319",
07/29/2005,Kweichow Moutai Co Ltd,20.1363575955,"9,544,495",
08/31/2005,Kweichow Moutai Co Ltd,22.20909313,"14,597,866",
09/30/2005,Kweichow Moutai Co Ltd,22.48182043,"6,711,879",
10/31/2005,Kweichow Moutai Co Ltd,21.904547645,"12,994",
11/30/2005,Kweichow Moutai Co Ltd,19.88182017,"11,001",
12/30/2005,Kweichow Moutai Co Ltd,20.73636571,"1,054,149",
01/31/2006,Kweichow Moutai Co Ltd,21.47272942,"867,233",
02/28/2006,Kweichow Moutai Co Ltd,28.304548285,"32,254",
03/31/2006,Kweichow Moutai Co Ltd,28.304548285,"26,979",
04/28/2006,Kweichow Moutai Co Ltd,41.550004155,"44,434",
05/31/2006,Kweichow Moutai Co Ltd,43.65454982,"8,192,054",
06/30/2006,Kweichow Moutai Co Ltd,43.12727704,"118,058",
07/31/2006,Kweichow Moutai Co Ltd,40.000004,"4,244,603",
08/31/2006,Kweichow Moutai Co Ltd,41.11818593,"28,069",
09/29/2006,Kweichow Moutai Co Ltd,43.11818613,"38,067",
10/31/2006,Kweichow Moutai Co Ltd,49.08182309,"2,460,532",
11/30/2006,Kweichow Moutai Co Ltd,61.59091525,"1,331,713",
12/29/2006,Kweichow Moutai Co Ltd,79.84546253,"66,121",
01/31/2007,Kweichow Moutai Co Ltd,93.84546393,"2,916,267",
02/28/2007,Kweichow Moutai Co Ltd,79.67273524,"44,197",
03/30/2007,Kweichow Moutai Co Ltd,85.9090995,"5,932,896",
04/30/2007,Kweichow Moutai Co Ltd,86.74546322,"3,874,343",
05/31/2007,Kweichow Moutai Co Ltd,92.70000927,"36,765,349",
06/29/2007,Kweichow Moutai Co Ltd,108.80001088,"4,989,187",
07/31/2007,Kweichow Moutai Co Ltd,117.3363844609,"2,296,006",
08/31/2007,Kweichow Moutai Co Ltd,145.39092363,"4,878,304",
09/28/2007,Kweichow Moutai Co Ltd,136.79092277,"8,006,856",
10/31/2007,Kweichow Moutai Co Ltd,173.64547191,"3,219,028",
11/30/2007,Kweichow Moutai Co Ltd,157.7182066809,"3,275,750",
12/31/2007,Kweichow Moutai Co Ltd,201.82729291,"5,528,015",
01/31/2008,Kweichow Moutai Co Ltd,187.30001873,"54,764",
02/29/2008,Kweichow Moutai Co Ltd,177.272745,"26,111",
03/31/2008,Kweichow Moutai Co Ltd,170.6454807009,"29,993",
04/30/2008,Kweichow Moutai Co Ltd,166.48183483,"6,160,292",
05/30/2008,Kweichow Moutai Co Ltd,152.85456074,"20,858",
06/30/2008,Kweichow Moutai Co Ltd,125.98183078,"23,223",
07/31/2008,Kweichow Moutai Co Ltd,145.35455999,"16,038",
08/29/2008,Kweichow Moutai Co Ltd,127.2636581809,"11,722",
09/30/2008,Kweichow Moutai Co Ltd,119.90001199,"38,971",
10/31/2008,Kweichow Moutai Co Ltd,83.8181902,"33,531",
11/28/2008,Kweichow Moutai Co Ltd,92.5454638,"41,683",
12/31/2008,Kweichow Moutai Co Ltd,98.8181917,"34,426",
01/30/2009,Kweichow Moutai Co Ltd,93.8181912,"5,546,817",
02/27/2009,Kweichow Moutai Co Ltd,107.66364713,"13,273,692",
03/31/2009,Kweichow Moutai Co Ltd,104.10001041,"59,867,978",
04/30/2009,Kweichow Moutai Co Ltd,105.65455602,"69,749,871",
05/29/2009,Kweichow Moutai Co Ltd,104.33637407,"54,367,928",
06/30/2009,Kweichow Moutai Co Ltd,133.636377,"73,754,939",
07/31/2009,Kweichow Moutai Co Ltd,136.36365,"70,169,911",
08/31/2009,Kweichow Moutai Co Ltd,136.4545591,"64,509,406",
09/30/2009,Kweichow Moutai Co Ltd,149.87274226,"44,696,302",
10/30/2009,Kweichow Moutai Co Ltd,143.28183251,"54,632,768",
11/30/2009,Kweichow Moutai Co Ltd,158.10001581,"65,246,430",
12/31/2009,Kweichow Moutai Co Ltd,154.3818427109,"61,273,310",
01/29/2010,Kweichow Moutai Co Ltd,153.21819714,"66,284,006",
02/26/2010,Kweichow Moutai Co Ltd,151.67274244,"31,125,970",
03/31/2010,Kweichow Moutai Co Ltd,144.32728716,"37,783,415",
04/30/2010,Kweichow Moutai Co Ltd,117.30001173,"129,273,051",
05/31/2010,Kweichow Moutai Co Ltd,119.89092108,"58,254,153",
06/30/2010,Kweichow Moutai Co Ltd,115.78182976,"44,999,792",
07/30/2010,Kweichow Moutai Co Ltd,126.06364897,"45,977,876",
08/31/2010,Kweichow Moutai Co Ltd,144.75455993,"56,601,943",
09/30/2010,Kweichow Moutai Co Ltd,153.39092443,"44,121,109",
10/29/2010,Kweichow Moutai Co Ltd,148.318,"81,707,936",
11/30/2010,Kweichow Moutai Co Ltd,186.19092771,"153,267,723",
12/31/2010,Kweichow Moutai Co Ltd,167.20001672,"102,408,044",
01/31/2011,Kweichow Moutai Co Ltd,161.8091161809,"71,925,266",
02/28/2011,Kweichow Moutai Co Ltd,162.43637988,"54,421,327",
03/31/2011,Kweichow Moutai Co Ltd,163.5000254409,"79,355,544",
04/29/2011,Kweichow Moutai Co Ltd,165.73638021,"61,726,207",
05/31/2011,Kweichow Moutai Co Ltd,185.2727458,"68,437,693",
06/30/2011,Kweichow Moutai Co Ltd,193.30001933,"61,031,024",
07/29/2011,Kweichow Moutai Co Ltd,206.69,"58,396,088",
08/31/2011,Kweichow Moutai Co Ltd,214.77,"67,521,978",
09/30/2011,Kweichow Moutai Co Ltd,190.59,"56,571,388",
10/31/2011,Kweichow Moutai Co Ltd,204.21001,"47,851,677",
11/30/2011,Kweichow Moutai Co Ltd,210.06,"58,411,759",
12/30/2011,Kweichow Moutai Co Ltd,193.3,"61,398,579",
01/31/2012,Kweichow Moutai Co Ltd,186.41,"71,039,445",
02/29/2012,Kweichow Moutai Co Ltd,204.46001,"49,569,171",
03/30/2012,Kweichow Moutai Co Ltd,196.96001,"76,948,729",
04/30/2012,Kweichow Moutai Co Ltd,224.56,"56,461,708",
05/31/2012,Kweichow Moutai Co Ltd,236.68,"73,488,371",
06/29/2012,Kweichow Moutai Co Ltd,239.15,"45,709,860",
07/31/2012,Kweichow Moutai Co Ltd,246.44,"68,858,093",
08/31/2012,Kweichow Moutai Co Ltd,219.76,"65,046,026",
09/28/2012,Kweichow Moutai Co Ltd,245.8,"57,643,260",
10/31/2012,Kweichow Moutai Co Ltd,247.34,"47,122,825",
11/30/2012,Kweichow Moutai Co Ltd,216.01,"54,566,271",
12/31/2012,Kweichow Moutai Co Ltd,209.02,"148,311,134",
01/31/2013,Kweichow Moutai Co Ltd,178.9,"144,582,292",
02/28/2013,Kweichow Moutai Co Ltd,175,"95,908,840",
03/29/2013,Kweichow Moutai Co Ltd,168.86,"98,547,136",
04/30/2013,Kweichow Moutai Co Ltd,173.99001,"71,996,832",
05/31/2013,Kweichow Moutai Co Ltd,197.1,"84,011,434",
06/28/2013,Kweichow Moutai Co Ltd,192.37,"65,813,239",
07/31/2013,Kweichow Moutai Co Ltd,168.5,"74,542,650",
08/30/2013,Kweichow Moutai Co Ltd,168.78,"53,128,513",
09/30/2013,Kweichow Moutai Co Ltd,135.94,"157,862,718",
10/31/2013,Kweichow Moutai Co Ltd,135.11,"102,926,802",
11/29/2013,Kweichow Moutai Co Ltd,141.44,"63,839,758",
12/31/2013,Kweichow Moutai Co Ltd,128.38,"60,583,836",
01/31/2014,Kweichow Moutai Co Ltd,132.2,"87,554,341",
02/28/2014,Kweichow Moutai Co Ltd,150.02,"75,868,372",
03/31/2014,Kweichow Moutai Co Ltd,154.7,"90,488,347",
04/30/2014,Kweichow Moutai Co Ltd,163.88,"73,325,683",
05/30/2014,Kweichow Moutai Co Ltd,153.22,"47,212,366",
06/30/2014,Kweichow Moutai Co Ltd,141.98,"39,462,003",
07/31/2014,Kweichow Moutai Co Ltd,160.27,"68,289,738",
08/29/2014,Kweichow Moutai Co Ltd,158.23,"54,453,031",
09/30/2014,Kweichow Moutai Co Ltd,162.13,"66,301,427",
10/31/2014,Kweichow Moutai Co Ltd,156.68,"69,515,948",
11/28/2014,Kweichow Moutai Co Ltd,155.84,"120,470,343",
12/31/2014,Kweichow Moutai Co Ltd,189.62,"180,656,201",
01/30/2015,Kweichow Moutai Co Ltd,177.18,"105,689,936",
02/27/2015,Kweichow Moutai Co Ltd,191.05,"83,457,730",
03/31/2015,Kweichow Moutai Co Ltd,195.96,"95,753,352",
04/30/2015,Kweichow Moutai Co Ltd,252.23,"197,256,954",
05/29/2015,Kweichow Moutai Co Ltd,263.83,"119,714,656",
06/30/2015,Kweichow Moutai Co Ltd,257.65,"181,177,176",
07/31/2015,Kweichow Moutai Co Ltd,206.83,"255,899,402",
08/31/2015,Kweichow Moutai Co Ltd,195.37,"126,991,221",
09/30/2015,Kweichow Moutai Co Ltd,190.31,"90,596,517",
10/30/2015,Kweichow Moutai Co Ltd,213.86,"47,551,281",
11/30/2015,Kweichow Moutai Co Ltd,214.31,"51,595,450",
12/31/2015,Kweichow Moutai Co Ltd,218.19,"51,472,372",
01/29/2016,Kweichow Moutai Co Ltd,200.65,"58,488,208",
02/29/2016,Kweichow Moutai Co Ltd,214.91,"46,021,692",
03/31/2016,Kweichow Moutai Co Ltd,247.64,"87,801,309",
04/29/2016,Kweichow Moutai Co Ltd,251.2,"66,601,689",
05/31/2016,Kweichow Moutai Co Ltd,264.47,"60,153,706",
06/30/2016,Kweichow Moutai Co Ltd,291.92,"61,899,216",
07/29/2016,Kweichow Moutai Co Ltd,313.15,"77,237,906",
08/31/2016,Kweichow Moutai Co Ltd,310.19,"68,824,151",
09/30/2016,Kweichow Moutai Co Ltd,297.91,"50,799,492",
10/31/2016,Kweichow Moutai Co Ltd,317.95,"56,151,868",
11/30/2016,Kweichow Moutai Co Ltd,319.08,"61,172,644",
12/30/2016,Kweichow Moutai Co Ltd,334.15,"69,383,563",
01/31/2017,Kweichow Moutai Co Ltd,344.42,"75,901,049",
02/28/2017,Kweichow Moutai Co Ltd,354.66,"57,299,137",
03/31/2017,Kweichow Moutai Co Ltd,386.36,"72,226,740",
04/28/2017,Kweichow Moutai Co Ltd,413.48,"78,770,767",
05/31/2017,Kweichow Moutai Co Ltd,442.94,"78,269,147",
06/30/2017,Kweichow Moutai Co Ltd,471.85,"73,868,877",
07/31/2017,Kweichow Moutai Co Ltd,481.22,"79,373,118",
08/31/2017,Kweichow Moutai Co Ltd,491.15,"61,250,554",
09/29/2017,Kweichow Moutai Co Ltd,517.64,"57,030,660",
10/31/2017,Kweichow Moutai Co Ltd,618.03,"77,944,453",
11/30/2017,Kweichow Moutai Co Ltd,631,"142,506,018",
12/29/2017,Kweichow Moutai Co Ltd,697.49,"106,488,528",
01/31/2018,Kweichow Moutai Co Ltd,764.54,"131,037,778",
02/28/2018,Kweichow Moutai Co Ltd,725.62,"111,544,390",
03/30/2018,Kweichow Moutai Co Ltd,683.62,"98,782,016",
04/30/2018,Kweichow Moutai Co Ltd,662.53,"86,233,178",
05/31/2018,Kweichow Moutai Co Ltd,751.13,"96,225,179",
06/29/2018,Kweichow Moutai Co Ltd,731.46,"90,700,767",
07/31/2018,Kweichow Moutai Co Ltd,726.44,"75,239,299",
08/31/2018,Kweichow Moutai Co Ltd,659.19,"87,358,113",
09/28/2018,Kweichow Moutai Co Ltd,730,"77,162,811",
10/31/2018,Kweichow Moutai Co Ltd,548.9,"149,459,036",
11/30/2018,Kweichow Moutai Co Ltd,565,"93,308,873",
12/31/2018,Kweichow Moutai Co Ltd,590.01,"69,474,383",
01/31/2019,Kweichow Moutai Co Ltd,689.6,"90,520,821",
02/28/2019,Kweichow Moutai Co Ltd,755.01,"79,193,377",
03/29/2019,Kweichow Moutai Co Ltd,853.99,"109,451,307",
04/30/2019,Kweichow Moutai Co Ltd,974,"105,152,091",
05/31/2019,Kweichow Moutai Co Ltd,890,"133,777,885",
06/28/2019,Kweichow Moutai Co Ltd,984,"86,140,425",
07/31/2019,Kweichow Moutai Co Ltd,972.6,"83,398,031",
08/30/2019,Kweichow Moutai Co Ltd,"1,142","85,249,029",
09/30/2019,Kweichow Moutai Co Ltd,"1,150","72,752,484",
10/31/2019,Kweichow Moutai Co Ltd,"1,180.01","69,329,055",
11/29/2019,Kweichow Moutai Co Ltd,"1,129","57,035,014",
12/31/2019,Kweichow Moutai Co Ltd,"1,183","59,679,279",
01/31/2020,Kweichow Moutai Co Ltd,"1,052.8","113,576,342",
02/28/2020,Kweichow Moutai Co Ltd,"1,057","84,368,612",
03/31/2020,Kweichow Moutai Co Ltd,"1,111","113,791,314",
04/03/2020,Kweichow Moutai Co Ltd,"1,139.79","10,602,857",
