,Pearson Correlation
Shares Mil,-0.046484844642583574
Revenue_YOY,0.37806824253061305
Operating_YOY,0.3695521326396422
Income_YOY,0.3897938049963125
EPS_YOY,0.38968669572010844
Return on Equity %,-0.16943798583325032
Return on Assets %,-0.3574826879929138
Net Margin %,-0.04864875217112435
Earnings Per Share CNY,0.8571186889085837
Book Value Per Share * CNY,0.8587334444873986
Free Cash Flow Per Share * CNY,0.7339351621674804
Payout Ratio % *,0.35031503477603537
Debt/Equity,
Current Ratio,-0.3045775781374825
Quick Ratio,0.281676106515915
Financial Leverage (Average),0.5617114153355636
Fixed Assets Turnover,0.23686230717326023
Cash Conversion Cycle,0.4150364661151802
Payables Period,0.0473536985404137
Market Capital Mil,0.9999999597325347
Price/Earning Ratio,0.0526183485698487
Price/Book Ratio,0.16936795026100493
Price/FCF,-0.19850044124416336
PEG Ratio,-0.31733129296252416
Year End Price,1.0
