,Spearman Correlation
Shares Mil,-0.1556997888323046
Revenue_YOY,0.41818181818181815
Operating_YOY,0.296969696969697
Income_YOY,0.296969696969697
EPS_YOY,0.296969696969697
Return on Equity %,-0.21212121212121213
Return on Assets %,-0.5393939393939394
Net Margin %,-0.16363636363636364
Earnings Per Share CNY,0.806060606060606
Book Value Per Share * CNY,0.8024353176576852
Free Cash Flow Per Share * CNY,0.8181818181818182
Payout Ratio % *,0.3696969696969697
Debt/Equity,
Current Ratio,-0.2606060606060606
Quick Ratio,0.17575757575757575
Financial Leverage (Average),0.6606060606060606
Fixed Assets Turnover,0.01818181818181818
Cash Conversion Cycle,0.40476190476190477
Payables Period,0.28484848484848485
Market Capital Mil,1.0
Price/Earning Ratio,0.07878787878787878
Price/Book Ratio,-0.01818181818181818
Price/FCF,-0.3090909090909091
PEG Ratio,-0.23100410659842452
Year End Price,1.0
