﻿Date,Name,Price,Volume
04/30/2002,China Merchants Bank Co Ltd,3.8956405629,"681,910,290",
05/31/2002,China Merchants Bank Co Ltd,3.3824424049,"250,185,840",
06/28/2002,China Merchants Bank Co Ltd,4.4904838824,"590,208,368",
07/31/2002,China Merchants Bank Co Ltd,4.1600153716,"696,347,175",
08/30/2002,China Merchants Bank Co Ltd,4.2027818847,"311,236,924",
09/30/2002,China Merchants Bank Co Ltd,3.9189677519,"149,171,650",
10/31/2002,China Merchants Bank Co Ltd,3.7206866454,"124,532,918",
11/29/2002,China Merchants Bank Co Ltd,3.5807235114,"155,896,883",
12/31/2002,China Merchants Bank Co Ltd,3.1647219742,"230,126,077",
01/31/2003,China Merchants Bank Co Ltd,3.8256589959,"540,177,348",
02/28/2003,China Merchants Bank Co Ltd,3.6623686729,"233,334,166",
03/31/2003,China Merchants Bank Co Ltd,3.9967250486,"353,220,353",
04/30/2003,China Merchants Bank Co Ltd,4.8054009339,"1,971,535,374",
05/30/2003,China Merchants Bank Co Ltd,4.7276436372,"1,190,854,751",
06/30/2003,China Merchants Bank Co Ltd,4.4010629912,"401,348,536",
07/31/2003,China Merchants Bank Co Ltd,4.404950856,"450,758,696",
08/29/2003,China Merchants Bank Co Ltd,3.9500706706,"187,557,972",
09/30/2003,China Merchants Bank Co Ltd,3.6468172136,"239,473,490",
10/31/2003,China Merchants Bank Co Ltd,3.7906682124,"232,911,131",
11/28/2003,China Merchants Bank Co Ltd,3.7129109157,"234,833,669",
12/31/2003,China Merchants Bank Co Ltd,4.2027818847,"798,663,371",
01/30/2004,China Merchants Bank Co Ltd,4.4632688285,"558,051,233",
02/27/2004,China Merchants Bank Co Ltd,4.3349692891,"767,564,168",
03/31/2004,China Merchants Bank Co Ltd,4.2572119924,"453,392,758",
04/30/2004,China Merchants Bank Co Ltd,4.2455483979,"474,509,846",
05/31/2004,China Merchants Bank Co Ltd,4.2362192168,"458,181,248",
06/30/2004,China Merchants Bank Co Ltd,3.9562928368,"314,403,231",
07/30/2004,China Merchants Bank Co Ltd,4.1755685011,"271,648,040",
08/31/2004,China Merchants Bank Co Ltd,4.3062008118,"295,807,362",
09/30/2004,China Merchants Bank Co Ltd,4.3668515274,"588,557,182",
10/29/2004,China Merchants Bank Co Ltd,4.1289141045,"377,497,315",
11/30/2004,China Merchants Bank Co Ltd,4.0542670698,"242,961,688",
12/31/2004,China Merchants Bank Co Ltd,3.8956421212,"181,646,305",
01/31/2005,China Merchants Bank Co Ltd,3.9562928368,"228,528,847",
02/28/2005,China Merchants Bank Co Ltd,4.0682633888,"513,007,244",
03/31/2005,China Merchants Bank Co Ltd,4.0356053111,"247,487,505",
04/29/2005,China Merchants Bank Co Ltd,4.3388588894,"394,341,115",
05/31/2005,China Merchants Bank Co Ltd,3.9656237161,"341,869,823",
06/30/2005,China Merchants Bank Co Ltd,4.240882536,"629,674,394",
07/29/2005,China Merchants Bank Co Ltd,4.702760832,"737,585,343",
08/31/2005,China Merchants Bank Co Ltd,4.7237553,"1,034,444,310",
09/30/2005,China Merchants Bank Co Ltd,4.401840124,"610,941,210",
10/31/2005,China Merchants Bank Co Ltd,4.394841968,"365,105",
11/30/2005,China Merchants Bank Co Ltd,4.492816152,"388,952",
12/30/2005,China Merchants Bank Co Ltd,4.604786648,"690,989",
01/31/2006,China Merchants Bank Co Ltd,5.374583808,"2,578,016",
02/28/2006,China Merchants Bank Co Ltd,5.0844,"2,824,394",
03/31/2006,China Merchants Bank Co Ltd,4.8868,"1,731,332",
04/28/2006,China Merchants Bank Co Ltd,5.4644,"2,163,343",
05/31/2006,China Merchants Bank Co Ltd,5.4948,"329,150,496",
06/30/2006,China Merchants Bank Co Ltd,5.8596,"1,447,674",
07/31/2006,China Merchants Bank Co Ltd,5.5936,"58,243,887",
08/31/2006,China Merchants Bank Co Ltd,6.5056,"900,562",
09/29/2006,China Merchants Bank Co Ltd,7.5544,"1,172,678",
10/31/2006,China Merchants Bank Co Ltd,7.9116,"65,208,018",
11/30/2006,China Merchants Bank Co Ltd,9.956,"158,869,028",
12/29/2006,China Merchants Bank Co Ltd,12.4336,"1,688,225",
01/31/2007,China Merchants Bank Co Ltd,13.0492,"96,454,039",
02/28/2007,China Merchants Bank Co Ltd,12.2284,"300,333,954",
03/30/2007,China Merchants Bank Co Ltd,13.2088,"235,192,262",
04/30/2007,China Merchants Bank Co Ltd,14.7972,"105,631,733",
05/31/2007,China Merchants Bank Co Ltd,16.5072,"628,304,322",
06/29/2007,China Merchants Bank Co Ltd,18.6808,"208,387,199",
07/31/2007,China Merchants Bank Co Ltd,22.6556,"96,375,741",
08/31/2007,China Merchants Bank Co Ltd,28.9028,"1,597,094",
09/28/2007,China Merchants Bank Co Ltd,29.0852,"110,591,841",
10/31/2007,China Merchants Bank Co Ltd,34.5572,"99,412,369",
11/30/2007,China Merchants Bank Co Ltd,29.83,"20,446,207",
12/31/2007,China Merchants Bank Co Ltd,28.956,"202,733,922",
01/31/2008,China Merchants Bank Co Ltd,24.7152,"35,125,680",
02/29/2008,China Merchants Bank Co Ltd,24.2972,"769,165",
03/31/2008,China Merchants Bank Co Ltd,24.4492,"926,542",
04/30/2008,China Merchants Bank Co Ltd,26.6076,"257,045,582",
05/30/2008,China Merchants Bank Co Ltd,22.5416,"845,260",
06/30/2008,China Merchants Bank Co Ltd,17.7992,"726,474",
07/31/2008,China Merchants Bank Co Ltd,17.9664,"937,791",
08/29/2008,China Merchants Bank Co Ltd,17.5408,"530,525",
09/30/2008,China Merchants Bank Co Ltd,13.3912,"1,304,416",
10/31/2008,China Merchants Bank Co Ltd,8.8844,"1,487,475",
11/28/2008,China Merchants Bank Co Ltd,8.8768,"1,826,833",
12/31/2008,China Merchants Bank Co Ltd,9.2416,"2,023,356",
01/30/2009,China Merchants Bank Co Ltd,10.2676,"155,721,406",
02/27/2009,China Merchants Bank Co Ltd,10.8452,"1,265,625,080",
03/31/2009,China Merchants Bank Co Ltd,12.1448,"3,986,491,632",
04/30/2009,China Merchants Bank Co Ltd,11.7344,"3,346,372,576",
05/29/2009,China Merchants Bank Co Ltd,12.8136,"2,810,931,796",
06/30/2009,China Merchants Bank Co Ltd,16.9176,"2,400,481,764",
07/31/2009,China Merchants Bank Co Ltd,19.61,"2,852,469,680",
08/31/2009,China Merchants Bank Co Ltd,13.64,"2,281,699,040",
09/30/2009,China Merchants Bank Co Ltd,14.78,"1,780,842,700",
10/30/2009,China Merchants Bank Co Ltd,17.77,"1,995,962,448",
11/30/2009,China Merchants Bank Co Ltd,17.29,"2,105,588,012",
12/31/2009,China Merchants Bank Co Ltd,18.05,"2,154,955,780",
01/29/2010,China Merchants Bank Co Ltd,15.17,"2,329,249,672",
02/26/2010,China Merchants Bank Co Ltd,15.9,"1,062,699,404",
03/31/2010,China Merchants Bank Co Ltd,16.28,"1,735,514,440",
04/30/2010,China Merchants Bank Co Ltd,14.27,"2,034,769,776",
05/31/2010,China Merchants Bank Co Ltd,13.23,"1,631,804,968",
06/30/2010,China Merchants Bank Co Ltd,13.01,"1,482,071,960",
07/30/2010,China Merchants Bank Co Ltd,14.52,"1,514,299,888",
08/31/2010,China Merchants Bank Co Ltd,13.54,"1,527,548,928",
09/30/2010,China Merchants Bank Co Ltd,12.95,"1,547,774,552",
10/29/2010,China Merchants Bank Co Ltd,14.57,"2,936,930,336",
11/30/2010,China Merchants Bank Co Ltd,13.05,"2,542,767,636",
12/31/2010,China Merchants Bank Co Ltd,12.81,"1,632,978,540",
01/31/2011,China Merchants Bank Co Ltd,12.63,"1,448,224,420",
02/28/2011,China Merchants Bank Co Ltd,12.87,"1,275,720,120",
03/31/2011,China Merchants Bank Co Ltd,14.09,"2,763,671,012",
04/29/2011,China Merchants Bank Co Ltd,14.46,"1,850,006,040",
05/31/2011,China Merchants Bank Co Ltd,13.91,"942,715,880",
06/30/2011,China Merchants Bank Co Ltd,13.02,"1,001,266,066",
07/29/2011,China Merchants Bank Co Ltd,12.35,"1,462,315,356",
08/31/2011,China Merchants Bank Co Ltd,11.85,"1,338,650,022",
09/30/2011,China Merchants Bank Co Ltd,11.06,"837,829,472",
10/31/2011,China Merchants Bank Co Ltd,12.1,"1,181,992,048",
11/30/2011,China Merchants Bank Co Ltd,11.21,"751,585,762",
12/30/2011,China Merchants Bank Co Ltd,11.87,"924,200,394",
01/31/2012,China Merchants Bank Co Ltd,12.65,"1,357,997,228",
02/29/2012,China Merchants Bank Co Ltd,12.87,"1,160,000,596",
03/30/2012,China Merchants Bank Co Ltd,11.9,"1,144,105,696",
04/30/2012,China Merchants Bank Co Ltd,12.2,"952,133,372",
05/31/2012,China Merchants Bank Co Ltd,11.66,"1,263,490,648",
06/29/2012,China Merchants Bank Co Ltd,10.92,"972,955,312",
07/31/2012,China Merchants Bank Co Ltd,9.92,"1,140,829,314",
08/31/2012,China Merchants Bank Co Ltd,10.08,"718,680,576",
09/28/2012,China Merchants Bank Co Ltd,10.16,"852,234,200",
10/31/2012,China Merchants Bank Co Ltd,10.08,"684,146,608",
11/30/2012,China Merchants Bank Co Ltd,10.02,"508,450,041",
12/31/2012,China Merchants Bank Co Ltd,13.75,"1,969,923,632",
01/31/2013,China Merchants Bank Co Ltd,14.3,"2,928,200,248",
02/28/2013,China Merchants Bank Co Ltd,13.3,"2,375,984,872",
03/29/2013,China Merchants Bank Co Ltd,12.63,"1,978,823,224",
04/30/2013,China Merchants Bank Co Ltd,12.15,"1,172,360,338",
05/31/2013,China Merchants Bank Co Ltd,13.58,"1,942,215,782",
06/28/2013,China Merchants Bank Co Ltd,11.6,"1,457,048,962",
07/31/2013,China Merchants Bank Co Ltd,10.6,"1,321,516,096",
08/30/2013,China Merchants Bank Co Ltd,10.66,"1,567,794,220",
09/30/2013,China Merchants Bank Co Ltd,10.92,"2,104,101,804",
10/31/2013,China Merchants Bank Co Ltd,10.74,"1,273,879,926",
11/29/2013,China Merchants Bank Co Ltd,10.91,"1,619,751,576",
12/31/2013,China Merchants Bank Co Ltd,10.89,"2,012,919,732",
01/31/2014,China Merchants Bank Co Ltd,10.36,"1,288,470,007",
02/28/2014,China Merchants Bank Co Ltd,9.93,"1,193,578,842",
03/31/2014,China Merchants Bank Co Ltd,9.82,"1,230,625,390",
04/30/2014,China Merchants Bank Co Ltd,10.03,"1,161,546,641",
05/30/2014,China Merchants Bank Co Ltd,10.15,"759,065,637",
06/30/2014,China Merchants Bank Co Ltd,10.24,"932,086,746",
07/31/2014,China Merchants Bank Co Ltd,11.07,"1,446,207,035",
08/29/2014,China Merchants Bank Co Ltd,10.56,"1,209,548,748",
09/30/2014,China Merchants Bank Co Ltd,10.39,"1,427,656,439",
10/31/2014,China Merchants Bank Co Ltd,10.8,"1,724,212,915",
11/28/2014,China Merchants Bank Co Ltd,12.15,"3,275,828,875",
12/31/2014,China Merchants Bank Co Ltd,16.59,"11,308,041,929",
01/30/2015,China Merchants Bank Co Ltd,14.34,"7,157,583,710",
02/27/2015,China Merchants Bank Co Ltd,14.7,"2,727,380,398",
03/31/2015,China Merchants Bank Co Ltd,15.57,"5,156,083,417",
04/30/2015,China Merchants Bank Co Ltd,18.22,"7,274,377,357",
05/29/2015,China Merchants Bank Co Ltd,18.07,"5,255,983,146",
06/30/2015,China Merchants Bank Co Ltd,18.72,"7,149,458,933",
07/31/2015,China Merchants Bank Co Ltd,17.3,"8,368,591,407",
08/31/2015,China Merchants Bank Co Ltd,17.05,"2,820,375,121",
09/30/2015,China Merchants Bank Co Ltd,17.77,"2,147,900,018",
10/30/2015,China Merchants Bank Co Ltd,17.93,"1,114,808,557",
11/30/2015,China Merchants Bank Co Ltd,17.2,"1,387,515,253",
12/31/2015,China Merchants Bank Co Ltd,17.99,"1,605,006,561",
01/29/2016,China Merchants Bank Co Ltd,14.99,"856,708,889",
02/29/2016,China Merchants Bank Co Ltd,14.56,"541,644,167",
03/31/2016,China Merchants Bank Co Ltd,16.09,"1,060,555,619",
04/29/2016,China Merchants Bank Co Ltd,17.75,"814,791,730",
05/31/2016,China Merchants Bank Co Ltd,18,"498,950,017",
06/30/2016,China Merchants Bank Co Ltd,17.5,"362,717,171",
07/29/2016,China Merchants Bank Co Ltd,17.16,"351,413,777",
08/31/2016,China Merchants Bank Co Ltd,18.63,"596,781,048",
09/30/2016,China Merchants Bank Co Ltd,18,"329,065,619",
10/31/2016,China Merchants Bank Co Ltd,17.86,"289,101,172",
11/30/2016,China Merchants Bank Co Ltd,18.55,"771,494,070",
12/30/2016,China Merchants Bank Co Ltd,17.6,"713,693,859",
01/31/2017,China Merchants Bank Co Ltd,19,"522,935,776",
02/28/2017,China Merchants Bank Co Ltd,19.44,"544,188,986",
03/31/2017,China Merchants Bank Co Ltd,19.17,"722,466,173",
04/28/2017,China Merchants Bank Co Ltd,19.13,"741,211,891",
05/31/2017,China Merchants Bank Co Ltd,22.42,"1,365,594,940",
06/30/2017,China Merchants Bank Co Ltd,23.91,"1,562,083,973",
07/31/2017,China Merchants Bank Co Ltd,25.57,"1,177,572,511",
08/31/2017,China Merchants Bank Co Ltd,26.75,"1,046,892,257",
09/29/2017,China Merchants Bank Co Ltd,25.55,"824,424,421",
10/31/2017,China Merchants Bank Co Ltd,27.1,"1,270,474,552",
11/30/2017,China Merchants Bank Co Ltd,28.99,"1,786,707,640",
12/29/2017,China Merchants Bank Co Ltd,29.02,"1,191,180,179",
01/31/2018,China Merchants Bank Co Ltd,33.94,"1,581,209,180",
02/28/2018,China Merchants Bank Co Ltd,30.3,"1,409,314,636",
03/30/2018,China Merchants Bank Co Ltd,29.09,"1,126,606,784",
04/30/2018,China Merchants Bank Co Ltd,29.33,"965,546,892",
05/31/2018,China Merchants Bank Co Ltd,28.78,"921,442,789",
06/29/2018,China Merchants Bank Co Ltd,26.44,"891,178,217",
07/31/2018,China Merchants Bank Co Ltd,28.39,"1,022,255,093",
08/31/2018,China Merchants Bank Co Ltd,28.29,"864,305,823",
09/28/2018,China Merchants Bank Co Ltd,30.69,"797,493,975",
10/31/2018,China Merchants Bank Co Ltd,28.91,"1,391,894,507",
11/30/2018,China Merchants Bank Co Ltd,28.55,"1,082,149,674",
12/31/2018,China Merchants Bank Co Ltd,25.2,"1,076,135,046",
01/31/2019,China Merchants Bank Co Ltd,29.21,"1,013,603,349",
02/28/2019,China Merchants Bank Co Ltd,31.74,"1,010,149,467",
03/29/2019,China Merchants Bank Co Ltd,33.92,"1,334,279,627",
04/30/2019,China Merchants Bank Co Ltd,34.45,"1,410,211,906",
05/31/2019,China Merchants Bank Co Ltd,34.21,"1,252,824,666",
06/28/2019,China Merchants Bank Co Ltd,35.98,"1,129,048,653",
07/31/2019,China Merchants Bank Co Ltd,36.56,"925,926,732",
08/30/2019,China Merchants Bank Co Ltd,34.28,"1,080,637,936",
09/30/2019,China Merchants Bank Co Ltd,34.75,"1,192,280,999",
10/31/2019,China Merchants Bank Co Ltd,35.5,"1,075,718,888",
11/29/2019,China Merchants Bank Co Ltd,36.03,"893,634,956",
12/31/2019,China Merchants Bank Co Ltd,37.58,"724,606,146",
01/31/2020,China Merchants Bank Co Ltd,36.81,"1,264,627,312",
02/28/2020,China Merchants Bank Co Ltd,34.2,"1,399,153,967",
03/31/2020,China Merchants Bank Co Ltd,32.28,"1,827,061,304",
04/03/2020,China Merchants Bank Co Ltd,32.15,"89,936,289",
