,Pearson Correlation
Shares Mil,0.7196700883744613
Revenue_YOY,-0.6294880442110294
Operating_YOY,
Income_YOY,-0.36789115638417447
EPS_YOY,-0.2617646361337325
Return on Equity %,-0.699824813466681
Return on Assets %,-0.233274847638576
Net Margin %,-0.3982153556264576
Earnings Per Share CNY,0.8674715538496371
Book Value Per Share * CNY,0.9081551537251029
Free Cash Flow Per Share * CNY,-0.30485236735896004
Payout Ratio % *,0.4590291698158637
Debt/Equity,0.8872075824857069
Current Ratio,
Quick Ratio,
Financial Leverage (Average),-0.8107146380217606
Fixed Assets Turnover,-0.7692395250992798
Cash Conversion Cycle,
Payables Period,
Market Capital Mil,0.9976411329238736
Price/Earning Ratio,0.63945899822609
Price/Book Ratio,0.13040253213625658
Price/FCF,-0.18478815151865102
PEG Ratio,0.1839682515894506
Year End Price,1.0
