,Spearman Correlation
Shares Mil,0.806060606060606
Revenue_YOY,-0.6121212121212121
Operating_YOY,
Income_YOY,-0.3575757575757576
EPS_YOY,-0.21212121212121213
Return on Equity %,-0.696969696969697
Return on Assets %,-0.42683720332337294
Net Margin %,-0.6484848484848484
Earnings Per Share CNY,0.7696969696969697
Book Value Per Share * CNY,0.8909090909090909
Free Cash Flow Per Share * CNY,-0.2
Payout Ratio % *,0.3829804925184407
Debt/Equity,0.9030303030303031
Current Ratio,
Quick Ratio,
Financial Leverage (Average),-0.7696969696969697
Fixed Assets Turnover,-0.503030303030303
Cash Conversion Cycle,
Payables Period,
Market Capital Mil,1.0
Price/Earning Ratio,0.5636363636363636
Price/Book Ratio,0.030303030303030304
Price/FCF,0.07878787878787878
PEG Ratio,0.6
Year End Price,1.0
