,Kendal Correlation
Shares Mil,0.6
Revenue_YOY,-0.4222222222222222
Operating_YOY,
Income_YOY,-0.24444444444444444
EPS_YOY,-0.06666666666666667
Return on Equity %,-0.4666666666666666
Return on Assets %,-0.2500645911391736
Net Margin %,-0.4666666666666666
Earnings Per Share CNY,0.6444444444444444
Book Value Per Share * CNY,0.7333333333333333
Free Cash Flow Per Share * CNY,-0.1111111111111111
Payout Ratio % *,0.26967994498529685
Debt/Equity,0.7777777777777777
Current Ratio,
Quick Ratio,
Financial Leverage (Average),-0.6
Fixed Assets Turnover,-0.3333333333333333
Cash Conversion Cycle,
Payables Period,
Market Capital Mil,0.9999999999999999
Price/Earning Ratio,0.5111111111111111
Price/Book Ratio,0.022222222222222223
Price/FCF,0.022222222222222223
PEG Ratio,0.3333333333333333
Year End Price,1.0
