﻿Date,Name,Price,Volume
09/28/2007,China Construction Bank Corp,9.35,"4,379,239",
10/31/2007,China Construction Bank Corp,10.97,"301,315,087",
11/30/2007,China Construction Bank Corp,10.2,"218,044,246",
12/31/2007,China Construction Bank Corp,9.61,"1,110,330,874",
01/31/2008,China Construction Bank Corp,7.91,"492,027,239",
02/29/2008,China Construction Bank Corp,7.91,"2,068,697",
03/31/2008,China Construction Bank Corp,6.81,"1,582,574",
04/30/2008,China Construction Bank Corp,8.35,"555,013,574",
05/30/2008,China Construction Bank Corp,7.15,"1,985,427",
06/30/2008,China Construction Bank Corp,5.91,"1,007,681",
07/31/2008,China Construction Bank Corp,5.88,"1,215,236",
08/29/2008,China Construction Bank Corp,5.48,"758,530",
09/30/2008,China Construction Bank Corp,4.73,"2,229,496",
10/31/2008,China Construction Bank Corp,3.83,"1,670,208",
11/28/2008,China Construction Bank Corp,4.15,"1,494,630",
12/31/2008,China Construction Bank Corp,3.83,"2,004,916",
01/30/2009,China Construction Bank Corp,4,"207,620,971",
02/27/2009,China Construction Bank Corp,4.07,"764,470,939",
03/31/2009,China Construction Bank Corp,4.29,"3,815,961,880",
04/30/2009,China Construction Bank Corp,4.4,"3,837,233,152",
05/29/2009,China Construction Bank Corp,4.58,"3,102,900,632",
06/30/2009,China Construction Bank Corp,6.05,"4,796,421,600",
07/31/2009,China Construction Bank Corp,6.6,"5,714,123,640",
08/31/2009,China Construction Bank Corp,5.14,"3,461,422,336",
09/30/2009,China Construction Bank Corp,5.58,"2,247,386,564",
10/30/2009,China Construction Bank Corp,5.86,"1,901,430,848",
11/30/2009,China Construction Bank Corp,5.93,"3,039,715,856",
12/31/2009,China Construction Bank Corp,6.19,"2,574,991,528",
01/29/2010,China Construction Bank Corp,5.65,"2,697,748,428",
02/26/2010,China Construction Bank Corp,5.63,"1,078,753,316",
03/31/2010,China Construction Bank Corp,5.67,"1,401,808,736",
04/30/2010,China Construction Bank Corp,5.25,"1,742,459,700",
05/31/2010,China Construction Bank Corp,4.96,"1,459,072,352",
06/30/2010,China Construction Bank Corp,4.7,"1,045,713,880",
07/30/2010,China Construction Bank Corp,4.95,"1,212,814,548",
08/31/2010,China Construction Bank Corp,4.68,"1,052,906,390",
09/30/2010,China Construction Bank Corp,4.6,"941,619,914",
10/29/2010,China Construction Bank Corp,5.04,"2,119,505,032",
11/30/2010,China Construction Bank Corp,4.62,"2,518,777,194",
12/31/2010,China Construction Bank Corp,4.59,"1,054,538,500",
01/31/2011,China Construction Bank Corp,4.8,"1,234,597,116",
02/28/2011,China Construction Bank Corp,4.82,"1,247,730,668",
03/31/2011,China Construction Bank Corp,4.97,"1,169,901,120",
04/29/2011,China Construction Bank Corp,5.21,"1,114,811,782",
05/31/2011,China Construction Bank Corp,5.04,"783,679,495",
06/30/2011,China Construction Bank Corp,4.94,"1,013,624,596",
07/29/2011,China Construction Bank Corp,4.71,"657,166,797",
08/31/2011,China Construction Bank Corp,4.59,"500,463,565",
09/30/2011,China Construction Bank Corp,4.4,"333,676,067",
10/31/2011,China Construction Bank Corp,4.82,"706,714,222",
11/30/2011,China Construction Bank Corp,4.69,"440,326,258",
12/30/2011,China Construction Bank Corp,4.54,"622,075,250",
01/31/2012,China Construction Bank Corp,4.77,"833,775,650",
02/29/2012,China Construction Bank Corp,4.88,"686,047,570",
03/30/2012,China Construction Bank Corp,4.83,"823,555,502",
04/30/2012,China Construction Bank Corp,4.79,"792,259,404",
05/31/2012,China Construction Bank Corp,4.49,"927,439,094",
06/29/2012,China Construction Bank Corp,4.2,"497,935,196",
07/31/2012,China Construction Bank Corp,3.97,"341,081,585",
08/31/2012,China Construction Bank Corp,4.02,"338,596,032",
09/28/2012,China Construction Bank Corp,3.98,"400,195,812",
10/31/2012,China Construction Bank Corp,4.13,"581,569,163",
11/30/2012,China Construction Bank Corp,4.17,"576,875,938",
12/31/2012,China Construction Bank Corp,4.6,"895,209,876",
01/31/2013,China Construction Bank Corp,4.97,"1,494,830,910",
02/28/2013,China Construction Bank Corp,4.71,"1,186,133,036",
03/29/2013,China Construction Bank Corp,4.58,"985,608,678",
04/30/2013,China Construction Bank Corp,4.65,"686,903,110",
05/31/2013,China Construction Bank Corp,4.8,"579,497,009",
06/28/2013,China Construction Bank Corp,4.15,"735,388,232",
07/31/2013,China Construction Bank Corp,4.29,"734,730,149",
08/30/2013,China Construction Bank Corp,4.25,"437,723,294",
09/30/2013,China Construction Bank Corp,4.3,"683,226,667",
10/31/2013,China Construction Bank Corp,4.28,"518,506,534",
11/29/2013,China Construction Bank Corp,4.38,"570,754,156",
12/31/2013,China Construction Bank Corp,4.14,"517,220,693",
01/31/2014,China Construction Bank Corp,3.94,"486,424,540",
02/28/2014,China Construction Bank Corp,3.86,"518,354,595",
03/31/2014,China Construction Bank Corp,4,"508,419,678",
04/30/2014,China Construction Bank Corp,3.96,"557,016,589",
05/30/2014,China Construction Bank Corp,4.03,"409,562,130",
06/30/2014,China Construction Bank Corp,4.13,"512,716,164",
07/31/2014,China Construction Bank Corp,4.15,"783,730,731",
08/29/2014,China Construction Bank Corp,4.02,"658,600,966",
09/30/2014,China Construction Bank Corp,4.07,"873,991,577",
10/31/2014,China Construction Bank Corp,4.18,"1,131,541,445",
11/28/2014,China Construction Bank Corp,4.7,"3,102,608,087",
12/31/2014,China Construction Bank Corp,6.73,"13,319,408,972",
01/30/2015,China Construction Bank Corp,5.85,"8,011,611,146",
02/27/2015,China Construction Bank Corp,5.69,"3,098,101,992",
03/31/2015,China Construction Bank Corp,6.1,"6,260,160,898",
04/30/2015,China Construction Bank Corp,6.85,"10,574,293,611",
05/29/2015,China Construction Bank Corp,6.37,"6,013,606,464",
06/30/2015,China Construction Bank Corp,7.13,"9,417,749,184",
07/31/2015,China Construction Bank Corp,6.04,"11,645,705,924",
08/31/2015,China Construction Bank Corp,5.17,"2,953,123,773",
09/30/2015,China Construction Bank Corp,5.18,"3,457,847,883",
10/30/2015,China Construction Bank Corp,5.48,"1,277,297,109",
11/30/2015,China Construction Bank Corp,5.77,"1,871,815,059",
12/31/2015,China Construction Bank Corp,5.78,"1,987,387,086",
01/29/2016,China Construction Bank Corp,4.81,"1,289,734,834",
02/29/2016,China Construction Bank Corp,4.53,"1,770,629,964",
03/31/2016,China Construction Bank Corp,4.85,"3,271,400,357",
04/29/2016,China Construction Bank Corp,4.69,"2,466,850,602",
05/31/2016,China Construction Bank Corp,4.88,"1,766,480,222",
06/30/2016,China Construction Bank Corp,4.75,"1,730,744,600",
07/29/2016,China Construction Bank Corp,5.06,"1,713,053,117",
08/31/2016,China Construction Bank Corp,5.27,"1,842,401,983",
09/30/2016,China Construction Bank Corp,5.18,"1,285,621,068",
10/31/2016,China Construction Bank Corp,5.26,"1,006,590,593",
11/30/2016,China Construction Bank Corp,5.57,"1,945,817,309",
12/30/2016,China Construction Bank Corp,5.44,"1,944,631,139",
01/31/2017,China Construction Bank Corp,5.75,"1,627,956,436",
02/28/2017,China Construction Bank Corp,5.92,"1,413,952,937",
03/31/2017,China Construction Bank Corp,5.94,"1,305,898,440",
04/28/2017,China Construction Bank Corp,5.98,"1,355,960,124",
05/31/2017,China Construction Bank Corp,6.37,"2,018,133,481",
06/30/2017,China Construction Bank Corp,6.15,"2,031,729,239",
07/31/2017,China Construction Bank Corp,6.74,"2,297,658,335",
08/31/2017,China Construction Bank Corp,6.99,"2,192,212,006",
09/29/2017,China Construction Bank Corp,6.97,"1,488,643,100",
10/31/2017,China Construction Bank Corp,7.16,"1,411,837,502",
11/30/2017,China Construction Bank Corp,7.14,"2,448,458,576",
12/29/2017,China Construction Bank Corp,7.68,"1,921,059,647",
01/31/2018,China Construction Bank Corp,9.51,"4,527,373,374",
02/28/2018,China Construction Bank Corp,8.31,"3,542,678,788",
03/30/2018,China Construction Bank Corp,7.75,"3,326,402,664",
04/30/2018,China Construction Bank Corp,7.48,"3,131,711,143",
05/31/2018,China Construction Bank Corp,7.12,"3,026,537,419",
06/29/2018,China Construction Bank Corp,6.55,"2,595,071,551",
07/31/2018,China Construction Bank Corp,7.01,"2,839,091,306",
08/31/2018,China Construction Bank Corp,6.88,"1,923,706,374",
09/28/2018,China Construction Bank Corp,7.24,"1,820,144,364",
10/31/2018,China Construction Bank Corp,7.15,"2,603,013,332",
11/30/2018,China Construction Bank Corp,6.65,"1,991,423,713",
12/31/2018,China Construction Bank Corp,6.37,"1,406,975,411",
01/31/2019,China Construction Bank Corp,7.07,"1,580,505,002",
02/28/2019,China Construction Bank Corp,7.18,"2,315,888,728",
03/29/2019,China Construction Bank Corp,6.95,"2,990,592,170",
04/30/2019,China Construction Bank Corp,7.44,"3,796,482,684",
05/31/2019,China Construction Bank Corp,6.98,"1,896,268,241",
06/28/2019,China Construction Bank Corp,7.44,"1,812,187,080",
07/31/2019,China Construction Bank Corp,7.37,"1,684,242,745",
08/30/2019,China Construction Bank Corp,6.9,"1,605,122,056",
09/30/2019,China Construction Bank Corp,6.99,"1,333,960,193",
10/31/2019,China Construction Bank Corp,7.29,"1,354,833,469",
11/29/2019,China Construction Bank Corp,7.1,"1,304,613,226",
12/31/2019,China Construction Bank Corp,7.23,"1,372,484,005",
01/31/2020,China Construction Bank Corp,6.97,"2,127,267,603",
02/28/2020,China Construction Bank Corp,6.5,"2,046,552,103",
03/31/2020,China Construction Bank Corp,6.34,"2,382,137,409",
04/03/2020,China Construction Bank Corp,6.4,"120,619,959",
