,Kendal Correlation
Shares Mil,0.4666666666666666
Revenue_YOY,-0.4222222222222222
Operating_YOY,
Income_YOY,-0.4222222222222222
EPS_YOY,-0.3333333333333333
Return on Equity %,-0.5555555555555555
Return on Assets %,-0.5683286162253945
Net Margin %,-0.4666666666666666
Earnings Per Share CNY,0.5843065474681431
Book Value Per Share * CNY,0.5555555555555555
Free Cash Flow Per Share * CNY,0.1111111111111111
Payout Ratio % *,-0.3333333333333333
Debt/Equity,0.5683286162253945
Current Ratio,
Quick Ratio,
Financial Leverage (Average),-0.5555555555555555
Fixed Assets Turnover,-0.3333333333333333
Cash Conversion Cycle,
Payables Period,
Market Capital Mil,0.9555555555555554
Price/Earning Ratio,0.4222222222222222
Price/Book Ratio,-0.22473328748774735
Price/FCF,-0.1111111111111111
PEG Ratio,0.4666666666666666
Year End Price,1.0
