,Pearson Correlation
Shares Mil,0.5818306092769867
Revenue_YOY,-0.6032636489578118
Operating_YOY,
Income_YOY,-0.633652889765233
EPS_YOY,-0.6547637763483589
Return on Equity %,-0.8037943593201499
Return on Assets %,-0.7344317282460198
Net Margin %,-0.7534636457053197
Earnings Per Share CNY,0.7442258425491072
Book Value Per Share * CNY,0.8041358836845228
Free Cash Flow Per Share * CNY,-0.03627851893589025
Payout Ratio % *,-0.41932694965677053
Debt/Equity,0.6818073761896339
Current Ratio,
Quick Ratio,
Financial Leverage (Average),-0.8206151910037943
Fixed Assets Turnover,-0.5501458890350407
Cash Conversion Cycle,
Payables Period,
Market Capital Mil,0.998885867952408
Price/Earning Ratio,0.491629525818006
Price/Book Ratio,-0.33139283977678635
Price/FCF,-0.08468346279469642
PEG Ratio,0.019884341052673636
Year End Price,1.0
