,Spearman Correlation
Shares Mil,0.7212121212121212
Revenue_YOY,-0.5636363636363636
Operating_YOY,
Income_YOY,-0.6121212121212121
EPS_YOY,-0.5515151515151515
Return on Equity %,-0.7818181818181819
Return on Assets %,-0.7561116173156892
Net Margin %,-0.6727272727272727
Earnings Per Share CNY,0.7963562622208845
Book Value Per Share * CNY,0.7818181818181819
Free Cash Flow Per Share * CNY,0.10303030303030303
Payout Ratio % *,-0.4666666666666667
Debt/Equity,0.731720919982925
Current Ratio,
Quick Ratio,
Financial Leverage (Average),-0.7454545454545455
Fixed Assets Turnover,-0.5151515151515151
Cash Conversion Cycle,
Payables Period,
Market Capital Mil,0.9878787878787879
Price/Earning Ratio,0.4666666666666667
Price/Book Ratio,-0.32218993815043423
Price/FCF,-0.15151515151515152
PEG Ratio,0.6363636363636364
Year End Price,1.0
