,Spearman Correlation
Shares Mil,0.6363636363636364
Revenue_YOY,-0.6606060606060606
Operating_YOY,
Income_YOY,-0.8303030303030303
EPS_YOY,-0.5151515151515151
Return on Equity %,-0.7333333333333333
Return on Assets %,-0.6443798763008685
Net Margin %,-0.6363636363636364
Earnings Per Share CNY,0.6484848484848484
Book Value Per Share * CNY,0.6848484848484848
Free Cash Flow Per Share * CNY,0.296969696969697
Payout Ratio % *,0.7212121212121212
Debt/Equity,0.7090909090909091
Current Ratio,
Quick Ratio,
Financial Leverage (Average),-0.5757575757575758
Fixed Assets Turnover,-0.15151515151515152
Cash Conversion Cycle,
Payables Period,
Market Capital Mil,0.9393939393939394
Price/Earning Ratio,0.2606060606060606
Price/Book Ratio,-0.3212121212121212
Price/FCF,0.3212121212121212
PEG Ratio,0.06666666666666667
Year End Price,1.0
