,Kendal Correlation
Shares Mil,0.37777777777777777
Revenue_YOY,-0.4666666666666666
Operating_YOY,
Income_YOY,-0.6444444444444444
EPS_YOY,-0.3333333333333333
Return on Equity %,-0.5111111111111111
Return on Assets %,-0.4494665749754947
Net Margin %,-0.5111111111111111
Earnings Per Share CNY,0.37777777777777777
Book Value Per Share * CNY,0.4666666666666666
Free Cash Flow Per Share * CNY,0.19999999999999998
Payout Ratio % *,0.5111111111111111
Debt/Equity,0.5111111111111111
Current Ratio,
Quick Ratio,
Financial Leverage (Average),-0.4222222222222222
Fixed Assets Turnover,-0.1111111111111111
Cash Conversion Cycle,
Payables Period,
Market Capital Mil,0.8222222222222221
Price/Earning Ratio,0.24444444444444444
Price/Book Ratio,-0.19999999999999998
Price/FCF,0.24444444444444444
PEG Ratio,0.022222222222222223
Year End Price,1.0
