﻿Date,Name,Price,Volume
02/28/2007,Industrial Bank Co Ltd,9.1777897089,"31,301,995",
03/30/2007,Industrial Bank Co Ltd,10.0740871704,"50,163,379",
04/30/2007,Industrial Bank Co Ltd,11.6963115015,"14,318,990",
05/31/2007,Industrial Bank Co Ltd,11.007421717,"153,628,739",
06/29/2007,Industrial Bank Co Ltd,12.9963131915,"64,370,287",
07/31/2007,Industrial Bank Co Ltd,15.4815016074,"24,041,383",
08/31/2007,Industrial Bank Co Ltd,21.5889169545,"27,170,090",
09/28/2007,Industrial Bank Co Ltd,20.8963234615,"27,839,548",
10/31/2007,Industrial Bank Co Ltd,24.5185503926,"12,652,174",
11/30/2007,Industrial Bank Co Ltd,20.9259531296,"13,751,957",
12/31/2007,Industrial Bank Co Ltd,18.4481721307,"55,329,283",
01/31/2008,Industrial Bank Co Ltd,14.807426657,"303,902",
02/29/2008,Industrial Bank Co Ltd,16.3889101945,"633,945",
03/31/2008,Industrial Bank Co Ltd,13.6370547652,"567,367",
04/30/2008,Industrial Bank Co Ltd,15.10001963,"112,283,431",
05/30/2008,Industrial Bank Co Ltd,12.7777943889,"504,101",
06/30/2008,Industrial Bank Co Ltd,9.4333455967,"282,488",
07/31/2008,Industrial Bank Co Ltd,9.2963083815,"381,250",
08/29/2008,Industrial Bank Co Ltd,8.1814921174,"316,159",
09/30/2008,Industrial Bank Co Ltd,6.0851930959,"628,997",
10/31/2008,Industrial Bank Co Ltd,4.5814874374,"610,672",
11/28/2008,Industrial Bank Co Ltd,4.992599083,"823,124",
12/31/2008,Industrial Bank Co Ltd,5.407414437,"795,898",
01/30/2009,Industrial Bank Co Ltd,6.9185275126,"59,306,486",
02/27/2009,Industrial Bank Co Ltd,6.8407496337,"225,983,419",
03/31/2009,Industrial Bank Co Ltd,8.5037147585,"1,052,290,996",
04/30/2009,Industrial Bank Co Ltd,9.0000117,"804,112,281",
05/29/2009,Industrial Bank Co Ltd,10.5333470267,"600,461,974",
06/30/2009,Industrial Bank Co Ltd,13.8333513167,"486,566,108",
07/31/2009,Industrial Bank Co Ltd,15.9037243785,"571,612,934",
08/31/2009,Industrial Bank Co Ltd,10.3222356411,"598,459,196",
09/30/2009,Industrial Bank Co Ltd,12.5148310841,"663,295,358",
10/30/2009,Industrial Bank Co Ltd,13.807425357,"444,903,149",
11/30/2009,Industrial Bank Co Ltd,14.2296481282,"475,277,847",
12/31/2009,Industrial Bank Co Ltd,14.9296490382,"580,556,040",
01/29/2010,Industrial Bank Co Ltd,11.9111265956,"778,128,870",
02/26/2010,Industrial Bank Co Ltd,12.8481648507,"336,186,116",
03/31/2010,Industrial Bank Co Ltd,13.6740918504,"409,445,389",
04/30/2010,Industrial Bank Co Ltd,11.0629773448,"762,871,625",
05/31/2010,Industrial Bank Co Ltd,10.392606103,"1,015,635,898",
06/30/2010,Industrial Bank Co Ltd,8.5296407182,"820,252,492",
07/30/2010,Industrial Bank Co Ltd,9.9703833319,"735,001,926",
08/31/2010,Industrial Bank Co Ltd,9.50001235,"783,428,812",
09/30/2010,Industrial Bank Co Ltd,8.5629740948,"873,718,256",
10/29/2010,Industrial Bank Co Ltd,10.0592723363,"1,518,683,608",
11/30/2010,Industrial Bank Co Ltd,8.90001157,"1,300,798,248",
12/31/2010,Industrial Bank Co Ltd,8.907418987,"914,521,476",
01/31/2011,Industrial Bank Co Ltd,9.6296421482,"1,378,136,976",
02/28/2011,Industrial Bank Co Ltd,9.6666792333,"1,022,188,704",
03/31/2011,Industrial Bank Co Ltd,10.6333471567,"1,376,396,814",
04/29/2011,Industrial Bank Co Ltd,10.8148288741,"1,310,464,172",
05/31/2011,Industrial Bank Co Ltd,9.46000473,"1,199,476,316",
06/30/2011,Industrial Bank Co Ltd,8.98667116,"1,101,476,406",
07/29/2011,Industrial Bank Co Ltd,8.90667112,"1,317,849,940",
08/31/2011,Industrial Bank Co Ltd,8.88667111,"1,411,887,230",
09/30/2011,Industrial Bank Co Ltd,8.26000413,"765,968,994",
10/31/2011,Industrial Bank Co Ltd,8.8666711,"1,004,346,864",
11/30/2011,Industrial Bank Co Ltd,8.12667073,"944,178,524",
12/30/2011,Industrial Bank Co Ltd,8.34667084,"833,203,150",
01/31/2012,Industrial Bank Co Ltd,9.24000462,"1,495,581,084",
02/29/2012,Industrial Bank Co Ltd,9.54000477,"1,291,913,750",
03/30/2012,Industrial Bank Co Ltd,8.88000444,"1,201,527,616",
04/30/2012,Industrial Bank Co Ltd,9.54000477,"1,084,102,070",
05/31/2012,Industrial Bank Co Ltd,8.88667111,"1,124,670,778",
06/29/2012,Industrial Bank Co Ltd,8.65333766,"944,487,410",
07/31/2012,Industrial Bank Co Ltd,8.32000416,"830,912,122",
08/31/2012,Industrial Bank Co Ltd,8.20667077,"673,005,628",
09/28/2012,Industrial Bank Co Ltd,8.00667067,"699,981,014",
10/31/2012,Industrial Bank Co Ltd,8.2666708,"701,016,931",
11/30/2012,Industrial Bank Co Ltd,8.44000422,"759,674,562",
12/31/2012,Industrial Bank Co Ltd,11.12667223,"2,112,097,576",
01/31/2013,Industrial Bank Co Ltd,13.28000664,"2,448,978,552",
02/28/2013,Industrial Bank Co Ltd,13.24667329,"2,293,140,584",
03/29/2013,Industrial Bank Co Ltd,11.5333391,"2,797,616,984",
04/30/2013,Industrial Bank Co Ltd,12.10667272,"2,032,193,956",
05/31/2013,Industrial Bank Co Ltd,12.36000618,"1,788,784,492",
06/28/2013,Industrial Bank Co Ltd,9.84667159,"1,905,195,772",
07/31/2013,Industrial Bank Co Ltd,9.06,"2,532,293,912",
08/30/2013,Industrial Bank Co Ltd,10.62,"2,805,877,636",
09/30/2013,Industrial Bank Co Ltd,11.17,"3,108,202,816",
10/31/2013,Industrial Bank Co Ltd,11.76,"2,135,352,336",
11/29/2013,Industrial Bank Co Ltd,10.7,"2,048,082,252",
12/31/2013,Industrial Bank Co Ltd,10.14,"1,731,202,740",
01/31/2014,Industrial Bank Co Ltd,9.35,"1,400,939,765",
02/28/2014,Industrial Bank Co Ltd,9.12,"1,806,888,464",
03/31/2014,Industrial Bank Co Ltd,9.52,"1,962,466,471",
04/30/2014,Industrial Bank Co Ltd,10.17,"2,711,522,583",
05/30/2014,Industrial Bank Co Ltd,9.83,"1,227,206,285",
06/30/2014,Industrial Bank Co Ltd,10.03,"1,204,721,315",
07/31/2014,Industrial Bank Co Ltd,11.07,"2,118,017,290",
08/29/2014,Industrial Bank Co Ltd,10.32,"2,104,310,781",
09/30/2014,Industrial Bank Co Ltd,10.22,"2,335,581,909",
10/31/2014,Industrial Bank Co Ltd,10.86,"2,591,829,379",
11/28/2014,Industrial Bank Co Ltd,12.14,"5,428,918,789",
12/31/2014,Industrial Bank Co Ltd,16.5,"13,497,096,953",
01/30/2015,Industrial Bank Co Ltd,14.47,"7,772,753,935",
02/27/2015,Industrial Bank Co Ltd,14.24,"4,470,605,180",
03/31/2015,Industrial Bank Co Ltd,18.36,"11,482,964,100",
04/30/2015,Industrial Bank Co Ltd,19.41,"9,379,303,171",
05/29/2015,Industrial Bank Co Ltd,17.99,"8,497,390,861",
06/30/2015,Industrial Bank Co Ltd,17.25,"11,223,393,949",
07/31/2015,Industrial Bank Co Ltd,15.54,"10,386,876,275",
08/31/2015,Industrial Bank Co Ltd,14.58,"4,280,120,983",
09/30/2015,Industrial Bank Co Ltd,14.56,"3,705,264,799",
10/30/2015,Industrial Bank Co Ltd,15.27,"2,345,592,899",
11/30/2015,Industrial Bank Co Ltd,15.65,"2,928,514,913",
12/31/2015,Industrial Bank Co Ltd,17.07,"2,946,361,420",
01/29/2016,Industrial Bank Co Ltd,14.46,"1,772,466,893",
02/29/2016,Industrial Bank Co Ltd,14.18,"1,056,627,718",
03/31/2016,Industrial Bank Co Ltd,15.53,"1,897,749,096",
04/29/2016,Industrial Bank Co Ltd,16.12,"1,291,356,161",
05/31/2016,Industrial Bank Co Ltd,16.2,"875,860,178",
06/30/2016,Industrial Bank Co Ltd,15.24,"804,378,394",
07/29/2016,Industrial Bank Co Ltd,15.46,"848,257,646",
08/31/2016,Industrial Bank Co Ltd,16.07,"1,263,239,354",
09/30/2016,Industrial Bank Co Ltd,15.97,"740,923,959",
10/31/2016,Industrial Bank Co Ltd,16.31,"589,051,642",
11/30/2016,Industrial Bank Co Ltd,16.84,"1,181,286,177",
12/30/2016,Industrial Bank Co Ltd,16.14,"1,204,217,526",
01/31/2017,Industrial Bank Co Ltd,17.07,"905,323,031",
02/28/2017,Industrial Bank Co Ltd,16.75,"1,094,065,055",
03/31/2017,Industrial Bank Co Ltd,16.21,"1,186,453,240",
04/28/2017,Industrial Bank Co Ltd,15.46,"1,187,614,783",
05/31/2017,Industrial Bank Co Ltd,16.55,"1,978,350,162",
06/30/2017,Industrial Bank Co Ltd,16.86,"2,044,536,767",
07/31/2017,Industrial Bank Co Ltd,17.76,"2,118,536,663",
08/31/2017,Industrial Bank Co Ltd,17.65,"1,755,135,527",
09/29/2017,Industrial Bank Co Ltd,17.29,"1,130,566,910",
10/31/2017,Industrial Bank Co Ltd,17.44,"1,587,010,982",
11/30/2017,Industrial Bank Co Ltd,17.49,"2,473,742,027",
12/29/2017,Industrial Bank Co Ltd,16.99,"1,318,279,700",
01/31/2018,Industrial Bank Co Ltd,18.68,"5,528,230,851",
02/28/2018,Industrial Bank Co Ltd,17.86,"3,495,347,405",
03/30/2018,Industrial Bank Co Ltd,16.69,"1,475,893,326",
04/30/2018,Industrial Bank Co Ltd,16.11,"1,192,543,309",
05/31/2018,Industrial Bank Co Ltd,15.93,"1,028,254,092",
06/29/2018,Industrial Bank Co Ltd,14.4,"1,121,014,732",
07/31/2018,Industrial Bank Co Ltd,15.45,"1,043,388,628",
08/31/2018,Industrial Bank Co Ltd,15.08,"952,789,954",
09/28/2018,Industrial Bank Co Ltd,15.95,"859,546,500",
10/31/2018,Industrial Bank Co Ltd,16.12,"1,485,783,637",
11/30/2018,Industrial Bank Co Ltd,15.94,"938,050,555",
12/31/2018,Industrial Bank Co Ltd,14.94,"770,948,907",
01/31/2019,Industrial Bank Co Ltd,16.4,"824,841,511",
02/28/2019,Industrial Bank Co Ltd,17.86,"1,310,298,875",
03/29/2019,Industrial Bank Co Ltd,18.17,"2,365,750,448",
04/30/2019,Industrial Bank Co Ltd,19.92,"2,626,590,366",
05/31/2019,Industrial Bank Co Ltd,17.57,"2,095,338,365",
06/28/2019,Industrial Bank Co Ltd,18.29,"1,367,961,399",
07/31/2019,Industrial Bank Co Ltd,19.13,"1,560,757,924",
08/30/2019,Industrial Bank Co Ltd,17.17,"2,017,376,381",
09/30/2019,Industrial Bank Co Ltd,17.53,"1,340,757,988",
10/31/2019,Industrial Bank Co Ltd,18.72,"1,595,896,470",
11/29/2019,Industrial Bank Co Ltd,18.89,"1,478,405,942",
12/31/2019,Industrial Bank Co Ltd,19.8,"1,164,318,623",
01/31/2020,Industrial Bank Co Ltd,18.59,"1,777,010,515",
02/28/2020,Industrial Bank Co Ltd,17.29,"1,460,957,315",
03/31/2020,Industrial Bank Co Ltd,15.91,"1,917,170,125",
04/03/2020,Industrial Bank Co Ltd,16.06,"132,321,645",
