,Pearson Correlation
Shares Mil,0.5668467412271669
Revenue_YOY,-0.7736353203426946
Operating_YOY,
Income_YOY,-0.8928398557351845
EPS_YOY,-0.6515493966604216
Return on Equity %,-0.7034534801114674
Return on Assets %,-0.6955498454313307
Net Margin %,-0.5761227498735196
Earnings Per Share CNY,0.5970422467627193
Book Value Per Share * CNY,0.6572558550577324
Free Cash Flow Per Share * CNY,0.32284432468097213
Payout Ratio % *,0.8484527336822029
Debt/Equity,0.7242150570772161
Current Ratio,
Quick Ratio,
Financial Leverage (Average),-0.4436896522870492
Fixed Assets Turnover,-0.1637612744531854
Cash Conversion Cycle,
Payables Period,
Market Capital Mil,0.9419854774725427
Price/Earning Ratio,0.2001731942145375
Price/Book Ratio,-0.008335125450433224
Price/FCF,0.38595438387047115
PEG Ratio,-0.3693745967411371
Year End Price,1.0
