,Pearson Correlation
Shares Mil,0.5053775155813885
Revenue_YOY,-0.5400087603113686
Operating_YOY,
Income_YOY,-0.5262818629361425
EPS_YOY,-0.5254882397780926
Return on Equity %,-0.5782054811055181
Return on Assets %,-0.427194287757812
Net Margin %,-0.5661758629070887
Earnings Per Share CNY,0.5861695688515488
Book Value Per Share * CNY,0.5341894012263035
Free Cash Flow Per Share * CNY,0.33259295451487
Payout Ratio % *,-0.3482787762198852
Debt/Equity,0.3167609387515181
Current Ratio,
Quick Ratio,
Financial Leverage (Average),-0.6861681845241983
Fixed Assets Turnover,0.036620990584103834
Cash Conversion Cycle,
Payables Period,
Market Capital Mil,0.9782425230614198
Price/Earning Ratio,0.46434718557503885
Price/Book Ratio,-0.11714235895806444
Price/FCF,0.1705644720035335
PEG Ratio,0.0155102625779272
Year End Price,1.0
