,Kendal Correlation
Shares Mil,0.44946657497549475
Revenue_YOY,-0.22473328748774737
Operating_YOY,
Income_YOY,-0.31462660248284624
EPS_YOY,-0.40451991747794525
Return on Equity %,-0.34090909090909094
Return on Assets %,-0.3595732599803958
Net Margin %,-0.40451991747794525
Earnings Per Share CNY,0.4598004898717029
Book Value Per Share * CNY,0.26967994498529685
Free Cash Flow Per Share * CNY,0.26967994498529685
Payout Ratio % *,-0.2758802939230217
Debt/Equity,0.22990024493585146
Current Ratio,
Quick Ratio,
Financial Leverage (Average),-0.31462660248284624
Fixed Assets Turnover,0.044946657497549475
Cash Conversion Cycle,
Payables Period,
Market Capital Mil,0.8989331499509895
Price/Earning Ratio,0.38636363636363635
Price/Book Ratio,0.044946657497549475
Price/FCF,0.044946657497549475
PEG Ratio,0.1797866299901979
Year End Price,1.0
