,Spearman Correlation
Shares Mil,0.6504589317376691
Revenue_YOY,-0.395138603392042
Operating_YOY,
Income_YOY,-0.56535215562246
EPS_YOY,-0.6079055436800646
Return on Equity %,-0.5762195121951219
Return on Assets %,-0.4012176588288426
Net Margin %,-0.6079055436800646
Earnings Per Share CNY,0.6789022571231583
Book Value Per Share * CNY,0.5471149893120582
Free Cash Flow Per Share * CNY,0.3282689935872349
Payout Ratio % *,-0.2905212361563065
Debt/Equity,0.3547417199382269
Current Ratio,
Quick Ratio,
Financial Leverage (Average),-0.5775102664960613
Fixed Assets Turnover,0.1458973304832155
Cash Conversion Cycle,
Payables Period,
Market Capital Mil,0.960490759014502
Price/Earning Ratio,0.5060975609756098
Price/Book Ratio,0.042553388057604516
Price/FCF,0.060790554368006455
PEG Ratio,0.2553203283456271
Year End Price,1.0
