﻿Date,Name,Price,Volume
10/31/2006,Industrial And Commercial Bank Of China Ltd,3.3,"3,164,586",
11/30/2006,Industrial And Commercial Bank Of China Ltd,3.81,"239,719,583",
12/29/2006,Industrial And Commercial Bank Of China Ltd,6.2,"7,422,155",
01/31/2007,Industrial And Commercial Bank Of China Ltd,5.01,"1,580,085,189",
02/28/2007,Industrial And Commercial Bank Of China Ltd,4.9,"430,616,598",
03/30/2007,Industrial And Commercial Bank Of China Ltd,5.49,"729,288,449",
04/30/2007,Industrial And Commercial Bank Of China Ltd,5.42,"1,017,537,069",
05/31/2007,Industrial And Commercial Bank Of China Ltd,5.48,"740,438,472",
06/29/2007,Industrial And Commercial Bank Of China Ltd,5.01,"911,603,224",
07/31/2007,Industrial And Commercial Bank Of China Ltd,5.74,"1,090,660,711",
08/31/2007,Industrial And Commercial Bank Of China Ltd,6.84,"1,752,692,269",
09/28/2007,Industrial And Commercial Bank Of China Ltd,6.61,"636,576,767",
10/31/2007,Industrial And Commercial Bank Of China Ltd,8.74,"283,537,318",
11/30/2007,Industrial And Commercial Bank Of China Ltd,7.99,"294,717,906",
12/31/2007,Industrial And Commercial Bank Of China Ltd,7.95,"957,887,242",
01/31/2008,Industrial And Commercial Bank Of China Ltd,6.53,"4,773,497",
02/29/2008,Industrial And Commercial Bank Of China Ltd,6.53,"2,609,438",
03/31/2008,Industrial And Commercial Bank Of China Ltd,6.13,"2,600,706",
04/30/2008,Industrial And Commercial Bank Of China Ltd,6.66,"1,041,234,418",
05/30/2008,Industrial And Commercial Bank Of China Ltd,5.88,"2,882,087",
06/30/2008,Industrial And Commercial Bank Of China Ltd,4.96,"1,702,167",
07/31/2008,Industrial And Commercial Bank Of China Ltd,5.07,"2,305,840",
08/29/2008,Industrial And Commercial Bank Of China Ltd,4.93,"1,175,968",
09/30/2008,Industrial And Commercial Bank Of China Ltd,4.35,"4,433,383",
10/31/2008,Industrial And Commercial Bank Of China Ltd,3.62,"4,063,130",
11/28/2008,Industrial And Commercial Bank Of China Ltd,3.83,"3,227,529",
12/31/2008,Industrial And Commercial Bank Of China Ltd,3.54,"3,396,510",
01/30/2009,Industrial And Commercial Bank Of China Ltd,3.66,"264,906,531",
02/27/2009,Industrial And Commercial Bank Of China Ltd,3.73,"1,143,394,014",
03/31/2009,Industrial And Commercial Bank Of China Ltd,3.92,"6,032,436,752",
04/30/2009,Industrial And Commercial Bank Of China Ltd,4.08,"6,369,018,704",
05/29/2009,Industrial And Commercial Bank Of China Ltd,4.34,"5,336,536,832",
06/30/2009,Industrial And Commercial Bank Of China Ltd,5.41,"6,750,382,928",
07/31/2009,Industrial And Commercial Bank Of China Ltd,5.41,"7,948,736,400",
08/31/2009,Industrial And Commercial Bank Of China Ltd,4.48,"5,289,606,976",
09/30/2009,Industrial And Commercial Bank Of China Ltd,4.77,"3,630,933,192",
10/30/2009,Industrial And Commercial Bank Of China Ltd,5.06,"3,397,874,120",
11/30/2009,Industrial And Commercial Bank Of China Ltd,5.23,"4,226,624,664",
12/31/2009,Industrial And Commercial Bank Of China Ltd,5.44,"3,318,732,920",
01/29/2010,Industrial And Commercial Bank Of China Ltd,4.85,"3,807,843,392",
02/26/2010,Industrial And Commercial Bank Of China Ltd,4.87,"1,704,227,588",
03/31/2010,Industrial And Commercial Bank Of China Ltd,4.98,"2,290,438,224",
04/30/2010,Industrial And Commercial Bank Of China Ltd,4.54,"2,800,602,536",
05/31/2010,Industrial And Commercial Bank Of China Ltd,4.26,"2,392,986,904",
06/30/2010,Industrial And Commercial Bank Of China Ltd,4.06,"1,441,992,912",
07/30/2010,Industrial And Commercial Bank Of China Ltd,4.31,"1,485,264,344",
08/31/2010,Industrial And Commercial Bank Of China Ltd,4.08,"1,914,243,424",
09/30/2010,Industrial And Commercial Bank Of China Ltd,4.04,"1,698,065,964",
10/29/2010,Industrial And Commercial Bank Of China Ltd,4.36,"3,354,753,616",
11/30/2010,Industrial And Commercial Bank Of China Ltd,4.2,"9,668,728,736",
12/31/2010,Industrial And Commercial Bank Of China Ltd,4.24,"1,720,430,940",
01/31/2011,Industrial And Commercial Bank Of China Ltd,4.25,"1,341,204,720",
02/28/2011,Industrial And Commercial Bank Of China Ltd,4.26,"1,107,248,388",
03/31/2011,Industrial And Commercial Bank Of China Ltd,4.47,"1,833,579,028",
04/29/2011,Industrial And Commercial Bank Of China Ltd,4.56,"1,156,593,728",
05/31/2011,Industrial And Commercial Bank Of China Ltd,4.56,"1,164,534,772",
06/30/2011,Industrial And Commercial Bank Of China Ltd,4.46,"1,435,791,300",
07/29/2011,Industrial And Commercial Bank Of China Ltd,4.25,"854,772,994",
08/31/2011,Industrial And Commercial Bank Of China Ltd,4.14,"931,093,574",
09/30/2011,Industrial And Commercial Bank Of China Ltd,3.98,"642,006,458",
10/31/2011,Industrial And Commercial Bank Of China Ltd,4.32,"871,763,970",
11/30/2011,Industrial And Commercial Bank Of China Ltd,4.19,"712,181,305",
12/30/2011,Industrial And Commercial Bank Of China Ltd,4.24,"766,880,507",
01/31/2012,Industrial And Commercial Bank Of China Ltd,4.3,"1,197,550,974",
02/29/2012,Industrial And Commercial Bank Of China Ltd,4.43,"1,300,597,012",
03/30/2012,Industrial And Commercial Bank Of China Ltd,4.33,"997,611,167",
04/30/2012,Industrial And Commercial Bank Of China Ltd,4.37,"918,794,180",
05/31/2012,Industrial And Commercial Bank Of China Ltd,4.22,"1,090,374,144",
06/29/2012,Industrial And Commercial Bank Of China Ltd,3.95,"900,092,844",
07/31/2012,Industrial And Commercial Bank Of China Ltd,3.75,"548,949,615",
08/31/2012,Industrial And Commercial Bank Of China Ltd,3.82,"590,751,555",
09/28/2012,Industrial And Commercial Bank Of China Ltd,3.75,"669,772,350",
10/31/2012,Industrial And Commercial Bank Of China Ltd,3.82,"758,179,464",
11/30/2012,Industrial And Commercial Bank Of China Ltd,3.88,"891,995,912",
12/31/2012,Industrial And Commercial Bank Of China Ltd,4.15,"1,536,726,354",
01/31/2013,Industrial And Commercial Bank Of China Ltd,4.4,"2,537,544,080",
02/28/2013,Industrial And Commercial Bank Of China Ltd,4.21,"2,312,180,596",
03/29/2013,Industrial And Commercial Bank Of China Ltd,4.05,"1,344,170,360",
04/30/2013,Industrial And Commercial Bank Of China Ltd,4.05,"994,567,996",
05/31/2013,Industrial And Commercial Bank Of China Ltd,4.18,"1,066,044,700",
06/28/2013,Industrial And Commercial Bank Of China Ltd,4.02,"1,507,700,704",
07/31/2013,Industrial And Commercial Bank Of China Ltd,3.89,"2,166,731,140",
08/30/2013,Industrial And Commercial Bank Of China Ltd,3.9,"925,608,081",
09/30/2013,Industrial And Commercial Bank Of China Ltd,3.86,"1,424,119,258",
10/31/2013,Industrial And Commercial Bank Of China Ltd,3.82,"955,664,946",
11/29/2013,Industrial And Commercial Bank Of China Ltd,3.8,"1,353,232,920",
12/31/2013,Industrial And Commercial Bank Of China Ltd,3.58,"1,666,501,266",
01/31/2014,Industrial And Commercial Bank Of China Ltd,3.41,"1,238,650,623",
02/28/2014,Industrial And Commercial Bank Of China Ltd,3.34,"966,202,437",
03/31/2014,Industrial And Commercial Bank Of China Ltd,3.45,"1,249,104,859",
04/30/2014,Industrial And Commercial Bank Of China Ltd,3.44,"1,006,335,033",
05/30/2014,Industrial And Commercial Bank Of China Ltd,3.56,"891,908,524",
06/30/2014,Industrial And Commercial Bank Of China Ltd,3.39,"1,408,348,457",
07/31/2014,Industrial And Commercial Bank Of China Ltd,3.6,"1,413,817,390",
08/29/2014,Industrial And Commercial Bank Of China Ltd,3.46,"1,453,570,394",
09/30/2014,Industrial And Commercial Bank Of China Ltd,3.53,"1,701,335,825",
10/31/2014,Industrial And Commercial Bank Of China Ltd,3.66,"1,910,670,397",
11/28/2014,Industrial And Commercial Bank Of China Ltd,4.04,"4,362,079,138",
12/31/2014,Industrial And Commercial Bank Of China Ltd,4.87,"16,983,301,463",
01/30/2015,Industrial And Commercial Bank Of China Ltd,4.54,"16,943,407,707",
02/27/2015,Industrial And Commercial Bank Of China Ltd,4.58,"8,190,505,203",
03/31/2015,Industrial And Commercial Bank Of China Ltd,4.86,"11,478,485,828",
04/30/2015,Industrial And Commercial Bank Of China Ltd,5.41,"19,772,907,717",
05/29/2015,Industrial And Commercial Bank Of China Ltd,5.07,"10,674,780,665",
06/30/2015,Industrial And Commercial Bank Of China Ltd,5.28,"15,984,315,951",
07/31/2015,Industrial And Commercial Bank Of China Ltd,4.83,"24,642,163,765",
08/31/2015,Industrial And Commercial Bank Of China Ltd,4.19,"7,020,497,401",
09/30/2015,Industrial And Commercial Bank Of China Ltd,4.32,"9,286,647,254",
10/30/2015,Industrial And Commercial Bank Of China Ltd,4.57,"3,061,861,091",
11/30/2015,Industrial And Commercial Bank Of China Ltd,4.62,"4,298,993,547",
12/31/2015,Industrial And Commercial Bank Of China Ltd,4.58,"4,072,736,186",
01/29/2016,Industrial And Commercial Bank Of China Ltd,4.1,"2,403,022,253",
02/29/2016,Industrial And Commercial Bank Of China Ltd,4.03,"1,981,338,310",
03/31/2016,Industrial And Commercial Bank Of China Ltd,4.29,"3,356,434,296",
04/29/2016,Industrial And Commercial Bank Of China Ltd,4.26,"1,498,431,044",
05/31/2016,Industrial And Commercial Bank Of China Ltd,4.36,"1,241,901,109",
06/30/2016,Industrial And Commercial Bank Of China Ltd,4.44,"1,102,999,622",
07/29/2016,Industrial And Commercial Bank Of China Ltd,4.3,"1,609,181,751",
08/31/2016,Industrial And Commercial Bank Of China Ltd,4.53,"2,423,985,743",
09/30/2016,Industrial And Commercial Bank Of China Ltd,4.43,"1,537,195,938",
10/31/2016,Industrial And Commercial Bank Of China Ltd,4.43,"1,220,196,178",
11/30/2016,Industrial And Commercial Bank Of China Ltd,4.52,"2,746,186,275",
12/30/2016,Industrial And Commercial Bank Of China Ltd,4.41,"2,407,870,994",
01/31/2017,Industrial And Commercial Bank Of China Ltd,4.6,"2,114,242,774",
02/28/2017,Industrial And Commercial Bank Of China Ltd,4.69,"1,587,623,179",
03/31/2017,Industrial And Commercial Bank Of China Ltd,4.84,"2,037,338,087",
04/28/2017,Industrial And Commercial Bank Of China Ltd,4.88,"1,765,282,075",
05/31/2017,Industrial And Commercial Bank Of China Ltd,5.25,"2,542,554,248",
06/30/2017,Industrial And Commercial Bank Of China Ltd,5.25,"3,994,964,137",
07/31/2017,Industrial And Commercial Bank Of China Ltd,5.51,"3,657,894,407",
08/31/2017,Industrial And Commercial Bank Of China Ltd,5.9,"3,904,251,536",
09/29/2017,Industrial And Commercial Bank Of China Ltd,6,"3,616,060,655",
10/31/2017,Industrial And Commercial Bank Of China Ltd,6.1,"4,616,928,015",
11/30/2017,Industrial And Commercial Bank Of China Ltd,5.92,"6,307,506,507",
12/29/2017,Industrial And Commercial Bank Of China Ltd,6.2,"3,924,400,733",
01/31/2018,Industrial And Commercial Bank Of China Ltd,7.48,"8,770,484,323",
02/28/2018,Industrial And Commercial Bank Of China Ltd,6.67,"6,830,495,233",
03/30/2018,Industrial And Commercial Bank Of China Ltd,6.09,"6,091,236,708",
04/30/2018,Industrial And Commercial Bank Of China Ltd,6,"5,257,288,473",
05/31/2018,Industrial And Commercial Bank Of China Ltd,5.66,"4,507,190,465",
06/29/2018,Industrial And Commercial Bank Of China Ltd,5.32,"3,824,871,995",
07/31/2018,Industrial And Commercial Bank Of China Ltd,5.65,"4,062,786,851",
08/31/2018,Industrial And Commercial Bank Of China Ltd,5.44,"3,493,220,112",
09/28/2018,Industrial And Commercial Bank Of China Ltd,5.77,"2,962,242,471",
10/31/2018,Industrial And Commercial Bank Of China Ltd,5.63,"4,361,233,329",
11/30/2018,Industrial And Commercial Bank Of China Ltd,5.33,"3,355,026,635",
12/31/2018,Industrial And Commercial Bank Of China Ltd,5.29,"2,315,963,005",
01/31/2019,Industrial And Commercial Bank Of China Ltd,5.66,"3,108,388,973",
02/28/2019,Industrial And Commercial Bank Of China Ltd,5.75,"4,469,666,233",
03/29/2019,Industrial And Commercial Bank Of China Ltd,5.57,"6,289,007,414",
04/30/2019,Industrial And Commercial Bank Of China Ltd,5.81,"6,656,102,004",
05/31/2019,Industrial And Commercial Bank Of China Ltd,5.61,"3,952,115,399",
06/28/2019,Industrial And Commercial Bank Of China Ltd,5.89,"4,471,467,927",
07/31/2019,Industrial And Commercial Bank Of China Ltd,5.64,"3,392,774,781",
08/30/2019,Industrial And Commercial Bank Of China Ltd,5.39,"3,235,607,441",
09/30/2019,Industrial And Commercial Bank Of China Ltd,5.53,"3,303,416,452",
10/31/2019,Industrial And Commercial Bank Of China Ltd,5.91,"3,289,970,646",
11/29/2019,Industrial And Commercial Bank Of China Ltd,5.79,"2,504,586,105",
12/31/2019,Industrial And Commercial Bank Of China Ltd,5.88,"2,681,323,225",
01/31/2020,Industrial And Commercial Bank Of China Ltd,5.72,"3,787,472,930",
02/28/2020,Industrial And Commercial Bank Of China Ltd,5.3,"5,007,970,278",
03/31/2020,Industrial And Commercial Bank Of China Ltd,5.15,"4,972,270,846",
04/03/2020,Industrial And Commercial Bank Of China Ltd,5.14,"334,348,708",
