,Spearman Correlation
Shares Mil,0.6808542089216723
Revenue_YOY,-0.37690143708164003
Operating_YOY,
Income_YOY,-0.5714312110592606
EPS_YOY,-0.583589321932862
Return on Equity %,-0.8206724839680871
Return on Assets %,-0.8492669517888335
Net Margin %,-0.9118583155200969
Earnings Per Share CNY,0.8475609756097561
Book Value Per Share * CNY,0.8024353176576852
Free Cash Flow Per Share * CNY,0.6747751534848716
Payout Ratio % *,-0.4680872686336497
Debt/Equity,0.46177585957476086
Current Ratio,
Quick Ratio,
Financial Leverage (Average),-0.8024353176576852
Fixed Assets Turnover,-0.7416447632896788
Cash Conversion Cycle,
Payables Period,
Market Capital Mil,0.9787279253249039
Price/Earning Ratio,0.40729671426564323
Price/Book Ratio,-0.47416632407045034
Price/FCF,0.05471149893120581
PEG Ratio,0.5304878048780488
Year End Price,1.0
