,Kendal Correlation
Shares Mil,0.4944132324730442
Revenue_YOY,-0.1797866299901979
Operating_YOY,
Income_YOY,-0.31462660248284624
EPS_YOY,-0.3595732599803958
Return on Equity %,-0.5843065474681431
Return on Assets %,-0.6746010525388915
Net Margin %,-0.764093177458341
Earnings Per Share CNY,0.6590909090909091
Book Value Per Share * CNY,0.5393598899705937
Free Cash Flow Per Share * CNY,0.5393598899705937
Payout Ratio % *,-0.31462660248284624
Debt/Equity,0.321860342910192
Current Ratio,
Quick Ratio,
Financial Leverage (Average),-0.5393598899705937
Fixed Assets Turnover,-0.5393598899705937
Cash Conversion Cycle,
Payables Period,
Market Capital Mil,0.9438798074485389
Price/Earning Ratio,0.40451991747794525
Price/Book Ratio,-0.31462660248284624
Price/FCF,0.0
PEG Ratio,0.34090909090909094
Year End Price,1.0
