,Pearson Correlation
Shares Mil,0.6004801987277973
Revenue_YOY,-0.263090047272278
Operating_YOY,
Income_YOY,-0.47132115667823454
EPS_YOY,-0.4722995729751167
Return on Equity %,-0.8003176597831311
Return on Assets %,-0.8076106550349436
Net Margin %,-0.8470181009648333
Earnings Per Share CNY,0.5750103881117041
Book Value Per Share * CNY,0.7845088590272177
Free Cash Flow Per Share * CNY,0.6556566015864871
Payout Ratio % *,-0.554988551971635
Debt/Equity,0.7420300404668595
Current Ratio,
Quick Ratio,
Financial Leverage (Average),-0.7182238557864598
Fixed Assets Turnover,-0.727123286764566
Cash Conversion Cycle,
Payables Period,
Market Capital Mil,0.9976608184510016
Price/Earning Ratio,0.3861145262119688
Price/Book Ratio,-0.401280721881955
Price/FCF,0.034800416561990476
PEG Ratio,-0.1423106673209791
Year End Price,1.0
