﻿Date,Name,Price,Volume
04/30/1998,Wuliangye Yibin Co Ltd,4.8166702578,"46,707,819",
05/29/1998,Wuliangye Yibin Co Ltd,5.3867700927,"47,013,438",
06/30/1998,Wuliangye Yibin Co Ltd,4.5518207283,"13,741,462",
07/31/1998,Wuliangye Yibin Co Ltd,4.184622567,"11,719,267",
08/31/1998,Wuliangye Yibin Co Ltd,3.5040939453,"12,844,519",
09/30/1998,Wuliangye Yibin Co Ltd,3.6872441284,"10,819,945",
10/30/1998,Wuliangye Yibin Co Ltd,3.5103785104,"6,826,375",
11/30/1998,Wuliangye Yibin Co Ltd,3.9116928823,"15,496,616",
12/31/1998,Wuliangye Yibin Co Ltd,3.663003663,"6,398,571",
01/29/1999,Wuliangye Yibin Co Ltd,3.6674926381,"5,237,326",
02/26/1999,Wuliangye Yibin Co Ltd,3.5202542555,"7,017,082",
03/31/1999,Wuliangye Yibin Co Ltd,3.3218415571,"5,468,999",
04/30/1999,Wuliangye Yibin Co Ltd,3.0758457229,"8,355,664",
05/31/1999,Wuliangye Yibin Co Ltd,3.2715650363,"11,800,176",
06/30/1999,Wuliangye Yibin Co Ltd,4.3148028442,"45,604,315",
07/30/1999,Wuliangye Yibin Co Ltd,4.363283775,"31,657,261",
08/31/1999,Wuliangye Yibin Co Ltd,4.2591395533,"11,768,575",
09/30/1999,Wuliangye Yibin Co Ltd,4.2272678302,"9,613,089",
10/29/1999,Wuliangye Yibin Co Ltd,3.807099763,"8,193,387",
11/30/1999,Wuliangye Yibin Co Ltd,3.8326869209,"5,553,952",
12/31/1999,Wuliangye Yibin Co Ltd,3.9458090929,"12,198,408",
01/31/2000,Wuliangye Yibin Co Ltd,4.4831394096,"46,008,549",
02/29/2000,Wuliangye Yibin Co Ltd,4.4104180134,"91,991,936",
03/31/2000,Wuliangye Yibin Co Ltd,4.0602779573,"32,492,289",
04/28/2000,Wuliangye Yibin Co Ltd,4.2016806723,"23,781,958",
05/31/2000,Wuliangye Yibin Co Ltd,4.069704805,"16,648,372",
06/30/2000,Wuliangye Yibin Co Ltd,4.3996444732,"26,856,274",
07/31/2000,Wuliangye Yibin Co Ltd,4.5127666451,"23,572,185",
08/31/2000,Wuliangye Yibin Co Ltd,4.5060331825,"30,019,969",
09/29/2000,Wuliangye Yibin Co Ltd,4.1585865115,"10,307,121",
10/31/2000,Wuliangye Yibin Co Ltd,4.2851756087,"9,246,283",
11/30/2000,Wuliangye Yibin Co Ltd,5.2776879983,"72,191,601",
12/29/2000,Wuliangye Yibin Co Ltd,5.3248222366,"18,685,091",
01/31/2001,Wuliangye Yibin Co Ltd,4.9679487179,"32,489,762",
02/28/2001,Wuliangye Yibin Co Ltd,4.5316203404,"18,924,851",
03/30/2001,Wuliangye Yibin Co Ltd,5.1039646628,"29,214,974",
04/30/2001,Wuliangye Yibin Co Ltd,5.0487502693,"24,426,007",
05/31/2001,Wuliangye Yibin Co Ltd,5.204966602,"41,859,039",
06/29/2001,Wuliangye Yibin Co Ltd,5.2844214609,"25,270,404",
07/31/2001,Wuliangye Yibin Co Ltd,5.117431588,"46,734,244",
08/31/2001,Wuliangye Yibin Co Ltd,5.1012712777,"23,552,979",
09/28/2001,Wuliangye Yibin Co Ltd,4.1597985348,"30,755,048",
10/31/2001,Wuliangye Yibin Co Ltd,4.1117216117,"34,187,336",
11/30/2001,Wuliangye Yibin Co Ltd,4.1208791209,"24,434,915",
12/31/2001,Wuliangye Yibin Co Ltd,4.842032967,"78,183,861",
01/31/2002,Wuliangye Yibin Co Ltd,4.6382783883,"60,826,815",
02/28/2002,Wuliangye Yibin Co Ltd,4.581043956,"38,803,628",
03/29/2002,Wuliangye Yibin Co Ltd,4.6153846154,"63,584,075",
04/30/2002,Wuliangye Yibin Co Ltd,4.4613095238,"22,399,128",
05/31/2002,Wuliangye Yibin Co Ltd,4.1666666667,"25,021,511",
06/28/2002,Wuliangye Yibin Co Ltd,4.6666666667,"45,462,920",
07/31/2002,Wuliangye Yibin Co Ltd,4.3154761905,"33,844,689",
08/30/2002,Wuliangye Yibin Co Ltd,4.0625,"35,217,550",
09/30/2002,Wuliangye Yibin Co Ltd,3.8333333333,"25,835,738",
10/31/2002,Wuliangye Yibin Co Ltd,3.4404761905,"27,550,617",
11/29/2002,Wuliangye Yibin Co Ltd,3.3839285714,"27,282,188",
12/31/2002,Wuliangye Yibin Co Ltd,3.4494047619,"31,503,966",
01/31/2003,Wuliangye Yibin Co Ltd,3.6488095238,"58,017,847",
02/28/2003,Wuliangye Yibin Co Ltd,3.5148809524,"24,999,232",
03/31/2003,Wuliangye Yibin Co Ltd,3.4166666667,"24,395,152",
04/30/2003,Wuliangye Yibin Co Ltd,3.3785714286,"97,703,078",
05/30/2003,Wuliangye Yibin Co Ltd,3.7,"79,240,254",
06/30/2003,Wuliangye Yibin Co Ltd,3.4964285714,"75,398,301",
07/31/2003,Wuliangye Yibin Co Ltd,3.7392857143,"183,639,164",
08/29/2003,Wuliangye Yibin Co Ltd,3.3142857143,"49,886,320",
09/30/2003,Wuliangye Yibin Co Ltd,3.3571428571,"36,060,939",
10/31/2003,Wuliangye Yibin Co Ltd,3.575,"45,894,702",
11/28/2003,Wuliangye Yibin Co Ltd,3.6392857143,"45,302,280",
12/31/2003,Wuliangye Yibin Co Ltd,3.9964285714,"106,869,890",
01/30/2004,Wuliangye Yibin Co Ltd,4.1928571429,"97,771,340",
02/27/2004,Wuliangye Yibin Co Ltd,4.8464285714,"245,696,548",
03/31/2004,Wuliangye Yibin Co Ltd,5.0428571429,"162,911,226",
04/30/2004,Wuliangye Yibin Co Ltd,4.9571428571,"291,532,528",
05/31/2004,Wuliangye Yibin Co Ltd,4.6142857143,"112,589,976",
06/30/2004,Wuliangye Yibin Co Ltd,4.3714285714,"69,393,774",
07/30/2004,Wuliangye Yibin Co Ltd,4.6357142857,"93,178,854",
08/31/2004,Wuliangye Yibin Co Ltd,4.5928571429,"51,972,019",
09/30/2004,Wuliangye Yibin Co Ltd,5.4071428571,"297,910,578",
10/29/2004,Wuliangye Yibin Co Ltd,5.2428571429,"354,480,182",
11/30/2004,Wuliangye Yibin Co Ltd,5.0928571429,"108,114,083",
12/31/2004,Wuliangye Yibin Co Ltd,4.7857142857,"72,230,686",
01/31/2005,Wuliangye Yibin Co Ltd,5.1,"69,501,657",
02/28/2005,Wuliangye Yibin Co Ltd,5.35,"210,586,735",
03/31/2005,Wuliangye Yibin Co Ltd,4.95,"175,302,020",
04/29/2005,Wuliangye Yibin Co Ltd,5.4714285714,"219,871,265",
05/31/2005,Wuliangye Yibin Co Ltd,5.0714285714,"159,673,046",
06/30/2005,Wuliangye Yibin Co Ltd,5.3714285714,"227,117,899",
07/29/2005,Wuliangye Yibin Co Ltd,5.7142857143,"141,320,885",
08/31/2005,Wuliangye Yibin Co Ltd,5.5571428571,"237,591,969",
09/30/2005,Wuliangye Yibin Co Ltd,5.3428571429,"139,121,874",
10/31/2005,Wuliangye Yibin Co Ltd,4.8142857143,"107,259",
11/30/2005,Wuliangye Yibin Co Ltd,4.85,"59,350",
12/30/2005,Wuliangye Yibin Co Ltd,5.1857142857,"10,935,322",
01/31/2006,Wuliangye Yibin Co Ltd,5.7928571429,"322,687",
02/28/2006,Wuliangye Yibin Co Ltd,5.7928571429,"484,600",
03/31/2006,Wuliangye Yibin Co Ltd,4.8071428571,"419,691",
04/28/2006,Wuliangye Yibin Co Ltd,7.5571428571,"847,450",
05/31/2006,Wuliangye Yibin Co Ltd,9.2642857143,"223,665,351",
06/30/2006,Wuliangye Yibin Co Ltd,10.3857142857,"639,549",
07/31/2006,Wuliangye Yibin Co Ltd,9.75,"31,967,160",
08/31/2006,Wuliangye Yibin Co Ltd,9.4357142857,"231,307",
09/29/2006,Wuliangye Yibin Co Ltd,9.2785714286,"161,380",
10/31/2006,Wuliangye Yibin Co Ltd,8.8642857143,"31,872,529",
11/30/2006,Wuliangye Yibin Co Ltd,11.8714285714,"81,458,331",
12/29/2006,Wuliangye Yibin Co Ltd,16.3214285714,"507,421",
01/31/2007,Wuliangye Yibin Co Ltd,18.2714285714,"31,776,643",
02/28/2007,Wuliangye Yibin Co Ltd,17.9714285714,"16,445,562",
03/30/2007,Wuliangye Yibin Co Ltd,18.6357142857,"123,038,206",
04/30/2007,Wuliangye Yibin Co Ltd,25.4714285714,"70,252,249",
05/31/2007,Wuliangye Yibin Co Ltd,29.95,"72,790,690",
06/29/2007,Wuliangye Yibin Co Ltd,31.46,"993,482",
07/31/2007,Wuliangye Yibin Co Ltd,33.08,"649,923",
08/31/2007,Wuliangye Yibin Co Ltd,35.65,"80,253,656",
09/28/2007,Wuliangye Yibin Co Ltd,42.45,"28,330,001",
10/31/2007,Wuliangye Yibin Co Ltd,45,"99,705,573",
11/30/2007,Wuliangye Yibin Co Ltd,35.07,"199,372,527",
12/31/2007,Wuliangye Yibin Co Ltd,45.48,"427,030,038",
01/31/2008,Wuliangye Yibin Co Ltd,37.75,"595,977,355",
02/29/2008,Wuliangye Yibin Co Ltd,36.2,"326,659,210",
03/31/2008,Wuliangye Yibin Co Ltd,24.2,"377,582,241",
04/30/2008,Wuliangye Yibin Co Ltd,28.45,"805,146,370",
05/30/2008,Wuliangye Yibin Co Ltd,22.6,"524,114,536",
06/30/2008,Wuliangye Yibin Co Ltd,18.22,"351,361,255",
07/31/2008,Wuliangye Yibin Co Ltd,20.8,"685,664,372",
08/29/2008,Wuliangye Yibin Co Ltd,18.83,"365,260,415",
09/30/2008,Wuliangye Yibin Co Ltd,16.7,"372,754,960",
10/31/2008,Wuliangye Yibin Co Ltd,12.22,"364,629,697",
11/28/2008,Wuliangye Yibin Co Ltd,15.48,"653,738,026",
12/31/2008,Wuliangye Yibin Co Ltd,13.34,"563,660,165",
01/30/2009,Wuliangye Yibin Co Ltd,14.13,"601,014,925",
02/27/2009,Wuliangye Yibin Co Ltd,14.99,"1,299,316,872",
03/31/2009,Wuliangye Yibin Co Ltd,15.92,"898,648,596",
04/30/2009,Wuliangye Yibin Co Ltd,16.57,"1,357,297,316",
05/29/2009,Wuliangye Yibin Co Ltd,16.64,"802,754,918",
06/30/2009,Wuliangye Yibin Co Ltd,19.73,"1,379,048,316",
07/31/2009,Wuliangye Yibin Co Ltd,23.52,"1,212,150,474",
08/31/2009,Wuliangye Yibin Co Ltd,21.57,"975,034,494",
09/30/2009,Wuliangye Yibin Co Ltd,20.91,"1,375,158,420",
10/30/2009,Wuliangye Yibin Co Ltd,22.43,"1,046,851,934",
11/30/2009,Wuliangye Yibin Co Ltd,28.44,"999,451,656",
12/31/2009,Wuliangye Yibin Co Ltd,31.66,"908,347,962",
01/29/2010,Wuliangye Yibin Co Ltd,29.19,"688,518,936",
02/26/2010,Wuliangye Yibin Co Ltd,28.04,"294,852,839",
03/31/2010,Wuliangye Yibin Co Ltd,28.17,"425,921,939",
04/30/2010,Wuliangye Yibin Co Ltd,26.29,"592,772,744",
05/31/2010,Wuliangye Yibin Co Ltd,24.86,"297,923,920",
06/30/2010,Wuliangye Yibin Co Ltd,24.23,"311,333,489",
07/30/2010,Wuliangye Yibin Co Ltd,27.78,"308,861,543",
08/31/2010,Wuliangye Yibin Co Ltd,31.72,"501,378,207",
09/30/2010,Wuliangye Yibin Co Ltd,34.33,"399,878,797",
10/29/2010,Wuliangye Yibin Co Ltd,36.5,"710,627,135",
11/30/2010,Wuliangye Yibin Co Ltd,39.13,"815,030,026",
12/31/2010,Wuliangye Yibin Co Ltd,34.63,"673,625,088",
01/31/2011,Wuliangye Yibin Co Ltd,32.85,"407,426,206",
02/28/2011,Wuliangye Yibin Co Ltd,32.97,"416,892,196",
03/31/2011,Wuliangye Yibin Co Ltd,31.89,"575,851,414",
04/29/2011,Wuliangye Yibin Co Ltd,32.97,"450,140,450",
05/31/2011,Wuliangye Yibin Co Ltd,33.01,"438,839,409",
06/30/2011,Wuliangye Yibin Co Ltd,35.72,"467,724,538",
07/29/2011,Wuliangye Yibin Co Ltd,38,"469,623,257",
08/31/2011,Wuliangye Yibin Co Ltd,40.4,"580,023,951",
09/30/2011,Wuliangye Yibin Co Ltd,36.3,"300,484,568",
10/31/2011,Wuliangye Yibin Co Ltd,36.69,"297,230,089",
11/30/2011,Wuliangye Yibin Co Ltd,37.53,"414,524,078",
12/30/2011,Wuliangye Yibin Co Ltd,32.8,"303,740,472",
01/31/2012,Wuliangye Yibin Co Ltd,31.99,"419,546,212",
02/29/2012,Wuliangye Yibin Co Ltd,35.24,"342,974,187",
03/30/2012,Wuliangye Yibin Co Ltd,32.84,"403,635,716",
04/30/2012,Wuliangye Yibin Co Ltd,35.62,"350,904,281",
05/31/2012,Wuliangye Yibin Co Ltd,32.25,"570,147,587",
06/29/2012,Wuliangye Yibin Co Ltd,32.76,"326,397,983",
07/31/2012,Wuliangye Yibin Co Ltd,35,"865,943,553",
08/31/2012,Wuliangye Yibin Co Ltd,32.57,"435,729,044",
09/28/2012,Wuliangye Yibin Co Ltd,33.9,"305,270,826",
10/31/2012,Wuliangye Yibin Co Ltd,33.6,"436,025,526",
11/30/2012,Wuliangye Yibin Co Ltd,26.97,"513,341,860",
12/31/2012,Wuliangye Yibin Co Ltd,28.23,"1,101,157,848",
01/31/2013,Wuliangye Yibin Co Ltd,25.5,"1,086,326,544",
02/28/2013,Wuliangye Yibin Co Ltd,24.44,"806,495,778",
03/29/2013,Wuliangye Yibin Co Ltd,22.34,"535,335,732",
04/30/2013,Wuliangye Yibin Co Ltd,21.95,"415,476,817",
05/31/2013,Wuliangye Yibin Co Ltd,23.75,"531,805,377",
06/28/2013,Wuliangye Yibin Co Ltd,20.04,"353,374,469",
07/31/2013,Wuliangye Yibin Co Ltd,18.95,"377,847,547",
08/30/2013,Wuliangye Yibin Co Ltd,19.37,"492,342,135",
09/30/2013,Wuliangye Yibin Co Ltd,18,"507,058,835",
10/31/2013,Wuliangye Yibin Co Ltd,16.31,"459,608,042",
11/29/2013,Wuliangye Yibin Co Ltd,16.75,"365,398,299",
12/31/2013,Wuliangye Yibin Co Ltd,15.66,"319,836,731",
01/31/2014,Wuliangye Yibin Co Ltd,14.64,"445,294,849",
02/28/2014,Wuliangye Yibin Co Ltd,15.27,"470,619,667",
03/31/2014,Wuliangye Yibin Co Ltd,16.67,"777,784,624",
04/30/2014,Wuliangye Yibin Co Ltd,17.6,"378,004,594",
05/30/2014,Wuliangye Yibin Co Ltd,16.78,"219,748,258",
06/30/2014,Wuliangye Yibin Co Ltd,17.93,"206,495,379",
07/31/2014,Wuliangye Yibin Co Ltd,19.39,"487,023,539",
08/29/2014,Wuliangye Yibin Co Ltd,18.73,"377,693,689",
09/30/2014,Wuliangye Yibin Co Ltd,18.47,"427,606,242",
10/31/2014,Wuliangye Yibin Co Ltd,17.69,"464,826,289",
11/28/2014,Wuliangye Yibin Co Ltd,18.1,"633,653,464",
12/31/2014,Wuliangye Yibin Co Ltd,21.5,"2,085,768,098",
01/30/2015,Wuliangye Yibin Co Ltd,22.2,"1,416,047,332",
02/27/2015,Wuliangye Yibin Co Ltd,21.38,"633,546,486",
03/31/2015,Wuliangye Yibin Co Ltd,23.18,"1,205,034,552",
04/30/2015,Wuliangye Yibin Co Ltd,26.11,"2,001,764,025",
05/29/2015,Wuliangye Yibin Co Ltd,26.83,"1,333,309,010",
06/30/2015,Wuliangye Yibin Co Ltd,31.7,"2,091,381,439",
07/31/2015,Wuliangye Yibin Co Ltd,25.73,"1,995,621,592",
08/31/2015,Wuliangye Yibin Co Ltd,25.73,"437,399,046",
09/30/2015,Wuliangye Yibin Co Ltd,25.73,"458,227,572",
10/30/2015,Wuliangye Yibin Co Ltd,25.73,"458,227,572",
11/30/2015,Wuliangye Yibin Co Ltd,24.03,"818,173,444",
12/31/2015,Wuliangye Yibin Co Ltd,27.28,"656,079,046",
01/29/2016,Wuliangye Yibin Co Ltd,23.66,"450,746,069",
02/29/2016,Wuliangye Yibin Co Ltd,22.46,"326,557,208",
03/31/2016,Wuliangye Yibin Co Ltd,28.11,"689,320,870",
04/29/2016,Wuliangye Yibin Co Ltd,28.4,"467,836,999",
05/31/2016,Wuliangye Yibin Co Ltd,30.03,"720,357,899",
06/30/2016,Wuliangye Yibin Co Ltd,32.53,"507,132,079",
07/29/2016,Wuliangye Yibin Co Ltd,36.17,"866,709,613",
08/31/2016,Wuliangye Yibin Co Ltd,34.91,"649,225,254",
09/30/2016,Wuliangye Yibin Co Ltd,33.36,"413,989,409",
10/31/2016,Wuliangye Yibin Co Ltd,34.98,"496,031,290",
11/30/2016,Wuliangye Yibin Co Ltd,35.93,"511,282,223",
12/30/2016,Wuliangye Yibin Co Ltd,34.48,"538,762,864",
01/31/2017,Wuliangye Yibin Co Ltd,37,"498,898,789",
02/28/2017,Wuliangye Yibin Co Ltd,39.56,"405,467,958",
03/31/2017,Wuliangye Yibin Co Ltd,43,"544,299,951",
04/28/2017,Wuliangye Yibin Co Ltd,45.5,"502,196,569",
05/31/2017,Wuliangye Yibin Co Ltd,47.88,"484,714,514",
06/30/2017,Wuliangye Yibin Co Ltd,55.66,"660,052,228",
07/31/2017,Wuliangye Yibin Co Ltd,55.76,"612,396,179",
08/31/2017,Wuliangye Yibin Co Ltd,55.49,"572,868,205",
09/29/2017,Wuliangye Yibin Co Ltd,57.28,"487,508,096",
10/31/2017,Wuliangye Yibin Co Ltd,66.62,"511,512,959",
11/30/2017,Wuliangye Yibin Co Ltd,65.6,"675,938,236",
12/29/2017,Wuliangye Yibin Co Ltd,79.88,"695,761,263",
01/31/2018,Wuliangye Yibin Co Ltd,84.38,"856,407,568",
02/28/2018,Wuliangye Yibin Co Ltd,74.28,"728,652,308",
03/30/2018,Wuliangye Yibin Co Ltd,66.36,"699,816,019",
04/30/2018,Wuliangye Yibin Co Ltd,67.98,"621,974,997",
05/31/2018,Wuliangye Yibin Co Ltd,78.98,"610,908,753",
06/29/2018,Wuliangye Yibin Co Ltd,76,"661,912,945",
07/31/2018,Wuliangye Yibin Co Ltd,72.15,"546,221,276",
08/31/2018,Wuliangye Yibin Co Ltd,61.9,"610,039,570",
09/28/2018,Wuliangye Yibin Co Ltd,67.95,"507,052,608",
10/31/2018,Wuliangye Yibin Co Ltd,48.15,"755,592,534",
11/30/2018,Wuliangye Yibin Co Ltd,52.39,"553,449,426",
12/31/2018,Wuliangye Yibin Co Ltd,50.88,"380,742,148",
01/31/2019,Wuliangye Yibin Co Ltd,60.3,"715,840,170",
02/28/2019,Wuliangye Yibin Co Ltd,71.5,"786,971,167",
03/29/2019,Wuliangye Yibin Co Ltd,95,"927,542,614",
04/30/2019,Wuliangye Yibin Co Ltd,102.36,"974,617,271",
05/31/2019,Wuliangye Yibin Co Ltd,101.25,"971,460,645",
06/28/2019,Wuliangye Yibin Co Ltd,117.95,"695,480,698",
07/31/2019,Wuliangye Yibin Co Ltd,120.71,"815,107,008",
08/30/2019,Wuliangye Yibin Co Ltd,141.5,"692,246,188",
09/30/2019,Wuliangye Yibin Co Ltd,129.8,"618,463,723",
10/31/2019,Wuliangye Yibin Co Ltd,132.08,"542,311,061",
11/29/2019,Wuliangye Yibin Co Ltd,127.55,"391,595,429",
12/31/2019,Wuliangye Yibin Co Ltd,133.01,"359,264,883",
01/31/2020,Wuliangye Yibin Co Ltd,126.16,"688,951,739",
02/28/2020,Wuliangye Yibin Co Ltd,120.6,"536,219,784",
03/31/2020,Wuliangye Yibin Co Ltd,115.2,"688,614,122",
04/03/2020,Wuliangye Yibin Co Ltd,117.52,"54,331,177",
