,Spearman Correlation
Shares Mil,0.37370019738311344
Revenue_YOY,0.503030303030303
Operating_YOY,0.5272727272727272
Income_YOY,0.4909090909090909
EPS_YOY,0.4909090909090909
Return on Equity %,0.05454545454545454
Return on Assets %,-0.12727272727272726
Net Margin %,0.05454545454545454
Earnings Per Share CNY,0.22424242424242424
Book Value Per Share * CNY,0.3039527718400323
Free Cash Flow Per Share * CNY,0.5393939393939394
Payout Ratio % *,-0.05454545454545454
Debt/Equity,
Current Ratio,-0.503030303030303
Quick Ratio,-0.4498501023232478
Financial Leverage (Average),0.4909090909090909
Fixed Assets Turnover,0.3575757575757576
Cash Conversion Cycle,-0.3333333333333333
Payables Period,0.34545454545454546
Market Capital Mil,1.0
Price/Earning Ratio,0.6242424242424243
Price/Book Ratio,0.6727272727272727
Price/FCF,-0.07878787878787878
PEG Ratio,0.45454545454545453
Year End Price,1.0
