,Pearson Correlation
Shares Mil,0.30532446602196445
Revenue_YOY,0.4020160882013989
Operating_YOY,0.42507691122264757
Income_YOY,0.41756074478306815
EPS_YOY,0.41286165129695546
Return on Equity %,-0.11306657660954451
Return on Assets %,-0.1454185604669661
Net Margin %,0.21186400225050614
Earnings Per Share CNY,0.45096017502079566
Book Value Per Share * CNY,0.4821448180543889
Free Cash Flow Per Share * CNY,0.34575054798902066
Payout Ratio % *,0.16775831397077678
Debt/Equity,
Current Ratio,-0.21716904112838756
Quick Ratio,-0.17009425766640957
Financial Leverage (Average),0.13779872046092417
Fixed Assets Turnover,0.5290063874463031
Cash Conversion Cycle,-0.3515383023834589
Payables Period,0.7467361567262499
Market Capital Mil,0.9999209020111979
Price/Earning Ratio,0.489314008563444
Price/Book Ratio,0.45056209216209936
Price/FCF,-0.2663531363727773
PEG Ratio,0.12976345012782936
Year End Price,1.0
