,Kendal Correlation
Shares Mil,0.2635231383473649
Revenue_YOY,0.3333333333333333
Operating_YOY,0.4222222222222222
Income_YOY,0.37777777777777777
EPS_YOY,0.37777777777777777
Return on Equity %,-0.022222222222222223
Return on Assets %,-0.19999999999999998
Net Margin %,0.06666666666666667
Earnings Per Share CNY,0.15555555555555553
Book Value Per Share * CNY,0.17978662999019787
Free Cash Flow Per Share * CNY,0.3333333333333333
Payout Ratio % *,-0.06666666666666667
Debt/Equity,
Current Ratio,-0.3333333333333333
Quick Ratio,-0.26967994498529685
Financial Leverage (Average),0.3333333333333333
Fixed Assets Turnover,0.24444444444444444
Cash Conversion Cycle,-0.19999999999999998
Payables Period,0.24444444444444444
Market Capital Mil,0.9999999999999999
Price/Earning Ratio,0.4666666666666666
Price/Book Ratio,0.5555555555555555
Price/FCF,-0.022222222222222223
PEG Ratio,0.3333333333333333
Year End Price,1.0
