,Kendal Correlation
Shares Mil,0.3333333333333333
Revenue_YOY,-0.15555555555555553
Operating_YOY,-0.022222222222222223
Income_YOY,0.1111111111111111
EPS_YOY,0.022222222222222223
Return on Equity %,-0.022222222222222223
Return on Assets %,0.1111111111111111
Net Margin %,0.35957325998039574
Earnings Per Share CNY,0.3333333333333333
Book Value Per Share * CNY,0.06666666666666667
Free Cash Flow Per Share * CNY,0.6444444444444444
Payout Ratio % *,-0.1111111111111111
Debt/Equity,-0.19999999999999998
Current Ratio,-0.046004370622823615
Quick Ratio,0.02328100985898594
Financial Leverage (Average),-0.24444444444444444
Fixed Assets Turnover,-0.15555555555555553
Cash Conversion Cycle,-0.022222222222222223
Payables Period,0.37777777777777777
Market Capital Mil,0.911111111111111
Price/Earning Ratio,0.7777777777777777
Price/Book Ratio,0.40451991747794525
Price/FCF,0.15555555555555553
PEG Ratio,0.4222222222222222
Year End Price,1.0
