,Spearman Correlation
Shares Mil,0.503030303030303
Revenue_YOY,-0.15151515151515152
Operating_YOY,-0.006060606060606061
Income_YOY,0.2
EPS_YOY,0.04242424242424243
Return on Equity %,-0.04242424242424243
Return on Assets %,0.2606060606060606
Net Margin %,0.583589321932862
Earnings Per Share CNY,0.5757575757575758
Book Value Per Share * CNY,0.16363636363636364
Free Cash Flow Per Share * CNY,0.793939393939394
Payout Ratio % *,-0.1393939393939394
Debt/Equity,-0.38181818181818183
Current Ratio,-0.11621284187444918
Quick Ratio,0.07362517429678186
Financial Leverage (Average),-0.40606060606060607
Fixed Assets Turnover,-0.23636363636363636
Cash Conversion Cycle,-0.09090909090909091
Payables Period,0.5878787878787879
Market Capital Mil,0.9636363636363636
Price/Earning Ratio,0.8787878787878788
Price/Book Ratio,0.5531940447488587
Price/FCF,0.24848484848484848
PEG Ratio,0.4909090909090909
Year End Price,1.0
