﻿Date,Name,Price,Volume
12/31/2007,China Railway Group Ltd,11.4,"1,883,311,574",
01/31/2008,China Railway Group Ltd,9.57,"3,864,354",
02/29/2008,China Railway Group Ltd,9.61,"1,833,433",
03/31/2008,China Railway Group Ltd,7.08,"3,111,588",
04/30/2008,China Railway Group Ltd,7.86,"553,233,449",
05/30/2008,China Railway Group Ltd,6.68,"2,278,132",
06/30/2008,China Railway Group Ltd,5.2,"1,454,348",
07/31/2008,China Railway Group Ltd,5.7,"1,568,820",
08/29/2008,China Railway Group Ltd,5.24,"689,144",
09/30/2008,China Railway Group Ltd,5.79,"1,436,608",
10/31/2008,China Railway Group Ltd,4.51,"2,213,748",
11/28/2008,China Railway Group Ltd,5.8,"3,008,330",
12/31/2008,China Railway Group Ltd,5.42,"2,090,273",
01/30/2009,China Railway Group Ltd,5.16,"102,061,691",
02/27/2009,China Railway Group Ltd,5.39,"512,727,835",
03/31/2009,China Railway Group Ltd,5.42,"2,136,610,364",
04/30/2009,China Railway Group Ltd,5.68,"2,845,210,840",
05/29/2009,China Railway Group Ltd,5.79,"2,325,689,816",
06/30/2009,China Railway Group Ltd,6.8,"3,363,473,216",
07/31/2009,China Railway Group Ltd,6.9,"3,210,836,016",
08/31/2009,China Railway Group Ltd,5.89,"2,227,197,288",
09/30/2009,China Railway Group Ltd,5.8,"1,725,218,352",
10/30/2009,China Railway Group Ltd,5.89,"1,387,889,904",
11/30/2009,China Railway Group Ltd,6.35,"2,387,560,944",
12/31/2009,China Railway Group Ltd,6.3,"2,151,748,388",
01/29/2010,China Railway Group Ltd,5.72,"1,579,305,276",
02/26/2010,China Railway Group Ltd,5.79,"727,269,536",
03/31/2010,China Railway Group Ltd,5.8,"1,066,646,650",
04/30/2010,China Railway Group Ltd,5.18,"1,188,895,414",
05/31/2010,China Railway Group Ltd,4.56,"1,004,131,882",
06/30/2010,China Railway Group Ltd,4.15,"725,411,266",
07/30/2010,China Railway Group Ltd,4.61,"848,459,940",
08/31/2010,China Railway Group Ltd,4.38,"869,238,164",
09/30/2010,China Railway Group Ltd,4.24,"713,751,124",
10/29/2010,China Railway Group Ltd,4.77,"2,358,939,624",
11/30/2010,China Railway Group Ltd,4.25,"1,326,433,068",
12/31/2010,China Railway Group Ltd,4.33,"1,287,927,086",
01/31/2011,China Railway Group Ltd,4.99,"1,666,276,844",
02/28/2011,China Railway Group Ltd,4.74,"1,815,799,984",
03/31/2011,China Railway Group Ltd,4.47,"1,266,757,832",
04/29/2011,China Railway Group Ltd,4.4,"1,022,690,906",
05/31/2011,China Railway Group Ltd,4.15,"601,210,545",
06/30/2011,China Railway Group Ltd,3.99,"554,556,076",
07/29/2011,China Railway Group Ltd,3.5,"516,066,025",
08/31/2011,China Railway Group Ltd,3.14,"610,341,518",
09/30/2011,China Railway Group Ltd,2.9,"412,560,692",
10/31/2011,China Railway Group Ltd,3.12,"699,899,051",
11/30/2011,China Railway Group Ltd,2.85,"710,090,171",
12/30/2011,China Railway Group Ltd,2.52,"423,561,658",
01/31/2012,China Railway Group Ltd,2.6,"741,413,573",
02/29/2012,China Railway Group Ltd,2.76,"633,150,320",
03/30/2012,China Railway Group Ltd,2.45,"528,238,244",
04/30/2012,China Railway Group Ltd,2.73,"686,949,378",
05/31/2012,China Railway Group Ltd,2.76,"1,003,876,068",
06/29/2012,China Railway Group Ltd,2.57,"581,097,430",
07/31/2012,China Railway Group Ltd,2.53,"453,106,316",
08/31/2012,China Railway Group Ltd,2.46,"393,320,235",
09/28/2012,China Railway Group Ltd,2.52,"481,396,247",
10/31/2012,China Railway Group Ltd,2.71,"619,033,619",
11/30/2012,China Railway Group Ltd,2.86,"817,772,044",
12/31/2012,China Railway Group Ltd,3.04,"930,701,090",
01/31/2013,China Railway Group Ltd,3.18,"1,347,894,662",
02/28/2013,China Railway Group Ltd,3.07,"1,082,603,288",
03/29/2013,China Railway Group Ltd,2.8,"638,202,945",
04/30/2013,China Railway Group Ltd,2.79,"545,401,968",
05/31/2013,China Railway Group Ltd,2.85,"657,892,321",
06/28/2013,China Railway Group Ltd,2.44,"485,059,623",
07/31/2013,China Railway Group Ltd,2.79,"873,842,999",
08/30/2013,China Railway Group Ltd,2.66,"650,326,490",
09/30/2013,China Railway Group Ltd,2.69,"792,465,536",
10/31/2013,China Railway Group Ltd,2.86,"1,248,264,227",
11/29/2013,China Railway Group Ltd,2.98,"1,037,059,316",
12/31/2013,China Railway Group Ltd,2.68,"787,561,008",
01/31/2014,China Railway Group Ltd,2.41,"526,847,168",
02/28/2014,China Railway Group Ltd,2.38,"590,402,010",
03/31/2014,China Railway Group Ltd,2.5,"585,404,804",
04/30/2014,China Railway Group Ltd,2.51,"982,800,935",
05/30/2014,China Railway Group Ltd,2.56,"554,912,842",
06/30/2014,China Railway Group Ltd,2.58,"441,599,889",
07/31/2014,China Railway Group Ltd,2.9,"1,167,546,891",
08/29/2014,China Railway Group Ltd,2.81,"991,356,064",
09/30/2014,China Railway Group Ltd,3.13,"1,884,445,981",
10/31/2014,China Railway Group Ltd,4.14,"5,156,419,752",
11/28/2014,China Railway Group Ltd,5.09,"7,198,422,550",
12/31/2014,China Railway Group Ltd,9.3,"14,510,488,834",
01/30/2015,China Railway Group Ltd,8.14,"8,318,448,542",
02/27/2015,China Railway Group Ltd,8.58,"5,200,168,683",
03/31/2015,China Railway Group Ltd,12.63,"11,556,446,170",
04/30/2015,China Railway Group Ltd,21.31,"17,372,257,744",
05/29/2015,China Railway Group Ltd,17.91,"11,272,846,564",
06/30/2015,China Railway Group Ltd,13.69,"11,095,205,203",
07/31/2015,China Railway Group Ltd,13.14,"9,960,300,786",
08/31/2015,China Railway Group Ltd,11.59,"5,158,064,323",
09/30/2015,China Railway Group Ltd,10.94,"3,291,684,893",
10/30/2015,China Railway Group Ltd,12.31,"2,864,879,282",
11/30/2015,China Railway Group Ltd,11.18,"2,677,686,769",
12/31/2015,China Railway Group Ltd,10.92,"1,372,326,995",
01/29/2016,China Railway Group Ltd,7.96,"1,506,928,683",
02/29/2016,China Railway Group Ltd,7.29,"1,367,539,609",
03/31/2016,China Railway Group Ltd,8.05,"1,528,081,844",
04/29/2016,China Railway Group Ltd,7.48,"972,619,103",
05/31/2016,China Railway Group Ltd,7.25,"635,749,167",
06/30/2016,China Railway Group Ltd,6.97,"717,577,963",
07/29/2016,China Railway Group Ltd,6.84,"836,836,461",
08/31/2016,China Railway Group Ltd,7.46,"1,824,240,139",
09/30/2016,China Railway Group Ltd,7.06,"929,652,251",
10/31/2016,China Railway Group Ltd,8.41,"2,458,060,861",
11/30/2016,China Railway Group Ltd,9.8,"3,660,639,632",
12/30/2016,China Railway Group Ltd,8.86,"1,903,948,668",
01/31/2017,China Railway Group Ltd,8.86,"1,053,971,801",
02/28/2017,China Railway Group Ltd,9.04,"1,408,515,738",
03/31/2017,China Railway Group Ltd,8.81,"1,451,762,708",
04/28/2017,China Railway Group Ltd,8.78,"2,654,117,391",
05/31/2017,China Railway Group Ltd,8.91,"1,252,663,991",
06/30/2017,China Railway Group Ltd,8.67,"695,647,014",
07/31/2017,China Railway Group Ltd,8.86,"903,229,962",
08/31/2017,China Railway Group Ltd,8.81,"724,252,733",
09/29/2017,China Railway Group Ltd,8.65,"720,045,578",
10/31/2017,China Railway Group Ltd,8.95,"891,542,283",
11/30/2017,China Railway Group Ltd,8.65,"1,736,689,811",
12/29/2017,China Railway Group Ltd,8.39,"620,399,654",
01/31/2018,China Railway Group Ltd,8.49,"973,624,953",
02/28/2018,China Railway Group Ltd,7.62,"1,075,398,241",
03/30/2018,China Railway Group Ltd,7.37,"486,025,810",
04/30/2018,China Railway Group Ltd,7.4,"321,591,284",
05/31/2018,China Railway Group Ltd,7.47,"265,845,678",
06/29/2018,China Railway Group Ltd,7.47,"226,719,213",
07/31/2018,China Railway Group Ltd,7.47,"237,515,366",
08/31/2018,China Railway Group Ltd,7.18,"441,902,281",
09/28/2018,China Railway Group Ltd,7.77,"521,659,430",
10/31/2018,China Railway Group Ltd,7.39,"858,293,839",
11/30/2018,China Railway Group Ltd,7.18,"865,167,230",
12/31/2018,China Railway Group Ltd,6.99,"882,864,223",
01/31/2019,China Railway Group Ltd,6.69,"773,747,028",
02/28/2019,China Railway Group Ltd,7.36,"1,417,933,989",
03/29/2019,China Railway Group Ltd,7.27,"2,484,287,163",
04/30/2019,China Railway Group Ltd,7.04,"2,731,357,268",
05/31/2019,China Railway Group Ltd,6.43,"1,036,025,008",
06/28/2019,China Railway Group Ltd,6.52,"747,986,235",
07/31/2019,China Railway Group Ltd,6.36,"647,747,610",
08/30/2019,China Railway Group Ltd,6.01,"710,781,336",
09/30/2019,China Railway Group Ltd,6,"661,554,239",
10/31/2019,China Railway Group Ltd,5.76,"613,627,979",
11/29/2019,China Railway Group Ltd,5.65,"956,256,900",
12/31/2019,China Railway Group Ltd,5.94,"687,809,093",
01/31/2020,China Railway Group Ltd,5.56,"1,041,742,337",
02/28/2020,China Railway Group Ltd,5.37,"1,490,876,797",
03/31/2020,China Railway Group Ltd,5.38,"2,523,094,457",
04/03/2020,China Railway Group Ltd,5.52,"225,524,834",
