,Pearson Correlation
Shares Mil,0.5318902088431984
Revenue_YOY,-0.24929821520127216
Operating_YOY,0.06483923144101794
Income_YOY,0.16331419106053766
EPS_YOY,0.030930857351562726
Return on Equity %,-0.010296132351884405
Return on Assets %,0.17112628442976088
Net Margin %,0.42722081905341464
Earnings Per Share CNY,0.40677074277764763
Book Value Per Share * CNY,0.2964994610244533
Free Cash Flow Per Share * CNY,0.7306698930011486
Payout Ratio % *,-0.1924441397703396
Debt/Equity,-0.5410522886556403
Current Ratio,-0.09562581212023513
Quick Ratio,0.04020356213296482
Financial Leverage (Average),-0.4935763402179621
Fixed Assets Turnover,-0.32528608387273666
Cash Conversion Cycle,-0.06641634437881883
Payables Period,0.6182179658214352
Market Capital Mil,0.9940320158467759
Price/Earning Ratio,0.8393291285704902
Price/Book Ratio,0.5945692530685405
Price/FCF,0.04828425455969963
PEG Ratio,-0.05109119974512159
Year End Price,1.0
