﻿Date,Name,Price,Volume
01/31/2003,CITIC Securities Co Ltd,1.5355570911,"1,592,116,348",
02/28/2003,CITIC Securities Co Ltd,1.5266681933,"406,449,269",
03/31/2003,CITIC Securities Co Ltd,1.4888903778,"284,972,553",
04/30/2003,CITIC Securities Co Ltd,1.8244462689,"879,876,678",
05/30/2003,CITIC Securities Co Ltd,1.8822241044,"555,260,762",
06/30/2003,CITIC Securities Co Ltd,1.6888905778,"158,315,155",
07/31/2003,CITIC Securities Co Ltd,1.6222238444,"164,217,355",
08/29/2003,CITIC Securities Co Ltd,1.7222239444,"121,079,347",
09/30/2003,CITIC Securities Co Ltd,1.6066682733,"153,311,810",
10/31/2003,CITIC Securities Co Ltd,1.4977792756,"209,812,817",
11/28/2003,CITIC Securities Co Ltd,1.5777793556,"178,103,722",
12/31/2003,CITIC Securities Co Ltd,1.7355572911,"243,700,121",
01/30/2004,CITIC Securities Co Ltd,1.84000184,"278,798,670",
02/27/2004,CITIC Securities Co Ltd,2.1733355067,"544,131,088",
03/31/2004,CITIC Securities Co Ltd,2.0711131822,"164,398,998",
04/30/2004,CITIC Securities Co Ltd,1.7111128222,"120,891,993",
05/31/2004,CITIC Securities Co Ltd,1.7311128422,"99,661,177",
06/30/2004,CITIC Securities Co Ltd,1.5466682133,"150,952,224",
07/30/2004,CITIC Securities Co Ltd,1.3333346667,"143,523,447",
08/31/2004,CITIC Securities Co Ltd,1.4333347667,"104,721,631",
09/30/2004,CITIC Securities Co Ltd,1.5044459489,"335,950,387",
10/29/2004,CITIC Securities Co Ltd,1.5177792956,"204,264,740",
11/30/2004,CITIC Securities Co Ltd,1.5155570711,"118,704,076",
12/31/2004,CITIC Securities Co Ltd,1.3133346467,"75,433,961",
01/31/2005,CITIC Securities Co Ltd,1.1066677733,"77,727,485",
02/28/2005,CITIC Securities Co Ltd,1.24000124,"133,773,392",
03/31/2005,CITIC Securities Co Ltd,0.9511120622,"90,694,547",
04/29/2005,CITIC Securities Co Ltd,1.1866678533,"332,577,406",
05/31/2005,CITIC Securities Co Ltd,1.1066677733,"217,350,777",
06/30/2005,CITIC Securities Co Ltd,1.3155568711,"559,806,509",
07/29/2005,CITIC Securities Co Ltd,1.3888902778,"436,902,946",
08/31/2005,CITIC Securities Co Ltd,1.64666749,"593,365,722",
09/30/2005,CITIC Securities Co Ltd,1.76666755,"444,178,360",
10/31/2005,CITIC Securities Co Ltd,1.49333408,"280,385",
11/30/2005,CITIC Securities Co Ltd,1.650000825,"209,869",
12/30/2005,CITIC Securities Co Ltd,1.72000086,"23,639,079",
01/31/2006,CITIC Securities Co Ltd,2.330001165,"417,028",
02/28/2006,CITIC Securities Co Ltd,2.130001065,"303,096",
03/31/2006,CITIC Securities Co Ltd,2.536667935,"290,454",
04/28/2006,CITIC Securities Co Ltd,3.9333353,"401,439",
05/31/2006,CITIC Securities Co Ltd,5.08000254,"77,572,435",
06/30/2006,CITIC Securities Co Ltd,5.28000264,"380,596",
07/31/2006,CITIC Securities Co Ltd,4.463335565,"17,778,368",
08/31/2006,CITIC Securities Co Ltd,4.62666898,"363,942",
09/29/2006,CITIC Securities Co Ltd,4.990002495,"6,600,329",
10/31/2006,CITIC Securities Co Ltd,4.90666912,"38,681,834",
11/30/2006,CITIC Securities Co Ltd,6.230003115,"116,422,637",
12/29/2006,CITIC Securities Co Ltd,9.12667123,"32,634,645",
01/31/2007,CITIC Securities Co Ltd,11.65333916,"65,348,695",
02/28/2007,CITIC Securities Co Ltd,12.370006185,"142,978,529",
03/30/2007,CITIC Securities Co Ltd,14.343340505,"111,366,787",
04/30/2007,CITIC Securities Co Ltd,19.68667651,"71,871,397",
05/31/2007,CITIC Securities Co Ltd,18.02667568,"401,542,990",
06/29/2007,CITIC Securities Co Ltd,17.656675495,"90,813,987",
07/31/2007,CITIC Securities Co Ltd,21.876677605,"35,536,741",
08/31/2007,CITIC Securities Co Ltd,29.663348165,"50,906,781",
09/28/2007,CITIC Securities Co Ltd,32.236682785,"59,803,069",
10/31/2007,CITIC Securities Co Ltd,35.310017655,"23,514,475",
11/30/2007,CITIC Securities Co Ltd,27.963347315,"20,945,635",
12/31/2007,CITIC Securities Co Ltd,29.396681365,"121,110,229",
01/31/2008,CITIC Securities Co Ltd,22.70667802,"94,556,886",
02/29/2008,CITIC Securities Co Ltd,20.95334381,"603,943",
03/31/2008,CITIC Securities Co Ltd,17.50000875,"796,203",
04/30/2008,CITIC Securities Co Ltd,26.42667988,"83,362,939",
05/30/2008,CITIC Securities Co Ltd,22.82667808,"2,951,951",
06/30/2008,CITIC Securities Co Ltd,15.94667464,"1,906,400",
07/31/2008,CITIC Securities Co Ltd,15.0666742,"2,028,272",
08/29/2008,CITIC Securities Co Ltd,13.40667337,"1,659,439",
09/30/2008,CITIC Securities Co Ltd,16.50667492,"3,007,477",
10/31/2008,CITIC Securities Co Ltd,11.89333928,"4,248,923",
11/28/2008,CITIC Securities Co Ltd,13.04000652,"3,304,316",
12/31/2008,CITIC Securities Co Ltd,11.98000599,"2,687,221",
01/30/2009,CITIC Securities Co Ltd,14.51334059,"151,861,967",
02/27/2009,CITIC Securities Co Ltd,14.24667379,"672,755,164",
03/31/2009,CITIC Securities Co Ltd,16.98667516,"2,601,528,792",
04/30/2009,CITIC Securities Co Ltd,16.14667474,"2,523,756,496",
05/29/2009,CITIC Securities Co Ltd,16.95334181,"2,361,844,032",
06/30/2009,CITIC Securities Co Ltd,18.85334276,"2,916,080,760",
07/31/2009,CITIC Securities Co Ltd,25.29334598,"3,698,943,720",
08/31/2009,CITIC Securities Co Ltd,16.36000818,"2,837,656,320",
09/30/2009,CITIC Securities Co Ltd,16.67334167,"2,256,739,056",
10/30/2009,CITIC Securities Co Ltd,18.02000901,"1,943,939,424",
11/30/2009,CITIC Securities Co Ltd,19.46000973,"2,303,805,616",
12/31/2009,CITIC Securities Co Ltd,21.18001059,"2,457,764,380",
01/29/2010,CITIC Securities Co Ltd,18.85334276,"2,763,411,064",
02/26/2010,CITIC Securities Co Ltd,18.21334244,"1,195,395,728",
03/31/2010,CITIC Securities Co Ltd,18.94667614,"1,468,068,368",
04/30/2010,CITIC Securities Co Ltd,19.29334298,"1,785,240,780",
05/31/2010,CITIC Securities Co Ltd,13.2000066,"1,568,780,688",
06/30/2010,CITIC Securities Co Ltd,11.7,"975,372,456",
07/30/2010,CITIC Securities Co Ltd,12.82,"1,552,498,792",
08/31/2010,CITIC Securities Co Ltd,11.72,"1,595,173,860",
09/30/2010,CITIC Securities Co Ltd,10.64,"1,489,920,372",
10/29/2010,CITIC Securities Co Ltd,15.51,"5,329,513,768",
11/30/2010,CITIC Securities Co Ltd,12.82,"3,485,383,512",
12/31/2010,CITIC Securities Co Ltd,12.59,"2,017,040,512",
01/31/2011,CITIC Securities Co Ltd,12.54,"1,460,057,000",
02/28/2011,CITIC Securities Co Ltd,14.71,"2,544,914,996",
03/31/2011,CITIC Securities Co Ltd,13.97,"2,859,310,656",
04/29/2011,CITIC Securities Co Ltd,13.23,"1,915,291,972",
05/31/2011,CITIC Securities Co Ltd,12.85,"1,197,750,982",
06/30/2011,CITIC Securities Co Ltd,13.08,"1,369,914,876",
07/29/2011,CITIC Securities Co Ltd,12.37,"1,323,309,288",
08/31/2011,CITIC Securities Co Ltd,12.17,"1,457,902,096",
09/30/2011,CITIC Securities Co Ltd,11.25,"1,216,011,090",
10/31/2011,CITIC Securities Co Ltd,12,"1,321,900,256",
11/30/2011,CITIC Securities Co Ltd,10.74,"1,107,714,262",
12/30/2011,CITIC Securities Co Ltd,9.71,"901,624,458",
01/31/2012,CITIC Securities Co Ltd,10.69,"1,357,114,396",
02/29/2012,CITIC Securities Co Ltd,11.8,"1,434,680,606",
03/30/2012,CITIC Securities Co Ltd,11.59,"1,725,244,328",
04/30/2012,CITIC Securities Co Ltd,13,"2,329,881,160",
05/31/2012,CITIC Securities Co Ltd,13.77,"2,214,604,744",
06/29/2012,CITIC Securities Co Ltd,12.63,"1,346,604,700",
07/31/2012,CITIC Securities Co Ltd,12.22,"1,158,279,468",
08/31/2012,CITIC Securities Co Ltd,10.22,"1,236,165,926",
09/28/2012,CITIC Securities Co Ltd,11.79,"1,306,166,748",
10/31/2012,CITIC Securities Co Ltd,10.89,"1,365,313,130",
11/30/2012,CITIC Securities Co Ltd,10.01,"1,021,596,062",
12/31/2012,CITIC Securities Co Ltd,13.36,"2,084,535,972",
01/31/2013,CITIC Securities Co Ltd,15.18,"3,179,249,568",
02/28/2013,CITIC Securities Co Ltd,14.65,"2,666,584,272",
03/29/2013,CITIC Securities Co Ltd,12.17,"2,635,151,760",
04/30/2013,CITIC Securities Co Ltd,12.42,"1,851,480,968",
05/31/2013,CITIC Securities Co Ltd,12.99,"2,131,148,244",
06/28/2013,CITIC Securities Co Ltd,10.13,"2,121,055,336",
07/31/2013,CITIC Securities Co Ltd,10.65,"1,897,370,804",
08/30/2013,CITIC Securities Co Ltd,11.03,"2,125,139,012",
09/30/2013,CITIC Securities Co Ltd,12.29,"3,332,725,876",
10/31/2013,CITIC Securities Co Ltd,11.85,"1,946,148,740",
11/29/2013,CITIC Securities Co Ltd,12.9,"2,715,819,432",
12/31/2013,CITIC Securities Co Ltd,12.75,"2,379,615,616",
01/31/2014,CITIC Securities Co Ltd,11.58,"1,577,960,641",
02/28/2014,CITIC Securities Co Ltd,10.83,"1,736,116,636",
03/31/2014,CITIC Securities Co Ltd,10.53,"1,613,827,571",
04/30/2014,CITIC Securities Co Ltd,11.39,"2,779,094,307",
05/30/2014,CITIC Securities Co Ltd,11.32,"1,636,084,164",
06/30/2014,CITIC Securities Co Ltd,11.46,"1,254,143,833",
07/31/2014,CITIC Securities Co Ltd,13.16,"2,268,805,042",
08/29/2014,CITIC Securities Co Ltd,12.89,"2,569,920,342",
09/30/2014,CITIC Securities Co Ltd,13.32,"2,953,656,517",
10/31/2014,CITIC Securities Co Ltd,13.27,"3,170,927,706",
11/28/2014,CITIC Securities Co Ltd,17.26,"8,311,124,835",
12/31/2014,CITIC Securities Co Ltd,33.9,"20,614,763,940",
01/30/2015,CITIC Securities Co Ltd,27.86,"13,636,685,419",
02/27/2015,CITIC Securities Co Ltd,29.53,"6,873,228,910",
03/31/2015,CITIC Securities Co Ltd,32.82,"9,259,946,736",
04/30/2015,CITIC Securities Co Ltd,34.36,"11,658,785,515",
05/29/2015,CITIC Securities Co Ltd,30.37,"7,545,821,673",
06/30/2015,CITIC Securities Co Ltd,26.91,"7,639,859,533",
07/31/2015,CITIC Securities Co Ltd,20.79,"8,907,601,323",
08/31/2015,CITIC Securities Co Ltd,15.07,"6,205,129,365",
09/30/2015,CITIC Securities Co Ltd,13.58,"5,063,464,823",
10/30/2015,CITIC Securities Co Ltd,15.87,"5,156,648,074",
11/30/2015,CITIC Securities Co Ltd,17.63,"9,244,794,723",
12/31/2015,CITIC Securities Co Ltd,19.35,"5,505,747,535",
01/29/2016,CITIC Securities Co Ltd,14.5,"3,849,490,277",
02/29/2016,CITIC Securities Co Ltd,14.28,"2,671,948,770",
03/31/2016,CITIC Securities Co Ltd,17.8,"5,376,054,047",
04/29/2016,CITIC Securities Co Ltd,16.44,"2,478,358,189",
05/31/2016,CITIC Securities Co Ltd,16.79,"1,610,501,396",
06/30/2016,CITIC Securities Co Ltd,16.23,"1,698,015,899",
07/29/2016,CITIC Securities Co Ltd,16.22,"1,874,083,791",
08/31/2016,CITIC Securities Co Ltd,16.9,"2,203,588,143",
09/30/2016,CITIC Securities Co Ltd,16.12,"1,312,195,910",
10/31/2016,CITIC Securities Co Ltd,16.61,"1,452,588,556",
11/30/2016,CITIC Securities Co Ltd,17.75,"3,479,264,592",
12/30/2016,CITIC Securities Co Ltd,16.06,"1,912,236,793",
01/31/2017,CITIC Securities Co Ltd,16.48,"1,198,224,038",
02/28/2017,CITIC Securities Co Ltd,16.55,"1,251,015,869",
03/31/2017,CITIC Securities Co Ltd,16.11,"1,121,303,789",
04/28/2017,CITIC Securities Co Ltd,16.23,"997,170,827",
05/31/2017,CITIC Securities Co Ltd,16.44,"1,449,526,989",
06/30/2017,CITIC Securities Co Ltd,17.02,"1,783,612,378",
07/31/2017,CITIC Securities Co Ltd,17.35,"2,357,702,639",
08/31/2017,CITIC Securities Co Ltd,18.23,"2,574,364,778",
09/29/2017,CITIC Securities Co Ltd,18.19,"1,821,507,868",
10/31/2017,CITIC Securities Co Ltd,17.32,"1,547,084,730",
11/30/2017,CITIC Securities Co Ltd,19.19,"3,818,372,473",
12/29/2017,CITIC Securities Co Ltd,18.1,"2,089,683,141",
01/31/2018,CITIC Securities Co Ltd,21.29,"5,368,209,266",
02/28/2018,CITIC Securities Co Ltd,18.11,"3,665,342,343",
03/30/2018,CITIC Securities Co Ltd,18.58,"2,698,269,806",
04/30/2018,CITIC Securities Co Ltd,18.99,"2,659,692,173",
05/31/2018,CITIC Securities Co Ltd,18.64,"2,078,858,299",
06/29/2018,CITIC Securities Co Ltd,16.57,"1,584,680,816",
07/31/2018,CITIC Securities Co Ltd,16.86,"1,672,246,751",
08/31/2018,CITIC Securities Co Ltd,15.98,"1,338,501,939",
09/28/2018,CITIC Securities Co Ltd,16.69,"1,193,923,490",
10/31/2018,CITIC Securities Co Ltd,17.16,"2,731,395,504",
11/30/2018,CITIC Securities Co Ltd,16.87,"2,952,401,810",
12/31/2018,CITIC Securities Co Ltd,16.01,"1,507,695,314",
01/31/2019,CITIC Securities Co Ltd,18.26,"2,066,836,401",
02/28/2019,CITIC Securities Co Ltd,23.51,"4,226,226,347",
03/29/2019,CITIC Securities Co Ltd,24.78,"7,287,660,277",
04/30/2019,CITIC Securities Co Ltd,23.04,"4,716,540,029",
05/31/2019,CITIC Securities Co Ltd,20.13,"3,034,965,655",
06/28/2019,CITIC Securities Co Ltd,23.81,"3,095,564,309",
07/31/2019,CITIC Securities Co Ltd,23.23,"2,386,440,251",
08/30/2019,CITIC Securities Co Ltd,22.32,"2,280,515,379",
09/30/2019,CITIC Securities Co Ltd,22.48,"2,766,261,931",
10/31/2019,CITIC Securities Co Ltd,21.7,"1,686,090,548",
11/29/2019,CITIC Securities Co Ltd,21.41,"1,347,120,530",
12/31/2019,CITIC Securities Co Ltd,25.3,"3,345,102,084",
01/31/2020,CITIC Securities Co Ltd,23.9,"4,819,784,584",
02/28/2020,CITIC Securities Co Ltd,23.4,"4,777,374,748",
03/31/2020,CITIC Securities Co Ltd,22.16,"4,128,353,038",
04/03/2020,CITIC Securities Co Ltd,22.13,"202,374,167",
