,Kendal Correlation
Shares Mil,0.37777777777777777
Revenue_YOY,0.28888888888888886
Income_YOY,0.3333333333333333
EPS_YOY,0.37777777777777777
Return on Equity %,0.15555555555555553
Return on Assets %,-0.28888888888888886
Net Margin %,-0.24444444444444444
Earnings Per Share CNY,0.19999999999999998
Book Value Per Share * CNY,0.4666666666666666
Free Cash Flow Per Share * CNY,0.19999999999999998
Payout Ratio % *,-0.4222222222222222
Debt/Equity,0.5843065474681431
Financial Leverage (Average),0.7333333333333333
Fixed Assets Turnover,0.19999999999999998
Market Capital Mil,0.9555555555555554
Price/Earning Ratio,0.28888888888888886
Price/Book Ratio,0.24444444444444444
Price/FCF,0.7333333333333333
PEG Ratio,-0.022222222222222223
Year End Price,1.0
