,Pearson Correlation
Shares Mil,0.33024788072784617
Revenue_YOY,0.5399610331537592
Income_YOY,0.6636922346720385
EPS_YOY,0.6663881741747573
Return on Equity %,-0.013554686463084834
Return on Assets %,-0.4065109469262587
Net Margin %,-0.2024647925465405
Earnings Per Share CNY,0.20682800350237845
Book Value Per Share * CNY,0.3878376764437307
Free Cash Flow Per Share * CNY,0.33159244820707967
Payout Ratio % *,-0.4847882046953826
Debt/Equity,0.5727358998497865
Financial Leverage (Average),0.7764637606735094
Fixed Assets Turnover,0.22241733684987652
Market Capital Mil,0.988580680511839
Price/Earning Ratio,0.46820506887934027
Price/Book Ratio,0.5231898470723135
Price/FCF,0.8990501627793531
PEG Ratio,0.025926183824275337
Year End Price,1.0
