,Spearman Correlation
Shares Mil,0.5515151515151515
Revenue_YOY,0.3575757575757576
Income_YOY,0.45454545454545453
EPS_YOY,0.5272727272727272
Return on Equity %,0.04242424242424243
Return on Assets %,-0.3939393939393939
Net Margin %,-0.3696969696969697
Earnings Per Share CNY,0.12727272727272726
Book Value Per Share * CNY,0.6848484848484848
Free Cash Flow Per Share * CNY,0.4303030303030303
Payout Ratio % *,-0.5515151515151515
Debt/Equity,0.7659609850368814
Financial Leverage (Average),0.9030303030303031
Fixed Assets Turnover,0.3090909090909091
Market Capital Mil,0.9878787878787879
Price/Earning Ratio,0.3939393939393939
Price/Book Ratio,0.2727272727272727
Price/FCF,0.8787878787878788
PEG Ratio,-0.11515151515151516
Year End Price,1.0
