,Kendal Correlation
Shares Mil,0.07142857142857142
Revenue_YOY,-0.21428571428571427
Operating_YOY,0.3571428571428571
Income_YOY,0.3571428571428571
EPS_YOY,0.3571428571428571
Return on Equity %,-0.21428571428571427
Return on Assets %,-0.21428571428571427
Net Margin %,0.036369648372665396
Earnings Per Share CNY,0.18184824186332696
Book Value Per Share * CNY,0.0
Free Cash Flow Per Share * CNY,-0.07142857142857142
Payout Ratio % *,-0.2857142857142857
Debt/Equity,0.14285714285714285
Current Ratio,-0.14824986333222023
Quick Ratio,-0.036369648372665396
Financial Leverage (Average),-0.14285714285714285
Fixed Assets Turnover,0.036369648372665396
Cash Conversion Cycle,0.0
Payables Period,0.0
Market Capital Mil,0.9999999999999998
Price/Earning Ratio,0.9285714285714285
Price/Book Ratio,0.7857142857142856
Price/FCF,-0.2857142857142857
PEG Ratio,0.0
Year End Price,1.0
