﻿Date,Name,Price,Volume
12/31/2009,China Communications Construction Co Ltd Class A,0,
1/29/2010,China Communications Construction Co Ltd Class A,0,
2/26/2010,China Communications Construction Co Ltd Class A,0,
3/31/2010,China Communications Construction Co Ltd Class A,0,
4/30/2010,China Communications Construction Co Ltd Class A,0,
5/31/2010,China Communications Construction Co Ltd Class A,0,
6/30/2010,China Communications Construction Co Ltd Class A,0,
7/30/2010,China Communications Construction Co Ltd Class A,0,
8/31/2010,China Communications Construction Co Ltd Class A,0,
9/30/2010,China Communications Construction Co Ltd Class A,0,
10/29/2010,China Communications Construction Co Ltd Class A,0,
11/30/2010,China Communications Construction Co Ltd Class A,0,
12/31/2010,China Communications Construction Co Ltd Class A,0,
1/31/2011,China Communications Construction Co Ltd Class A,0,
2/28/2011,China Communications Construction Co Ltd Class A,0,
3/31/2011,China Communications Construction Co Ltd Class A,0,
4/29/2011,China Communications Construction Co Ltd Class A,0,
5/31/2011,China Communications Construction Co Ltd Class A,0,
6/30/2011,China Communications Construction Co Ltd Class A,0,
7/29/2011,China Communications Construction Co Ltd Class A,0,
8/31/2011,China Communications Construction Co Ltd Class A,0,
9/30/2011,China Communications Construction Co Ltd Class A,0,
10/31/2011,China Communications Construction Co Ltd Class A,0,
11/30/2011,China Communications Construction Co Ltd Class A,0,
12/30/2011,China Communications Construction Co Ltd Class A,0,
1/31/2012,China Communications Construction Co Ltd Class A,0,
2/29/2012,China Communications Construction Co Ltd Class A,0,
3/30/2012,China Communications Construction Co Ltd Class A,5.57,"2,156,329,378"
4/30/2012,China Communications Construction Co Ltd Class A,5.89,"1,051,937,400"
5/31/2012,China Communications Construction Co Ltd Class A,5.58,"702,692,584"
6/29/2012,China Communications Construction Co Ltd Class A,4.81,"631,399,717"
7/31/2012,China Communications Construction Co Ltd Class A,4.5,"415,556,980"
8/31/2012,China Communications Construction Co Ltd Class A,4.27,"302,704,165"
9/28/2012,China Communications Construction Co Ltd Class A,4.15,"385,236,771"
10/31/2012,China Communications Construction Co Ltd Class A,4.54,"428,172,969"
11/30/2012,China Communications Construction Co Ltd Class A,4.34,"276,523,236"
12/31/2012,China Communications Construction Co Ltd Class A,5.3,"760,702,167"
1/31/2013,China Communications Construction Co Ltd Class A,5.29,"657,414,608"
2/28/2013,China Communications Construction Co Ltd Class A,4.99,"610,132,407"
3/29/2013,China Communications Construction Co Ltd Class A,5,"545,994,715"
4/30/2013,China Communications Construction Co Ltd Class A,4.95,"417,686,866"
5/31/2013,China Communications Construction Co Ltd Class A,4.97,"342,170,101"
6/28/2013,China Communications Construction Co Ltd Class A,4.05,"340,544,779"
7/31/2013,China Communications Construction Co Ltd Class A,3.94,"418,942,427"
8/30/2013,China Communications Construction Co Ltd Class A,4,"378,975,468"
9/30/2013,China Communications Construction Co Ltd Class A,4.1,"515,205,560"
10/31/2013,China Communications Construction Co Ltd Class A,4.15,"399,375,933"
11/29/2013,China Communications Construction Co Ltd Class A,4.27,"324,626,285"
12/31/2013,China Communications Construction Co Ltd Class A,4.04,"335,611,572"
1/31/2014,China Communications Construction Co Ltd Class A,3.82,"219,132,708"
2/28/2014,China Communications Construction Co Ltd Class A,3.72,"263,982,042"
3/31/2014,China Communications Construction Co Ltd Class A,3.76,"328,305,687"
4/30/2014,China Communications Construction Co Ltd Class A,3.72,"496,135,102"
5/30/2014,China Communications Construction Co Ltd Class A,3.72,"224,308,159"
6/30/2014,China Communications Construction Co Ltd Class A,3.76,"206,126,549"
7/31/2014,China Communications Construction Co Ltd Class A,3.95,"479,670,518"
8/29/2014,China Communications Construction Co Ltd Class A,4.02,"681,883,690"
9/30/2014,China Communications Construction Co Ltd Class A,4.74,"1,366,881,826"
10/31/2014,China Communications Construction Co Ltd Class A,5.08,"1,389,160,872"
11/28/2014,China Communications Construction Co Ltd Class A,7.58,"4,418,359,082"
12/31/2014,China Communications Construction Co Ltd Class A,13.89,"5,574,121,744"
1/30/2015,China Communications Construction Co Ltd Class A,12.06,"3,431,078,214"
2/27/2015,China Communications Construction Co Ltd Class A,13.84,"2,219,440,334"
3/31/2015,China Communications Construction Co Ltd Class A,18.49,"3,998,972,085"
4/30/2015,China Communications Construction Co Ltd Class A,21.59,"5,830,715,945"
5/29/2015,China Communications Construction Co Ltd Class A,17.87,"3,147,317,694"
6/30/2015,China Communications Construction Co Ltd Class A,17.56,"2,849,044,461"
7/31/2015,China Communications Construction Co Ltd Class A,14.46,"2,903,290,767"
8/31/2015,China Communications Construction Co Ltd Class A,12.2,"1,180,122,621"
9/30/2015,China Communications Construction Co Ltd Class A,11.87,"1,032,648,124"
10/30/2015,China Communications Construction Co Ltd Class A,14.42,"1,024,337,294"
11/30/2015,China Communications Construction Co Ltd Class A,13.72,"1,278,660,352"
12/31/2015,China Communications Construction Co Ltd Class A,13.41,"529,465,447"
1/29/2016,China Communications Construction Co Ltd Class A,10.8,"645,170,738"
2/29/2016,China Communications Construction Co Ltd Class A,10.56,"466,085,077"
3/31/2016,China Communications Construction Co Ltd Class A,12.2,"574,138,822"
4/29/2016,China Communications Construction Co Ltd Class A,11.4,"293,770,400"
5/31/2016,China Communications Construction Co Ltd Class A,11,"254,236,773"
6/30/2016,China Communications Construction Co Ltd Class A,10.53,"257,182,137"
7/29/2016,China Communications Construction Co Ltd Class A,10.85,"309,158,188"
8/31/2016,China Communications Construction Co Ltd Class A,11.99,"504,979,736"
9/30/2016,China Communications Construction Co Ltd Class A,11.04,"309,583,817"
10/31/2016,China Communications Construction Co Ltd Class A,13.44,"654,078,368"
11/30/2016,China Communications Construction Co Ltd Class A,16.03,"1,134,814,200"
12/30/2016,China Communications Construction Co Ltd Class A,15.19,"798,141,210"
1/31/2017,China Communications Construction Co Ltd Class A,15.84,"584,447,346"
2/28/2017,China Communications Construction Co Ltd Class A,17.98,"756,738,355"
3/31/2017,China Communications Construction Co Ltd Class A,17.91,"876,262,502"
4/28/2017,China Communications Construction Co Ltd Class A,17.33,"862,818,207"
5/31/2017,China Communications Construction Co Ltd Class A,15.64,"697,696,316"
6/30/2017,China Communications Construction Co Ltd Class A,15.89,"457,597,273"
7/31/2017,China Communications Construction Co Ltd Class A,16.5,"658,258,994"
8/31/2017,China Communications Construction Co Ltd Class A,16.03,"573,483,704"
9/29/2017,China Communications Construction Co Ltd Class A,15.31,"454,689,821"
10/31/2017,China Communications Construction Co Ltd Class A,15.08,"338,949,087"
11/30/2017,China Communications Construction Co Ltd Class A,13.93,"391,482,292"
12/29/2017,China Communications Construction Co Ltd Class A,12.8,"197,126,252"
1/31/2018,China Communications Construction Co Ltd Class A,14.2,"505,774,593"
2/28/2018,China Communications Construction Co Ltd Class A,13.78,"423,585,785"
3/30/2018,China Communications Construction Co Ltd Class A,12.85,"247,478,383"
4/30/2018,China Communications Construction Co Ltd Class A,13.34,"214,701,010"
5/31/2018,China Communications Construction Co Ltd Class A,12.26,"136,228,078"
6/29/2018,China Communications Construction Co Ltd Class A,11.39,"155,072,615"
7/31/2018,China Communications Construction Co Ltd Class A,13.58,"377,251,659"
8/31/2018,China Communications Construction Co Ltd Class A,12.54,"614,450,864"
9/28/2018,China Communications Construction Co Ltd Class A,12.78,"414,817,922"
10/31/2018,China Communications Construction Co Ltd Class A,12.47,"543,626,589"
11/30/2018,China Communications Construction Co Ltd Class A,11.83,"346,864,928"
12/31/2018,China Communications Construction Co Ltd Class A,11.26,"384,889,885"
1/31/2019,China Communications Construction Co Ltd Class A,10.63,"421,524,193"
2/28/2019,China Communications Construction Co Ltd Class A,12.35,"621,459,673"
3/29/2019,China Communications Construction Co Ltd Class A,12.51,"934,284,087"
4/30/2019,China Communications Construction Co Ltd Class A,12.32,"1,279,581,957"
5/31/2019,China Communications Construction Co Ltd Class A,10.92,"492,176,178"
6/28/2019,China Communications Construction Co Ltd Class A,11.32,"357,585,549"
7/31/2019,China Communications Construction Co Ltd Class A,10.96,"327,009,595"
8/30/2019,China Communications Construction Co Ltd Class A,9.98,"235,491,816"
9/30/2019,China Communications Construction Co Ltd Class A,10.11,"465,256,747"
10/31/2019,China Communications Construction Co Ltd Class A,9.41,"307,032,660"
11/29/2019,China Communications Construction Co Ltd Class A,9,"805,682,803"
12/31/2019,China Communications Construction Co Ltd Class A,9.16,"764,400,943"
1/31/2020,China Communications Construction Co Ltd Class A,8.4,"1,165,440,318"
2/28/2020,China Communications Construction Co Ltd Class A,8.73,"1,411,703,548"
3/31/2020,China Communications Construction Co Ltd Class A,8.26,"2,633,745,282"
4/3/2020,China Communications Construction Co Ltd Class A,8.01,"194,354,994"
