,Pearson Correlation
Shares Mil,0.47650765246355953
Revenue_YOY,0.12915274626523565
Operating_YOY,0.14637806061373135
Income_YOY,0.5172621363758221
EPS_YOY,0.5287322431254463
Return on Equity %,-0.5015236283462792
Return on Assets %,-0.5005363662071857
Net Margin %,0.2819331810835667
Earnings Per Share CNY,0.48599500784029026
Book Value Per Share * CNY,0.36753474702781525
Free Cash Flow Per Share * CNY,-0.1417844488505754
Payout Ratio % *,-0.6909244527487437
Debt/Equity,0.5636367254570853
Current Ratio,-0.41357598388372674
Quick Ratio,-0.32925231586278275
Financial Leverage (Average),-0.22129402194021155
Fixed Assets Turnover,0.1871874561687123
Cash Conversion Cycle,-0.01685473204929019
Payables Period,0.3536662482133386
Market Capital Mil,0.9970471395778849
Price/Earning Ratio,0.9183060745637478
Price/Book Ratio,0.8003691985344864
Price/FCF,0.19540990056833835
PEG Ratio,-0.6475584486831758
Year End Price,1.0
