,Spearman Correlation
Shares Mil,0.23809523809523808
Revenue_YOY,-0.21428571428571427
Operating_YOY,0.42857142857142855
Income_YOY,0.6190476190476191
EPS_YOY,0.6190476190476191
Return on Equity %,-0.40476190476190477
Return on Assets %,-0.35714285714285715
Net Margin %,0.1197626261913259
Earnings Per Share CNY,0.29940656547831473
Book Value Per Share * CNY,0.21428571428571427
Free Cash Flow Per Share * CNY,-0.21428571428571427
Payout Ratio % *,-0.47619047619047616
Debt/Equity,0.30952380952380953
Current Ratio,-0.22893227903814295
Quick Ratio,-0.22754898976351923
Financial Leverage (Average),-0.19047619047619047
Fixed Assets Turnover,0.22754898976351923
Cash Conversion Cycle,-0.21428571428571427
Payables Period,0.21428571428571427
Market Capital Mil,1.0
Price/Earning Ratio,0.9761904761904762
Price/Book Ratio,0.9047619047619048
Price/FCF,-0.30952380952380953
PEG Ratio,-0.09523809523809523
Year End Price,1.0
