,Spearman Correlation
Shares Mil,-0.45454545454545453
Revenue_YOY,-0.05471149893120581
Operating_YOY,
Income_YOY,-0.11515151515151516
EPS_YOY,0.1393939393939394
Return on Equity %,0.1393939393939394
Return on Assets %,0.5272727272727272
Net Margin %,0.45454545454545453
Earnings Per Share CNY,-0.3090909090909091
Book Value Per Share * CNY,-0.395138603392042
Free Cash Flow Per Share * CNY,0.34545454545454546
Payout Ratio % *,-0.5393939393939394
Debt/Equity,-0.3333333333333333
Current Ratio,
Quick Ratio,
Financial Leverage (Average),-0.05454545454545454
Fixed Assets Turnover,0.24848484848484848
Cash Conversion Cycle,
Payables Period,
Market Capital Mil,0.9151515151515152
Price/Earning Ratio,0.6242424242424243
Price/Book Ratio,0.6121212121212121
Price/FCF,0.4303030303030303
PEG Ratio,0.41818181818181815
Year End Price,1.0
