﻿Date,Name,Price,Volume
09/28/2007,Bank Of Beijing Co Ltd,18.35832599,"75,434,922",
10/31/2007,Bank Of Beijing Co Ltd,19.27499229,"88,910,050",
11/30/2007,Bank Of Beijing Co Ltd,15.76666036,"36,462,663",
12/31/2007,Bank Of Beijing Co Ltd,16.84999326,"117,977,853",
01/31/2008,Bank Of Beijing Co Ltd,14.50832753,"636,888",
02/29/2008,Bank Of Beijing Co Ltd,13.84999446,"304,163",
03/31/2008,Bank Of Beijing Co Ltd,11.666662,"344,855",
04/30/2008,Bank Of Beijing Co Ltd,14.38332758,"164,679,023",
05/30/2008,Bank Of Beijing Co Ltd,12.86666152,"628,761",
06/30/2008,Bank Of Beijing Co Ltd,11.45832875,"417,516",
07/31/2008,Bank Of Beijing Co Ltd,10.42499583,"479,675",
08/29/2008,Bank Of Beijing Co Ltd,8.0833301,"273,026",
09/30/2008,Bank Of Beijing Co Ltd,6.74166397,"550,455",
10/31/2008,Bank Of Beijing Co Ltd,6.80833061,"728,535",
11/28/2008,Bank Of Beijing Co Ltd,6.65833067,"736,441",
12/31/2008,Bank Of Beijing Co Ltd,7.42499703,"728,830",
01/30/2009,Bank Of Beijing Co Ltd,8.51666326,"96,316,695",
02/27/2009,Bank Of Beijing Co Ltd,8.59999656,"188,718,487",
03/31/2009,Bank Of Beijing Co Ltd,9.9166627,"787,295,100",
04/30/2009,Bank Of Beijing Co Ltd,10.07499597,"658,316,692",
05/29/2009,Bank Of Beijing Co Ltd,10.44999582,"545,593,536",
06/30/2009,Bank Of Beijing Co Ltd,13.4999946,"688,763,871",
07/31/2009,Bank Of Beijing Co Ltd,15.47499381,"751,968,391",
08/31/2009,Bank Of Beijing Co Ltd,11.666662,"592,258,145",
09/30/2009,Bank Of Beijing Co Ltd,14.35832759,"765,209,868",
10/30/2009,Bank Of Beijing Co Ltd,14.85832739,"680,776,601",
11/30/2009,Bank Of Beijing Co Ltd,14.75832743,"753,737,230",
12/31/2009,Bank Of Beijing Co Ltd,16.11666022,"794,035,161",
01/29/2010,Bank Of Beijing Co Ltd,12.97499481,"1,147,529,024",
02/26/2010,Bank Of Beijing Co Ltd,13.31666134,"400,954,605",
03/31/2010,Bank Of Beijing Co Ltd,13.93332776,"545,674,085",
04/30/2010,Bank Of Beijing Co Ltd,11.7499953,"830,928,378",
05/31/2010,Bank Of Beijing Co Ltd,10.833329,"863,506,214",
06/30/2010,Bank Of Beijing Co Ltd,10.10832929,"693,623,258",
07/30/2010,Bank Of Beijing Co Ltd,11.63332868,"641,617,616",
08/31/2010,Bank Of Beijing Co Ltd,10.54999578,"641,960,146",
09/30/2010,Bank Of Beijing Co Ltd,9.94999602,"640,758,470",
10/29/2010,Bank Of Beijing Co Ltd,11.43332876,"1,089,766,492",
11/30/2010,Bank Of Beijing Co Ltd,9.9166627,"914,150,428",
12/31/2010,Bank Of Beijing Co Ltd,9.53332952,"672,748,004",
01/31/2011,Bank Of Beijing Co Ltd,9.68332946,"670,529,004",
02/28/2011,Bank Of Beijing Co Ltd,9.71666278,"580,784,440",
03/31/2011,Bank Of Beijing Co Ltd,9.97499601,"921,709,102",
04/29/2011,Bank Of Beijing Co Ltd,10.04999598,"1,045,796,140",
05/31/2011,Bank Of Beijing Co Ltd,9.19166299,"534,656,645",
06/30/2011,Bank Of Beijing Co Ltd,8.30833001,"619,624,558",
07/29/2011,Bank Of Beijing Co Ltd,8.11666342,"519,374,889",
08/31/2011,Bank Of Beijing Co Ltd,8.14999674,"584,186,188",
09/30/2011,Bank Of Beijing Co Ltd,7.69166359,"458,915,682",
10/31/2011,Bank Of Beijing Co Ltd,8.45832995,"530,677,522",
11/30/2011,Bank Of Beijing Co Ltd,7.8333302,"386,068,830",
12/30/2011,Bank Of Beijing Co Ltd,7.73333024,"364,107,328",
01/31/2012,Bank Of Beijing Co Ltd,8.33333,"766,683,551",
02/29/2012,Bank Of Beijing Co Ltd,8.92499643,"695,666,563",
03/30/2012,Bank Of Beijing Co Ltd,8.18333006,"760,883,667",
04/30/2012,Bank Of Beijing Co Ltd,8.68332986,"472,890,260",
05/31/2012,Bank Of Beijing Co Ltd,8.24166337,"594,961,908",
06/29/2012,Bank Of Beijing Co Ltd,8.14166341,"368,785,500",
07/31/2012,Bank Of Beijing Co Ltd,7.55,"322,795,025",
08/31/2012,Bank Of Beijing Co Ltd,7.34,"223,171,167",
09/28/2012,Bank Of Beijing Co Ltd,6.87,"304,201,308",
10/31/2012,Bank Of Beijing Co Ltd,6.86,"312,210,458",
11/30/2012,Bank Of Beijing Co Ltd,7.2,"430,002,286",
12/31/2012,Bank Of Beijing Co Ltd,9.3,"1,350,200,860",
01/31/2013,Bank Of Beijing Co Ltd,10.16,"1,579,040,150",
02/28/2013,Bank Of Beijing Co Ltd,9.66,"1,263,752,748",
03/29/2013,Bank Of Beijing Co Ltd,8.82,"1,092,994,852",
04/30/2013,Bank Of Beijing Co Ltd,8.79,"567,405,816",
05/31/2013,Bank Of Beijing Co Ltd,9.1,"707,627,333",
06/28/2013,Bank Of Beijing Co Ltd,7.97,"552,641,794",
07/31/2013,Bank Of Beijing Co Ltd,7.34,"589,319,352",
08/30/2013,Bank Of Beijing Co Ltd,7.92,"587,087,910",
09/30/2013,Bank Of Beijing Co Ltd,8.07,"742,258,905",
10/31/2013,Bank Of Beijing Co Ltd,8.01,"666,726,290",
11/29/2013,Bank Of Beijing Co Ltd,7.87,"519,700,360",
12/31/2013,Bank Of Beijing Co Ltd,7.51,"516,218,702",
01/31/2014,Bank Of Beijing Co Ltd,7.13,"485,060,669",
02/28/2014,Bank Of Beijing Co Ltd,7.67,"1,263,108,226",
03/31/2014,Bank Of Beijing Co Ltd,7.59,"977,488,653",
04/30/2014,Bank Of Beijing Co Ltd,7.62,"661,391,548",
05/30/2014,Bank Of Beijing Co Ltd,7.85,"566,501,890",
06/30/2014,Bank Of Beijing Co Ltd,8.06,"443,058,528",
07/31/2014,Bank Of Beijing Co Ltd,7.35,"793,946,753",
08/29/2014,Bank Of Beijing Co Ltd,7.33,"765,251,978",
09/30/2014,Bank Of Beijing Co Ltd,8.03,"1,163,310,151",
10/31/2014,Bank Of Beijing Co Ltd,8.43,"810,392,919",
11/28/2014,Bank Of Beijing Co Ltd,9.18,"1,591,535,133",
12/31/2014,Bank Of Beijing Co Ltd,10.93,"4,239,143,068",
01/30/2015,Bank Of Beijing Co Ltd,10.37,"3,641,638,727",
02/27/2015,Bank Of Beijing Co Ltd,10.44,"1,475,928,682",
03/31/2015,Bank Of Beijing Co Ltd,10.91,"3,889,218,860",
04/30/2015,Bank Of Beijing Co Ltd,12.99,"7,912,545,816",
05/29/2015,Bank Of Beijing Co Ltd,12.73,"7,001,267,358",
06/30/2015,Bank Of Beijing Co Ltd,13.32,"7,944,819,012",
07/31/2015,Bank Of Beijing Co Ltd,8.78,"6,492,498,674",
08/31/2015,Bank Of Beijing Co Ltd,9.4,"4,209,458,578",
09/30/2015,Bank Of Beijing Co Ltd,8.61,"3,726,056,995",
10/30/2015,Bank Of Beijing Co Ltd,8.77,"1,395,685,573",
11/30/2015,Bank Of Beijing Co Ltd,9.27,"2,023,345,882",
12/31/2015,Bank Of Beijing Co Ltd,10.53,"3,163,726,976",
01/29/2016,Bank Of Beijing Co Ltd,9.33,"1,449,562,615",
02/29/2016,Bank Of Beijing Co Ltd,9.61,"718,529,521",
03/31/2016,Bank Of Beijing Co Ltd,10.08,"1,939,464,485",
04/29/2016,Bank Of Beijing Co Ltd,10.3,"1,052,333,671",
05/31/2016,Bank Of Beijing Co Ltd,10.76,"599,686,367",
06/30/2016,Bank Of Beijing Co Ltd,10.37,"513,826,053",
07/29/2016,Bank Of Beijing Co Ltd,8.4,"809,453,974",
08/31/2016,Bank Of Beijing Co Ltd,8.98,"1,067,298,321",
09/30/2016,Bank Of Beijing Co Ltd,9.1,"804,734,006",
10/31/2016,Bank Of Beijing Co Ltd,9.32,"537,952,945",
11/30/2016,Bank Of Beijing Co Ltd,10.12,"826,022,046",
12/30/2016,Bank Of Beijing Co Ltd,9.76,"825,065,690",
01/31/2017,Bank Of Beijing Co Ltd,10.09,"393,534,963",
02/28/2017,Bank Of Beijing Co Ltd,10.06,"440,435,470",
03/31/2017,Bank Of Beijing Co Ltd,9.61,"508,197,749",
04/28/2017,Bank Of Beijing Co Ltd,8.99,"661,774,418",
05/31/2017,Bank Of Beijing Co Ltd,8.94,"998,543,838",
06/30/2017,Bank Of Beijing Co Ltd,9.17,"860,791,254",
07/31/2017,Bank Of Beijing Co Ltd,7.8,"1,236,587,373",
08/31/2017,Bank Of Beijing Co Ltd,7.64,"1,126,747,276",
09/29/2017,Bank Of Beijing Co Ltd,7.46,"589,593,000",
10/31/2017,Bank Of Beijing Co Ltd,7.34,"650,883,369",
11/30/2017,Bank Of Beijing Co Ltd,7.42,"1,287,694,704",
12/29/2017,Bank Of Beijing Co Ltd,7.15,"902,282,227",
01/31/2018,Bank Of Beijing Co Ltd,7.51,"1,670,471,859",
02/28/2018,Bank Of Beijing Co Ltd,7.31,"1,378,724,404",
03/30/2018,Bank Of Beijing Co Ltd,6.88,"587,160,692",
04/30/2018,Bank Of Beijing Co Ltd,6.8,"441,821,278",
05/31/2018,Bank Of Beijing Co Ltd,6.62,"534,542,208",
06/29/2018,Bank Of Beijing Co Ltd,6.03,"858,427,710",
07/31/2018,Bank Of Beijing Co Ltd,5.95,"877,425,821",
08/31/2018,Bank Of Beijing Co Ltd,5.83,"651,788,559",
09/28/2018,Bank Of Beijing Co Ltd,6.11,"601,937,243",
10/31/2018,Bank Of Beijing Co Ltd,6.08,"1,062,232,186",
11/30/2018,Bank Of Beijing Co Ltd,5.93,"560,494,577",
12/31/2018,Bank Of Beijing Co Ltd,5.61,"521,331,226",
01/31/2019,Bank Of Beijing Co Ltd,5.97,"571,308,647",
02/28/2019,Bank Of Beijing Co Ltd,6.42,"875,895,665",
03/29/2019,Bank Of Beijing Co Ltd,6.2,"1,268,577,918",
04/30/2019,Bank Of Beijing Co Ltd,6.37,"1,791,787,995",
05/31/2019,Bank Of Beijing Co Ltd,5.8,"1,239,374,714",
06/28/2019,Bank Of Beijing Co Ltd,5.91,"1,108,628,050",
07/31/2019,Bank Of Beijing Co Ltd,5.63,"778,735,553",
08/30/2019,Bank Of Beijing Co Ltd,5.25,"873,097,108",
09/30/2019,Bank Of Beijing Co Ltd,5.36,"1,111,152,222",
10/31/2019,Bank Of Beijing Co Ltd,5.54,"1,252,607,459",
11/29/2019,Bank Of Beijing Co Ltd,5.56,"924,780,757",
12/31/2019,Bank Of Beijing Co Ltd,5.68,"915,004,133",
01/31/2020,Bank Of Beijing Co Ltd,5.42,"1,475,262,879",
02/28/2020,Bank Of Beijing Co Ltd,5.11,"1,098,850,877",
03/31/2020,Bank Of Beijing Co Ltd,4.83,"1,384,286,699",
04/03/2020,Bank Of Beijing Co Ltd,4.84,"87,058,701",
