,Kendal Correlation
Shares Mil,-0.3333333333333333
Revenue_YOY,-0.04494665749754947
Operating_YOY,
Income_YOY,-0.1111111111111111
EPS_YOY,0.1111111111111111
Return on Equity %,0.06666666666666667
Return on Assets %,0.4222222222222222
Net Margin %,0.3333333333333333
Earnings Per Share CNY,-0.28888888888888886
Book Value Per Share * CNY,-0.35957325998039574
Free Cash Flow Per Share * CNY,0.19999999999999998
Payout Ratio % *,-0.37777777777777777
Debt/Equity,-0.28888888888888886
Current Ratio,
Quick Ratio,
Financial Leverage (Average),-0.06666666666666667
Fixed Assets Turnover,0.15555555555555553
Cash Conversion Cycle,
Payables Period,
Market Capital Mil,0.8222222222222221
Price/Earning Ratio,0.5555555555555555
Price/Book Ratio,0.5111111111111111
Price/FCF,0.37777777777777777
PEG Ratio,0.3333333333333333
Year End Price,1.0
