,Pearson Correlation
Shares Mil,-0.5656514409320971
Revenue_YOY,-0.3434729527778848
Operating_YOY,
Income_YOY,-0.2577677096798465
EPS_YOY,-0.011060896605738002
Return on Equity %,0.21071534288940127
Return on Assets %,0.653673333393591
Net Margin %,0.624403039838414
Earnings Per Share CNY,-0.5233191035860536
Book Value Per Share * CNY,-0.49444809633603104
Free Cash Flow Per Share * CNY,0.23651941315632177
Payout Ratio % *,-0.4322696289010405
Debt/Equity,-0.4143974994879808
Current Ratio,
Quick Ratio,
Financial Leverage (Average),-0.28755594907796433
Fixed Assets Turnover,0.21793283216361542
Cash Conversion Cycle,
Payables Period,
Market Capital Mil,0.9516191987880649
Price/Earning Ratio,0.8733502352812564
Price/Book Ratio,0.8518493124809567
Price/FCF,0.3778607449674434
PEG Ratio,0.8327735276542256
Year End Price,1.0
