,Spearman Correlation
Shares Mil,-0.10303030303030303
Revenue_YOY,0.696969696969697
Income_YOY,0.38181818181818183
EPS_YOY,0.40606060606060607
Return on Equity %,0.8424242424242424
Return on Assets %,0.6242424242424243
Net Margin %,0.6848484848484848
Earnings Per Share CNY,0.5393939393939394
Book Value Per Share * CNY,-0.28484848484848485
Free Cash Flow Per Share * CNY,0.3212121212121212
Payout Ratio % *,0.1337392196096142
Debt/Equity,0.8666666666666667
Financial Leverage (Average),0.7963562622208845
Fixed Assets Turnover,0.8303030303030303
Market Capital Mil,0.9272727272727272
Price/Earning Ratio,0.04242424242424243
Price/Book Ratio,0.4303030303030303
Price/FCF,-0.09090909090909091
PEG Ratio,-0.01818181818181818
Year End Price,1.0
