,Kendal Correlation
Shares Mil,-0.1111111111111111
Revenue_YOY,0.5111111111111111
Income_YOY,0.24444444444444444
EPS_YOY,0.28888888888888886
Return on Equity %,0.6888888888888888
Return on Assets %,0.4666666666666666
Net Margin %,0.4222222222222222
Earnings Per Share CNY,0.37777777777777777
Book Value Per Share * CNY,-0.28888888888888886
Free Cash Flow Per Share * CNY,0.19999999999999998
Payout Ratio % *,0.13483997249264842
Debt/Equity,0.7222222222222222
Financial Leverage (Average),0.6292532049656926
Fixed Assets Turnover,0.6444444444444444
Market Capital Mil,0.8222222222222221
Price/Earning Ratio,-0.06666666666666667
Price/Book Ratio,0.4222222222222222
Price/FCF,-0.06666666666666667
PEG Ratio,0.022222222222222223
Year End Price,1.0
