,Pearson Correlation
Shares Mil,-0.27942049286945964
Revenue_YOY,0.6132049062461208
Income_YOY,0.38815035250534774
EPS_YOY,0.398481398748759
Return on Equity %,0.7607119581374262
Return on Assets %,0.6962306640145449
Net Margin %,0.5706291652153133
Earnings Per Share CNY,0.381043094373495
Book Value Per Share * CNY,-0.2564737883897451
Free Cash Flow Per Share * CNY,0.2552509831940532
Payout Ratio % *,0.3490363711493005
Debt/Equity,0.6745111248459771
Financial Leverage (Average),0.7585693786964733
Fixed Assets Turnover,0.6829108239073447
Market Capital Mil,0.8287420893545667
Price/Earning Ratio,0.167588075347548
Price/Book Ratio,0.7383219424964269
Price/FCF,-0.14261066374399026
PEG Ratio,-0.11311661435976123
Year End Price,1.0
