﻿Date,Name,Price,Volume
06/30/1997,GF Securities Co Ltd,2.2733612273,"58,015,894",
07/31/1997,GF Securities Co Ltd,2.3235704324,"25,828,295",
08/29/1997,GF Securities Co Ltd,2.2287308229,"13,264,028",
09/30/1997,GF Securities Co Ltd,1.9860529986,"11,495,667",
10/31/1997,GF Securities Co Ltd,2.3709902371,"17,766,414",
11/28/1997,GF Securities Co Ltd,2.2594142259,"19,002,150",
12/31/1997,GF Securities Co Ltd,2.5467224547,"13,832,137",
01/30/1998,GF Securities Co Ltd,2.4630404463,"16,498,325",
02/27/1998,GF Securities Co Ltd,2.5244072524,"13,513,755",
03/31/1998,GF Securities Co Ltd,2.5132496513,"10,810,809",
04/30/1998,GF Securities Co Ltd,3.1269177127,"30,247,302",
05/29/1998,GF Securities Co Ltd,3.4030683403,"18,409,800",
06/30/1998,GF Securities Co Ltd,3.7935843794,"15,450,902",
07/31/1998,GF Securities Co Ltd,4,"20,450,129",
08/31/1998,GF Securities Co Ltd,3.8744769874,"15,968,531",
09/30/1998,GF Securities Co Ltd,4.1952580195,"15,029,385",
10/30/1998,GF Securities Co Ltd,5.6541143654,"20,945,673",
11/30/1998,GF Securities Co Ltd,5.9665271967,"14,854,377",
12/31/1998,GF Securities Co Ltd,5.5341701534,"6,632,388",
01/29/1999,GF Securities Co Ltd,4.8145048815,"5,989,418",
02/26/1999,GF Securities Co Ltd,4.8647140865,"4,418,350",
03/31/1999,GF Securities Co Ltd,4.9009762901,"14,625,296",
04/30/1999,GF Securities Co Ltd,4.4433333333,"8,447,144",
05/31/1999,GF Securities Co Ltd,5.1033333333,"10,502,874",
06/30/1999,GF Securities Co Ltd,5.96,"46,771,659",
07/30/1999,GF Securities Co Ltd,6.23,"53,191,617",
08/31/1999,GF Securities Co Ltd,6.15,"35,297,501",
09/30/1999,GF Securities Co Ltd,5.26,"37,389,912",
10/29/1999,GF Securities Co Ltd,4.83,"9,235,639",
11/30/1999,GF Securities Co Ltd,4.85,"9,208,044",
12/31/1999,GF Securities Co Ltd,4.5833333333,"4,887,956",
01/31/2000,GF Securities Co Ltd,5.2466666667,"25,813,351",
02/29/2000,GF Securities Co Ltd,4.9666666667,"33,163,952",
03/31/2000,GF Securities Co Ltd,5.2833333333,"30,795,136",
04/28/2000,GF Securities Co Ltd,5.5733333333,"21,274,311",
05/31/2000,GF Securities Co Ltd,5.82,"27,434,482",
06/30/2000,GF Securities Co Ltd,5.31,"23,732,099",
07/31/2000,GF Securities Co Ltd,5.395,"23,048,623",
08/31/2000,GF Securities Co Ltd,5.505,"38,316,103",
09/29/2000,GF Securities Co Ltd,5.055,"7,860,859",
10/31/2000,GF Securities Co Ltd,5.24,"7,809,920",
11/30/2000,GF Securities Co Ltd,5.695,"24,743,232",
12/29/2000,GF Securities Co Ltd,5.405,"9,900,371",
01/31/2001,GF Securities Co Ltd,5.46,"9,711,971",
02/28/2001,GF Securities Co Ltd,5.15,"3,981,477",
03/30/2001,GF Securities Co Ltd,5.405,"7,145,127",
04/30/2001,GF Securities Co Ltd,5.245,"9,858,950",
05/31/2001,GF Securities Co Ltd,5.595,"12,356,247",
06/29/2001,GF Securities Co Ltd,5.635,"20,386,986",
07/31/2001,GF Securities Co Ltd,5,"6,422,468",
08/31/2001,GF Securities Co Ltd,4.65,"4,349,434",
09/28/2001,GF Securities Co Ltd,4.325,"2,428,421",
10/31/2001,GF Securities Co Ltd,3.99,"3,884,321",
11/30/2001,GF Securities Co Ltd,4.415,"5,276,238",
12/31/2001,GF Securities Co Ltd,4.245,"3,948,219",
01/31/2002,GF Securities Co Ltd,3.41,"5,004,264",
02/28/2002,GF Securities Co Ltd,3.62,"5,270,889",
03/29/2002,GF Securities Co Ltd,4.085,"17,731,482",
04/30/2002,GF Securities Co Ltd,4.225,"7,397,499",
05/31/2002,GF Securities Co Ltd,3.83,"5,853,057",
06/28/2002,GF Securities Co Ltd,5.21,"31,423,310",
07/31/2002,GF Securities Co Ltd,4.795,"27,396,967",
08/30/2002,GF Securities Co Ltd,4.86,"4,190,932",
09/30/2002,GF Securities Co Ltd,5.095,"20,781,895",
10/31/2002,GF Securities Co Ltd,4.665,"16,846,754",
11/29/2002,GF Securities Co Ltd,3.965,"4,399,203",
12/31/2002,GF Securities Co Ltd,3.925,"13,959,125",
01/31/2003,GF Securities Co Ltd,4.17,"7,810,381",
02/28/2003,GF Securities Co Ltd,4.355,"10,904,852",
03/31/2003,GF Securities Co Ltd,3.915,"6,397,947",
04/30/2003,GF Securities Co Ltd,3.365,"21,185,139",
05/30/2003,GF Securities Co Ltd,3.58,"10,909,652",
06/30/2003,GF Securities Co Ltd,3.205,"3,524,107",
07/31/2003,GF Securities Co Ltd,3.325,"9,469,683",
08/29/2003,GF Securities Co Ltd,3.32,"3,823,715",
09/30/2003,GF Securities Co Ltd,2.78,"8,964,430",
10/31/2003,GF Securities Co Ltd,2.545,"6,350,057",
11/28/2003,GF Securities Co Ltd,2.48,"5,823,884",
12/31/2003,GF Securities Co Ltd,2.25,"8,646,141",
01/30/2004,GF Securities Co Ltd,2.525,"21,420,363",
02/27/2004,GF Securities Co Ltd,2.755,"30,337,526",
03/31/2004,GF Securities Co Ltd,2.56,"49,617,092",
04/30/2004,GF Securities Co Ltd,2.185,"30,969,254",
05/31/2004,GF Securities Co Ltd,1.84,"13,371,334",
06/30/2004,GF Securities Co Ltd,1.495,"15,725,029",
07/30/2004,GF Securities Co Ltd,1.6,"28,624,419",
08/31/2004,GF Securities Co Ltd,1.505,"10,363,213",
09/30/2004,GF Securities Co Ltd,1.6,"30,222,671",
10/29/2004,GF Securities Co Ltd,1.575,"38,697,679",
11/30/2004,GF Securities Co Ltd,1.705,"41,370,470",
12/31/2004,GF Securities Co Ltd,1.59,"14,959,503",
01/31/2005,GF Securities Co Ltd,1.595,"30,208,561",
02/28/2005,GF Securities Co Ltd,1.805,"32,209,182",
03/31/2005,GF Securities Co Ltd,1.665,"95,049,430",
04/29/2005,GF Securities Co Ltd,1.34,"35,705,780",
05/31/2005,GF Securities Co Ltd,1.34,"29,039,447",
06/30/2005,GF Securities Co Ltd,1.29,"36,061,200",
07/29/2005,GF Securities Co Ltd,1.3,"55,043,512",
08/31/2005,GF Securities Co Ltd,1.45,"60,653,559",
09/30/2005,GF Securities Co Ltd,1.32,"46,575,020",
10/31/2005,GF Securities Co Ltd,1.31,"29,198",
11/30/2005,GF Securities Co Ltd,1.275,"12,189",
12/30/2005,GF Securities Co Ltd,1.245,"1,252,520",
01/31/2006,GF Securities Co Ltd,1.385,"31,651",
02/28/2006,GF Securities Co Ltd,1.355,"24,678",
03/31/2006,GF Securities Co Ltd,1.35,"19,596",
04/28/2006,GF Securities Co Ltd,1.91,"49,031",
05/31/2006,GF Securities Co Ltd,3.33,"19,061,237",
06/30/2006,GF Securities Co Ltd,4.03,"20,637",
07/31/2006,GF Securities Co Ltd,4.03,"18,312",
08/31/2006,GF Securities Co Ltd,4.03,"20,056",
09/29/2006,GF Securities Co Ltd,4.03,"18,312",
10/31/2006,GF Securities Co Ltd,5.275,"153,165",
11/30/2006,GF Securities Co Ltd,5.275,"233,816",
12/29/2006,GF Securities Co Ltd,5.275,"223,188",
01/31/2007,GF Securities Co Ltd,5.275,"244,444",
02/28/2007,GF Securities Co Ltd,25.025,"106,280",
03/30/2007,GF Securities Co Ltd,25.025,0,
04/30/2007,GF Securities Co Ltd,25.025,0,
05/31/2007,GF Securities Co Ltd,25.025,0,
06/29/2007,GF Securities Co Ltd,25.025,0,
07/31/2007,GF Securities Co Ltd,25.025,0,
08/31/2007,GF Securities Co Ltd,25.025,0,
09/28/2007,GF Securities Co Ltd,25.025,0,
10/31/2007,GF Securities Co Ltd,25.025,0,
11/30/2007,GF Securities Co Ltd,25.025,0,
12/31/2007,GF Securities Co Ltd,25.025,0,
01/31/2008,GF Securities Co Ltd,25.025,0,
02/29/2008,GF Securities Co Ltd,25.025,0,
03/31/2008,GF Securities Co Ltd,25.025,0,
04/30/2008,GF Securities Co Ltd,25.025,0,
05/30/2008,GF Securities Co Ltd,25.025,0,
06/30/2008,GF Securities Co Ltd,25.025,0,
07/31/2008,GF Securities Co Ltd,25.025,0,
08/29/2008,GF Securities Co Ltd,25.025,0,
09/30/2008,GF Securities Co Ltd,25.025,0,
10/31/2008,GF Securities Co Ltd,25.025,0,
11/28/2008,GF Securities Co Ltd,25.025,0,
12/31/2008,GF Securities Co Ltd,25.025,0,
01/30/2009,GF Securities Co Ltd,25.025,0,
02/27/2009,GF Securities Co Ltd,25.025,0,
03/31/2009,GF Securities Co Ltd,25.025,0,
04/30/2009,GF Securities Co Ltd,25.025,0,
05/29/2009,GF Securities Co Ltd,25.025,0,
06/30/2009,GF Securities Co Ltd,25.025,0,
07/31/2009,GF Securities Co Ltd,25.025,0,
08/31/2009,GF Securities Co Ltd,25.025,0,
09/30/2009,GF Securities Co Ltd,25.025,0,
10/30/2009,GF Securities Co Ltd,25.025,0,
11/30/2009,GF Securities Co Ltd,25.025,0,
12/31/2009,GF Securities Co Ltd,25.025,0,
01/29/2010,GF Securities Co Ltd,25.025,0,
02/26/2010,GF Securities Co Ltd,27.14,"270,875,026",
03/31/2010,GF Securities Co Ltd,27.775,"137,894,539",
04/30/2010,GF Securities Co Ltd,23.525,"74,980,271",
05/31/2010,GF Securities Co Ltd,16.47,"108,171,246",
06/30/2010,GF Securities Co Ltd,15.4,"93,596,737",
07/30/2010,GF Securities Co Ltd,16.49,"100,229,228",
08/31/2010,GF Securities Co Ltd,15.1,"89,331,235",
09/30/2010,GF Securities Co Ltd,15.61,"125,575,660",
10/29/2010,GF Securities Co Ltd,26.46,"232,422,819",
11/30/2010,GF Securities Co Ltd,22.55,"190,905,927",
12/31/2010,GF Securities Co Ltd,26.57,"164,549,314",
01/31/2011,GF Securities Co Ltd,22.275,"99,533,649",
02/28/2011,GF Securities Co Ltd,22.28,"155,445,690",
03/31/2011,GF Securities Co Ltd,19.265,"186,205,180",
04/29/2011,GF Securities Co Ltd,17.6,"131,122,249",
05/31/2011,GF Securities Co Ltd,17.225,"133,068,162",
06/30/2011,GF Securities Co Ltd,19.625,"282,471,089",
07/29/2011,GF Securities Co Ltd,17.415,"204,415,806",
08/31/2011,GF Securities Co Ltd,15.85,"150,217,409",
09/30/2011,GF Securities Co Ltd,15.4,"114,846,673",
10/31/2011,GF Securities Co Ltd,16.02,"128,748,577",
11/30/2011,GF Securities Co Ltd,13.29,"96,713,602",
12/30/2011,GF Securities Co Ltd,10.5,"83,956,883",
01/31/2012,GF Securities Co Ltd,12.35,"146,797,704",
02/29/2012,GF Securities Co Ltd,13.275,"179,383,168",
03/30/2012,GF Securities Co Ltd,13.59,"207,032,758",
04/30/2012,GF Securities Co Ltd,15.025,"278,510,780",
05/31/2012,GF Securities Co Ltd,16.3,"271,012,676",
06/29/2012,GF Securities Co Ltd,14.915,"163,485,400",
07/31/2012,GF Securities Co Ltd,13.62,"408,346,440",
08/31/2012,GF Securities Co Ltd,10.35,"508,584,327",
09/28/2012,GF Securities Co Ltd,13.6,"1,161,746,864",
10/31/2012,GF Securities Co Ltd,12.88,"1,029,144,237",
11/30/2012,GF Securities Co Ltd,11.12,"445,578,510",
12/31/2012,GF Securities Co Ltd,15.42,"1,168,064,185",
01/31/2013,GF Securities Co Ltd,15.33,"1,413,453,148",
02/28/2013,GF Securities Co Ltd,16.12,"1,386,748,218",
03/29/2013,GF Securities Co Ltd,13.05,"863,029,252",
04/30/2013,GF Securities Co Ltd,13.15,"490,966,504",
05/31/2013,GF Securities Co Ltd,14.14,"593,993,813",
06/28/2013,GF Securities Co Ltd,11.08,"573,620,155",
07/31/2013,GF Securities Co Ltd,11.84,"719,747,355",
08/30/2013,GF Securities Co Ltd,11.83,"614,096,871",
09/30/2013,GF Securities Co Ltd,11.85,"608,803,790",
10/31/2013,GF Securities Co Ltd,11.55,"401,012,623",
11/29/2013,GF Securities Co Ltd,12.64,"513,656,790",
12/31/2013,GF Securities Co Ltd,12.48,"784,207,114",
01/31/2014,GF Securities Co Ltd,11.49,"507,809,475",
02/28/2014,GF Securities Co Ltd,10.75,"550,784,880",
03/31/2014,GF Securities Co Ltd,9.88,"568,927,868",
04/30/2014,GF Securities Co Ltd,10.16,"498,517,182",
05/30/2014,GF Securities Co Ltd,10.12,"469,151,114",
06/30/2014,GF Securities Co Ltd,9.8,"397,164,299",
07/31/2014,GF Securities Co Ltd,10.61,"712,389,274",
08/29/2014,GF Securities Co Ltd,10.23,"750,035,619",
09/30/2014,GF Securities Co Ltd,10.95,"997,161,450",
10/31/2014,GF Securities Co Ltd,11.62,"1,288,506,683",
11/28/2014,GF Securities Co Ltd,17.91,"2,582,700,621",
12/31/2014,GF Securities Co Ltd,25.95,"5,394,176,992",
01/30/2015,GF Securities Co Ltd,21.9,"2,928,363,144",
02/27/2015,GF Securities Co Ltd,23.64,"1,728,976,359",
03/31/2015,GF Securities Co Ltd,27.9,"2,704,492,954",
04/30/2015,GF Securities Co Ltd,28.21,"3,097,327,642",
05/29/2015,GF Securities Co Ltd,25.83,"2,063,269,561",
06/30/2015,GF Securities Co Ltd,22.65,"2,194,315,318",
07/31/2015,GF Securities Co Ltd,18.65,"2,756,571,625",
08/31/2015,GF Securities Co Ltd,13.46,"1,552,847,326",
09/30/2015,GF Securities Co Ltd,13.1,"1,507,937,243",
10/30/2015,GF Securities Co Ltd,15.66,"1,072,251,463",
11/30/2015,GF Securities Co Ltd,17.6,"2,234,384,030",
12/31/2015,GF Securities Co Ltd,19.45,"2,491,267,168",
01/29/2016,GF Securities Co Ltd,13.79,"1,451,932,751",
02/29/2016,GF Securities Co Ltd,12.8,"1,162,282,988",
03/31/2016,GF Securities Co Ltd,16.72,"2,013,981,469",
04/29/2016,GF Securities Co Ltd,15.81,"1,252,183,446",
05/31/2016,GF Securities Co Ltd,16.45,"729,178,377",
06/30/2016,GF Securities Co Ltd,16.76,"910,052,706",
07/29/2016,GF Securities Co Ltd,16.25,"850,016,854",
08/31/2016,GF Securities Co Ltd,16.85,"1,230,543,458",
09/30/2016,GF Securities Co Ltd,16.37,"771,534,724",
10/31/2016,GF Securities Co Ltd,17.4,"735,760,982",
11/30/2016,GF Securities Co Ltd,19.55,"1,640,089,400",
12/30/2016,GF Securities Co Ltd,16.86,"725,534,230",
01/31/2017,GF Securities Co Ltd,17.51,"401,680,195",
02/28/2017,GF Securities Co Ltd,17.58,"474,230,892",
03/31/2017,GF Securities Co Ltd,17.09,"451,172,788",
04/28/2017,GF Securities Co Ltd,16.73,"455,645,066",
05/31/2017,GF Securities Co Ltd,16.65,"643,165,194",
06/30/2017,GF Securities Co Ltd,17.25,"622,661,777",
07/31/2017,GF Securities Co Ltd,17.75,"1,076,161,430",
08/31/2017,GF Securities Co Ltd,19.03,"1,183,504,267",
09/29/2017,GF Securities Co Ltd,18.98,"898,297,259",
10/31/2017,GF Securities Co Ltd,17.73,"702,468,814",
11/30/2017,GF Securities Co Ltd,17.78,"883,930,794",
12/29/2017,GF Securities Co Ltd,16.68,"472,094,867",
01/31/2018,GF Securities Co Ltd,18.79,"1,293,421,495",
02/28/2018,GF Securities Co Ltd,16.61,"825,954,746",
03/30/2018,GF Securities Co Ltd,16.48,"594,346,034",
04/30/2018,GF Securities Co Ltd,15.62,"466,015,879",
05/31/2018,GF Securities Co Ltd,14.29,"464,412,730",
06/29/2018,GF Securities Co Ltd,13.27,"415,399,689",
07/31/2018,GF Securities Co Ltd,13.39,"417,812,748",
08/31/2018,GF Securities Co Ltd,13.49,"343,872,399",
09/28/2018,GF Securities Co Ltd,13.85,"191,621,075",
10/31/2018,GF Securities Co Ltd,12.41,"892,379,916",
11/30/2018,GF Securities Co Ltd,13.48,"838,961,168",
12/31/2018,GF Securities Co Ltd,12.68,"391,713,921",
01/31/2019,GF Securities Co Ltd,12.69,"713,721,995",
02/28/2019,GF Securities Co Ltd,16.49,"1,721,309,436",
03/29/2019,GF Securities Co Ltd,16.17,"1,796,373,540",
04/30/2019,GF Securities Co Ltd,15.56,"1,382,574,787",
05/31/2019,GF Securities Co Ltd,12.97,"871,491,519",
06/28/2019,GF Securities Co Ltd,13.74,"901,374,593",
07/31/2019,GF Securities Co Ltd,13.41,"713,836,556",
08/30/2019,GF Securities Co Ltd,13.28,"581,909,423",
09/30/2019,GF Securities Co Ltd,13.57,"807,224,191",
10/31/2019,GF Securities Co Ltd,13.72,"422,491,514",
11/29/2019,GF Securities Co Ltd,13.34,"379,925,394",
12/31/2019,GF Securities Co Ltd,15.17,"994,407,757",
01/31/2020,GF Securities Co Ltd,14.81,"1,138,138,954",
02/28/2020,GF Securities Co Ltd,14.5,"1,146,619,850",
03/31/2020,GF Securities Co Ltd,13.68,"1,005,019,587",
04/03/2020,GF Securities Co Ltd,13.7,"56,059,381",
