,Kendal Correlation
Shares Mil,0.6888888888888888
Revenue_YOY,-0.37777777777777777
Operating_YOY,
Income_YOY,-0.4222222222222222
EPS_YOY,-0.4666666666666666
Return on Equity %,-0.6444444444444444
Return on Assets %,-0.4666666666666666
Net Margin %,-0.6
Earnings Per Share CNY,0.6292532049656926
Book Value Per Share * CNY,0.6444444444444444
Free Cash Flow Per Share * CNY,-0.24444444444444444
Payout Ratio % *,0.5060480768510597
Debt/Equity,0.5111111111111111
Current Ratio,
Quick Ratio,
Financial Leverage (Average),-0.6888888888888888
Fixed Assets Turnover,0.28888888888888886
Cash Conversion Cycle,
Payables Period,
Market Capital Mil,0.9555555555555554
Price/Earning Ratio,0.6888888888888888
Price/Book Ratio,0.0
Price/FCF,0.15555555555555553
PEG Ratio,0.15555555555555553
Year End Price,1.0
