,Spearman Correlation
Shares Mil,0.8424242424242424
Revenue_YOY,-0.4909090909090909
Operating_YOY,
Income_YOY,-0.5878787878787879
EPS_YOY,-0.6484848484848484
Return on Equity %,-0.793939393939394
Return on Assets %,-0.5757575757575758
Net Margin %,-0.7818181818181819
Earnings Per Share CNY,0.7841981513472833
Book Value Per Share * CNY,0.8303030303030303
Free Cash Flow Per Share * CNY,-0.4666666666666667
Payout Ratio % *,0.6442202750968413
Debt/Equity,0.7454545454545455
Current Ratio,
Quick Ratio,
Financial Leverage (Average),-0.8303030303030303
Fixed Assets Turnover,0.34545454545454546
Cash Conversion Cycle,
Payables Period,
Market Capital Mil,0.9878787878787879
Price/Earning Ratio,0.7818181818181819
Price/Book Ratio,-0.006079055436800646
Price/FCF,0.28484848484848485
PEG Ratio,0.22424242424242424
Year End Price,1.0
