,Pearson Correlation
Shares Mil,0.8319339883626441
Revenue_YOY,-0.48781297786043526
Operating_YOY,
Income_YOY,-0.512097350646547
EPS_YOY,-0.6193038788549894
Return on Equity %,-0.7535394436541399
Return on Assets %,-0.6546637073279811
Net Margin %,-0.7994564814810471
Earnings Per Share CNY,0.8068709160841887
Book Value Per Share * CNY,0.8491605843144395
Free Cash Flow Per Share * CNY,-0.2982817983647082
Payout Ratio % *,0.7116085689605796
Debt/Equity,0.7465908147114648
Current Ratio,
Quick Ratio,
Financial Leverage (Average),-0.769345800479266
Fixed Assets Turnover,0.14099401978379908
Cash Conversion Cycle,
Payables Period,
Market Capital Mil,0.9932886233503035
Price/Earning Ratio,0.865526210845883
Price/Book Ratio,-0.06804650027549855
Price/FCF,0.4256360275420401
PEG Ratio,-0.15520172244674368
Year End Price,1.0
