,Pearson Correlation
Shares Mil,0.6166963535731607
Revenue_YOY,-0.4621969211123811
Operating_YOY,
Income_YOY,-0.6628541469751766
EPS_YOY,-0.6629587909186004
Return on Equity %,-0.7716599840875549
Return on Assets %,-0.5265507190427449
Net Margin %,0.19907123298881343
Earnings Per Share CNY,0.7737767625219578
Book Value Per Share * CNY,0.7968665696921066
Free Cash Flow Per Share * CNY,0.27464810350297125
Payout Ratio % *,0.5113408878737457
Debt/Equity,0.6915626080429133
Current Ratio,
Quick Ratio,
Financial Leverage (Average),-0.7860003646191135
Fixed Assets Turnover,0.7491755353523708
Cash Conversion Cycle,
Payables Period,
Market Capital Mil,0.9765641442097603
Price/Earning Ratio,0.039155376965790085
Price/Book Ratio,-0.5299943818134945
Price/FCF,0.026383913048118095
PEG Ratio,0.24043723002097717
Year End Price,1.0
