,Kendal Correlation
Shares Mil,0.4666666666666666
Revenue_YOY,-0.15555555555555553
Operating_YOY,
Income_YOY,-0.3333333333333333
EPS_YOY,-0.27602622373694163
Return on Equity %,-0.5555555555555555
Return on Assets %,-0.4222222222222222
Net Margin %,0.24444444444444444
Earnings Per Share CNY,0.5820252464746485
Book Value Per Share * CNY,0.5111111111111111
Free Cash Flow Per Share * CNY,0.15555555555555553
Payout Ratio % *,0.28888888888888886
Debt/Equity,0.5520524474738833
Current Ratio,
Quick Ratio,
Financial Leverage (Average),-0.4222222222222222
Fixed Assets Turnover,0.5555555555555555
Cash Conversion Cycle,
Payables Period,
Market Capital Mil,0.7777777777777777
Price/Earning Ratio,0.19999999999999998
Price/Book Ratio,-0.3333333333333333
Price/FCF,0.15555555555555553
PEG Ratio,0.37777777777777777
Year End Price,1.0
