,Spearman Correlation
Shares Mil,0.6606060606060606
Revenue_YOY,-0.3212121212121212
Operating_YOY,
Income_YOY,-0.5636363636363636
EPS_YOY,-0.5337825136516685
Return on Equity %,-0.7454545454545455
Return on Assets %,-0.5151515151515151
Net Margin %,0.2
Earnings Per Share CNY,0.7754763931697962
Book Value Per Share * CNY,0.7212121212121212
Free Cash Flow Per Share * CNY,0.296969696969697
Payout Ratio % *,0.34545454545454546
Debt/Equity,0.6810328622452322
Current Ratio,
Quick Ratio,
Financial Leverage (Average),-0.6121212121212121
Fixed Assets Turnover,0.7333333333333333
Cash Conversion Cycle,
Payables Period,
Market Capital Mil,0.9030303030303031
Price/Earning Ratio,0.15151515151515152
Price/Book Ratio,-0.47878787878787876
Price/FCF,0.12727272727272726
PEG Ratio,0.5757575757575758
Year End Price,1.0
