﻿Date,Name,Price,Volume
07/30/2010,Agricultural Bank of China Ltd,2.79,"6,920,001,972",
08/31/2010,Agricultural Bank of China Ltd,2.69,"8,393,435,200",
09/30/2010,Agricultural Bank of China Ltd,2.61,"4,455,208,968",
10/29/2010,Agricultural Bank of China Ltd,2.76,"7,954,976,712",
11/30/2010,Agricultural Bank of China Ltd,2.61,"6,961,528,400",
12/31/2010,Agricultural Bank of China Ltd,2.68,"4,036,768,064",
01/31/2011,Agricultural Bank of China Ltd,2.62,"3,131,473,500",
02/28/2011,Agricultural Bank of China Ltd,2.61,"2,510,892,152",
03/31/2011,Agricultural Bank of China Ltd,2.76,"4,707,298,800",
04/29/2011,Agricultural Bank of China Ltd,2.94,"4,915,340,272",
05/31/2011,Agricultural Bank of China Ltd,2.84,"2,667,275,464",
06/30/2011,Agricultural Bank of China Ltd,2.8,"2,799,090,240",
07/29/2011,Agricultural Bank of China Ltd,2.68,"3,169,413,512",
08/31/2011,Agricultural Bank of China Ltd,2.61,"2,216,602,476",
09/30/2011,Agricultural Bank of China Ltd,2.46,"2,011,914,896",
10/31/2011,Agricultural Bank of China Ltd,2.68,"3,020,145,384",
11/30/2011,Agricultural Bank of China Ltd,2.54,"1,441,901,312",
12/30/2011,Agricultural Bank of China Ltd,2.62,"1,425,000,772",
01/31/2012,Agricultural Bank of China Ltd,2.7,"2,473,965,960",
02/29/2012,Agricultural Bank of China Ltd,2.75,"1,624,703,424",
03/30/2012,Agricultural Bank of China Ltd,2.68,"2,320,085,276",
04/30/2012,Agricultural Bank of China Ltd,2.72,"1,451,158,876",
05/31/2012,Agricultural Bank of China Ltd,2.64,"1,515,077,392",
06/29/2012,Agricultural Bank of China Ltd,2.59,"1,176,596,016",
07/31/2012,Agricultural Bank of China Ltd,2.52,"922,626,602",
08/31/2012,Agricultural Bank of China Ltd,2.48,"896,784,466",
09/28/2012,Agricultural Bank of China Ltd,2.46,"1,100,859,086",
10/31/2012,Agricultural Bank of China Ltd,2.5,"1,136,503,456",
11/30/2012,Agricultural Bank of China Ltd,2.6,"1,281,374,454",
12/31/2012,Agricultural Bank of China Ltd,2.8,"2,452,499,336",
01/31/2013,Agricultural Bank of China Ltd,3.08,"5,231,376,312",
02/28/2013,Agricultural Bank of China Ltd,3,"4,946,871,344",
03/29/2013,Agricultural Bank of China Ltd,2.7,"3,312,619,016",
04/30/2013,Agricultural Bank of China Ltd,2.69,"2,021,057,636",
05/31/2013,Agricultural Bank of China Ltd,2.73,"2,178,020,350",
06/28/2013,Agricultural Bank of China Ltd,2.46,"2,307,159,528",
07/31/2013,Agricultural Bank of China Ltd,2.45,"1,879,348,708",
08/30/2013,Agricultural Bank of China Ltd,2.47,"1,576,515,444",
09/30/2013,Agricultural Bank of China Ltd,2.5,"3,578,883,908",
10/31/2013,Agricultural Bank of China Ltd,2.55,"2,115,293,312",
11/29/2013,Agricultural Bank of China Ltd,2.62,"1,783,975,536",
12/31/2013,Agricultural Bank of China Ltd,2.48,"1,826,620,752",
01/31/2014,Agricultural Bank of China Ltd,2.38,"1,613,686,853",
02/28/2014,Agricultural Bank of China Ltd,2.33,"1,637,833,883",
03/31/2014,Agricultural Bank of China Ltd,2.42,"2,453,996,215",
04/30/2014,Agricultural Bank of China Ltd,2.42,"1,828,504,296",
05/30/2014,Agricultural Bank of China Ltd,2.49,"1,270,919,555",
06/30/2014,Agricultural Bank of China Ltd,2.52,"1,442,621,107",
07/31/2014,Agricultural Bank of China Ltd,2.52,"2,536,283,517",
08/29/2014,Agricultural Bank of China Ltd,2.43,"2,373,605,562",
09/30/2014,Agricultural Bank of China Ltd,2.49,"2,927,242,041",
10/31/2014,Agricultural Bank of China Ltd,2.56,"3,731,559,357",
11/28/2014,Agricultural Bank of China Ltd,2.85,"9,439,457,816",
12/31/2014,Agricultural Bank of China Ltd,3.71,"26,796,773,257",
01/30/2015,Agricultural Bank of China Ltd,3.46,"19,715,393,686",
02/27/2015,Agricultural Bank of China Ltd,3.34,"9,092,756,014",
03/31/2015,Agricultural Bank of China Ltd,3.67,"23,351,034,204",
04/30/2015,Agricultural Bank of China Ltd,3.96,"36,003,927,036",
05/29/2015,Agricultural Bank of China Ltd,3.64,"20,379,154,953",
06/30/2015,Agricultural Bank of China Ltd,3.71,"31,462,846,428",
07/31/2015,Agricultural Bank of China Ltd,3.44,"36,416,259,004",
08/31/2015,Agricultural Bank of China Ltd,2.99,"11,224,105,823",
09/30/2015,Agricultural Bank of China Ltd,3.03,"12,651,888,907",
10/30/2015,Agricultural Bank of China Ltd,3.14,"4,860,633,215",
11/30/2015,Agricultural Bank of China Ltd,3.15,"7,606,753,560",
12/31/2015,Agricultural Bank of China Ltd,3.23,"6,337,554,664",
01/29/2016,Agricultural Bank of China Ltd,2.99,"4,131,834,186",
02/29/2016,Agricultural Bank of China Ltd,2.99,"2,452,734,224",
03/31/2016,Agricultural Bank of China Ltd,3.2,"4,141,649,634",
04/29/2016,Agricultural Bank of China Ltd,3.12,"1,981,787,865",
05/31/2016,Agricultural Bank of China Ltd,3.19,"1,825,342,244",
06/30/2016,Agricultural Bank of China Ltd,3.2,"1,538,150,460",
07/29/2016,Agricultural Bank of China Ltd,3.11,"2,101,784,927",
08/31/2016,Agricultural Bank of China Ltd,3.21,"2,691,196,005",
09/30/2016,Agricultural Bank of China Ltd,3.13,"1,842,293,493",
10/31/2016,Agricultural Bank of China Ltd,3.16,"1,356,478,273",
11/30/2016,Agricultural Bank of China Ltd,3.21,"3,380,325,218",
12/30/2016,Agricultural Bank of China Ltd,3.1,"4,635,239,061",
01/31/2017,Agricultural Bank of China Ltd,3.21,"3,261,372,369",
02/28/2017,Agricultural Bank of China Ltd,3.25,"4,196,661,668",
03/31/2017,Agricultural Bank of China Ltd,3.34,"4,085,548,147",
04/28/2017,Agricultural Bank of China Ltd,3.38,"4,693,518,702",
05/31/2017,Agricultural Bank of China Ltd,3.54,"4,491,479,493",
06/30/2017,Agricultural Bank of China Ltd,3.52,"4,393,780,613",
07/31/2017,Agricultural Bank of China Ltd,3.71,"5,036,223,564",
08/31/2017,Agricultural Bank of China Ltd,3.77,"5,105,303,398",
09/29/2017,Agricultural Bank of China Ltd,3.82,"4,254,281,778",
10/31/2017,Agricultural Bank of China Ltd,3.74,"5,346,148,731",
11/30/2017,Agricultural Bank of China Ltd,3.74,"7,245,452,303",
12/29/2017,Agricultural Bank of China Ltd,3.83,"4,749,548,501",
01/31/2018,Agricultural Bank of China Ltd,4.46,"15,527,855,591",
02/28/2018,Agricultural Bank of China Ltd,4.13,"11,793,021,027",
03/30/2018,Agricultural Bank of China Ltd,3.91,"10,999,803,733",
04/30/2018,Agricultural Bank of China Ltd,3.81,"6,689,085,981",
05/31/2018,Agricultural Bank of China Ltd,3.59,"5,245,243,330",
06/29/2018,Agricultural Bank of China Ltd,3.44,"4,787,665,381",
07/31/2018,Agricultural Bank of China Ltd,3.64,"5,648,050,752",
08/31/2018,Agricultural Bank of China Ltd,3.63,"4,527,354,602",
09/28/2018,Agricultural Bank of China Ltd,3.89,"4,746,189,839",
10/31/2018,Agricultural Bank of China Ltd,3.87,"6,569,786,841",
11/30/2018,Agricultural Bank of China Ltd,3.57,"5,279,783,087",
12/31/2018,Agricultural Bank of China Ltd,3.6,"4,176,420,206",
01/31/2019,Agricultural Bank of China Ltd,3.72,"4,860,701,361",
02/28/2019,Agricultural Bank of China Ltd,3.8,"6,244,662,068",
03/29/2019,Agricultural Bank of China Ltd,3.73,"8,129,320,220",
04/30/2019,Agricultural Bank of China Ltd,3.76,"8,988,693,715",
05/31/2019,Agricultural Bank of China Ltd,3.68,"6,118,388,628",
06/28/2019,Agricultural Bank of China Ltd,3.6,"5,505,763,939",
07/31/2019,Agricultural Bank of China Ltd,3.6,"4,905,796,424",
08/30/2019,Agricultural Bank of China Ltd,3.4,"4,701,387,951",
09/30/2019,Agricultural Bank of China Ltd,3.46,"4,208,797,570",
10/31/2019,Agricultural Bank of China Ltd,3.64,"4,724,600,321",
11/29/2019,Agricultural Bank of China Ltd,3.62,"3,641,382,451",
12/31/2019,Agricultural Bank of China Ltd,3.69,"3,432,225,210",
01/31/2020,Agricultural Bank of China Ltd,3.52,"4,301,685,838",
02/28/2020,Agricultural Bank of China Ltd,3.41,"4,023,580,832",
03/31/2020,Agricultural Bank of China Ltd,3.37,"4,516,180,090",
04/03/2020,Agricultural Bank of China Ltd,3.4,"332,233,738",
