﻿Date,Name,Price,Volume
03/31/2008,China Railway Construction Corp Ltd,9.79,"4,179,503",
04/30/2008,China Railway Construction Corp Ltd,12.29,"572,650,985",
05/30/2008,China Railway Construction Corp Ltd,10.76,"1,791,516",
06/30/2008,China Railway Construction Corp Ltd,9.36,"1,346,911",
07/31/2008,China Railway Construction Corp Ltd,10.1,"1,028,842",
08/29/2008,China Railway Construction Corp Ltd,8.78,"749,867",
09/30/2008,China Railway Construction Corp Ltd,9.36,"924,258",
10/31/2008,China Railway Construction Corp Ltd,8.45,"976,910",
11/28/2008,China Railway Construction Corp Ltd,10.04,"1,439,430",
12/31/2008,China Railway Construction Corp Ltd,10.04,"893,304",
01/30/2009,China Railway Construction Corp Ltd,9.39,"98,611,964",
02/27/2009,China Railway Construction Corp Ltd,9.68,"298,150,849",
03/31/2009,China Railway Construction Corp Ltd,9.39,"1,410,559,472",
04/30/2009,China Railway Construction Corp Ltd,9.56,"1,597,123,916",
05/29/2009,China Railway Construction Corp Ltd,9.35,"1,289,824,132",
06/30/2009,China Railway Construction Corp Ltd,10.3,"1,787,897,256",
07/31/2009,China Railway Construction Corp Ltd,10.57,"2,282,333,280",
08/31/2009,China Railway Construction Corp Ltd,8.8,"1,455,553,944",
09/30/2009,China Railway Construction Corp Ltd,8.62,"1,044,264,808",
10/30/2009,China Railway Construction Corp Ltd,8.71,"900,284,410",
11/30/2009,China Railway Construction Corp Ltd,9.23,"1,393,113,398",
12/31/2009,China Railway Construction Corp Ltd,9.14,"1,176,154,510",
01/29/2010,China Railway Construction Corp Ltd,8.52,"830,946,820",
02/26/2010,China Railway Construction Corp Ltd,8.66,"497,645,539",
03/31/2010,China Railway Construction Corp Ltd,8.43,"672,081,424",
04/30/2010,China Railway Construction Corp Ltd,7.95,"653,802,964",
05/31/2010,China Railway Construction Corp Ltd,7.2,"534,692,178",
06/30/2010,China Railway Construction Corp Ltd,7.2,"415,531,917",
07/30/2010,China Railway Construction Corp Ltd,7.67,"556,320,006",
08/31/2010,China Railway Construction Corp Ltd,7.45,"480,802,894",
09/30/2010,China Railway Construction Corp Ltd,7.41,"477,985,675",
10/29/2010,China Railway Construction Corp Ltd,7.54,"1,238,799,478",
11/30/2010,China Railway Construction Corp Ltd,6.68,"1,072,508,196",
12/31/2010,China Railway Construction Corp Ltd,6.78,"610,969,782",
01/31/2011,China Railway Construction Corp Ltd,7.93,"1,058,123,210",
02/28/2011,China Railway Construction Corp Ltd,7.39,"1,114,757,526",
03/31/2011,China Railway Construction Corp Ltd,6.87,"852,206,450",
04/29/2011,China Railway Construction Corp Ltd,6.75,"581,438,610",
05/31/2011,China Railway Construction Corp Ltd,6.11,"397,615,447",
06/30/2011,China Railway Construction Corp Ltd,6.05,"394,262,484",
07/29/2011,China Railway Construction Corp Ltd,5.27,"357,259,842",
08/31/2011,China Railway Construction Corp Ltd,4.74,"414,259,115",
09/30/2011,China Railway Construction Corp Ltd,4.34,"409,586,741",
10/31/2011,China Railway Construction Corp Ltd,4.7,"573,237,036",
11/30/2011,China Railway Construction Corp Ltd,4.32,"581,965,820",
12/30/2011,China Railway Construction Corp Ltd,3.79,"359,607,914",
01/31/2012,China Railway Construction Corp Ltd,4.06,"697,361,489",
02/29/2012,China Railway Construction Corp Ltd,4.45,"537,635,394",
03/30/2012,China Railway Construction Corp Ltd,3.96,"468,479,691",
04/30/2012,China Railway Construction Corp Ltd,4.39,"577,202,327",
05/31/2012,China Railway Construction Corp Ltd,4.48,"678,229,979",
06/29/2012,China Railway Construction Corp Ltd,4.45,"357,078,232",
07/31/2012,China Railway Construction Corp Ltd,4.68,"470,629,158",
08/31/2012,China Railway Construction Corp Ltd,4.25,"295,834,195",
09/28/2012,China Railway Construction Corp Ltd,4.58,"287,877,117",
10/31/2012,China Railway Construction Corp Ltd,5.02,"357,327,907",
11/30/2012,China Railway Construction Corp Ltd,5.39,"458,760,179",
12/31/2012,China Railway Construction Corp Ltd,5.87,"745,003,108",
01/31/2013,China Railway Construction Corp Ltd,5.83,"984,114,326",
02/28/2013,China Railway Construction Corp Ltd,5.65,"703,502,373",
03/29/2013,China Railway Construction Corp Ltd,5.07,"438,099,737",
04/30/2013,China Railway Construction Corp Ltd,5.14,"360,004,717",
05/31/2013,China Railway Construction Corp Ltd,5.13,"484,702,725",
06/28/2013,China Railway Construction Corp Ltd,4.2,"397,606,016",
07/31/2013,China Railway Construction Corp Ltd,4.86,"620,569,974",
08/30/2013,China Railway Construction Corp Ltd,4.64,"463,711,581",
09/30/2013,China Railway Construction Corp Ltd,4.9,"447,727,157",
10/31/2013,China Railway Construction Corp Ltd,5.1,"532,721,302",
11/29/2013,China Railway Construction Corp Ltd,5.38,"513,493,437",
12/31/2013,China Railway Construction Corp Ltd,4.69,"498,981,659",
01/31/2014,China Railway Construction Corp Ltd,4.11,"512,894,691",
02/28/2014,China Railway Construction Corp Ltd,4.02,"505,895,215",
03/31/2014,China Railway Construction Corp Ltd,4.2,"509,464,140",
04/30/2014,China Railway Construction Corp Ltd,4.37,"1,066,410,488",
05/30/2014,China Railway Construction Corp Ltd,4.46,"467,282,659",
06/30/2014,China Railway Construction Corp Ltd,4.61,"265,266,054",
07/31/2014,China Railway Construction Corp Ltd,5.08,"735,435,496",
08/29/2014,China Railway Construction Corp Ltd,5.09,"625,381,415",
09/30/2014,China Railway Construction Corp Ltd,5.23,"808,717,584",
10/31/2014,China Railway Construction Corp Ltd,6.45,"2,420,785,858",
11/28/2014,China Railway Construction Corp Ltd,8.72,"4,286,445,914",
12/31/2014,China Railway Construction Corp Ltd,15.26,"8,088,275,118",
01/30/2015,China Railway Construction Corp Ltd,13.12,"5,817,031,512",
02/27/2015,China Railway Construction Corp Ltd,13.67,"2,556,458,180",
03/31/2015,China Railway Construction Corp Ltd,18.59,"6,495,901,006",
04/30/2015,China Railway Construction Corp Ltd,25.27,"7,853,679,018",
05/29/2015,China Railway Construction Corp Ltd,20.76,"4,757,220,673",
06/30/2015,China Railway Construction Corp Ltd,15.63,"5,043,544,295",
07/31/2015,China Railway Construction Corp Ltd,16.47,"5,480,769,842",
08/31/2015,China Railway Construction Corp Ltd,13.81,"2,382,671,355",
09/30/2015,China Railway Construction Corp Ltd,13.55,"2,041,182,544",
10/30/2015,China Railway Construction Corp Ltd,15.29,"1,407,718,983",
11/30/2015,China Railway Construction Corp Ltd,13.73,"1,215,391,416",
12/31/2015,China Railway Construction Corp Ltd,13.48,"598,200,887",
01/29/2016,China Railway Construction Corp Ltd,10.09,"742,906,514",
02/29/2016,China Railway Construction Corp Ltd,9.73,"546,017,670",
03/31/2016,China Railway Construction Corp Ltd,11.21,"774,179,345",
04/29/2016,China Railway Construction Corp Ltd,10.45,"407,530,700",
05/31/2016,China Railway Construction Corp Ltd,10.11,"300,753,121",
06/30/2016,China Railway Construction Corp Ltd,9.96,"337,609,614",
07/29/2016,China Railway Construction Corp Ltd,8.92,"1,305,085,360",
08/31/2016,China Railway Construction Corp Ltd,9.36,"1,930,463,889",
09/30/2016,China Railway Construction Corp Ltd,9.01,"885,640,112",
10/31/2016,China Railway Construction Corp Ltd,10.3,"2,057,725,910",
11/30/2016,China Railway Construction Corp Ltd,12.58,"3,114,789,699",
12/30/2016,China Railway Construction Corp Ltd,11.96,"2,697,722,539",
01/31/2017,China Railway Construction Corp Ltd,12.29,"1,147,460,810",
02/28/2017,China Railway Construction Corp Ltd,13.25,"1,383,893,492",
03/31/2017,China Railway Construction Corp Ltd,12.99,"1,532,466,701",
04/28/2017,China Railway Construction Corp Ltd,13.04,"1,939,805,885",
05/31/2017,China Railway Construction Corp Ltd,12.06,"1,297,848,933",
06/30/2017,China Railway Construction Corp Ltd,12.03,"789,309,093",
07/31/2017,China Railway Construction Corp Ltd,13.07,"1,235,575,196",
08/31/2017,China Railway Construction Corp Ltd,12.46,"1,016,297,920",
09/29/2017,China Railway Construction Corp Ltd,11.86,"760,580,118",
10/31/2017,China Railway Construction Corp Ltd,11.97,"661,263,616",
11/30/2017,China Railway Construction Corp Ltd,11.74,"1,063,439,232",
12/29/2017,China Railway Construction Corp Ltd,11.14,"502,858,786",
01/31/2018,China Railway Construction Corp Ltd,11.75,"829,150,003",
02/28/2018,China Railway Construction Corp Ltd,10.52,"667,483,689",
03/30/2018,China Railway Construction Corp Ltd,9.79,"412,120,210",
04/30/2018,China Railway Construction Corp Ltd,9.91,"328,826,487",
05/31/2018,China Railway Construction Corp Ltd,9.17,"357,043,374",
06/29/2018,China Railway Construction Corp Ltd,8.62,"385,986,329",
07/31/2018,China Railway Construction Corp Ltd,10.24,"780,186,152",
08/31/2018,China Railway Construction Corp Ltd,10.6,"1,585,683,124",
09/28/2018,China Railway Construction Corp Ltd,11.15,"1,176,905,310",
10/31/2018,China Railway Construction Corp Ltd,11,"1,890,325,140",
11/30/2018,China Railway Construction Corp Ltd,10.99,"1,395,188,955",
12/31/2018,China Railway Construction Corp Ltd,10.87,"1,713,766,371",
01/31/2019,China Railway Construction Corp Ltd,10.09,"1,588,803,609",
02/28/2019,China Railway Construction Corp Ltd,11.4,"1,928,721,864",
03/29/2019,China Railway Construction Corp Ltd,11.51,"2,707,218,322",
04/30/2019,China Railway Construction Corp Ltd,10.84,"3,361,600,426",
05/31/2019,China Railway Construction Corp Ltd,9.4,"1,398,948,127",
06/28/2019,China Railway Construction Corp Ltd,9.95,"1,060,958,050",
07/31/2019,China Railway Construction Corp Ltd,9.71,"1,085,763,100",
08/30/2019,China Railway Construction Corp Ltd,9.1,"721,399,223",
09/30/2019,China Railway Construction Corp Ltd,9.46,"1,314,744,881",
10/31/2019,China Railway Construction Corp Ltd,9.38,"723,536,547",
11/29/2019,China Railway Construction Corp Ltd,9.67,"975,927,438",
12/31/2019,China Railway Construction Corp Ltd,10.14,"948,263,084",
01/31/2020,China Railway Construction Corp Ltd,9.42,"1,164,601,112",
02/28/2020,China Railway Construction Corp Ltd,9.5,"1,446,815,876",
03/31/2020,China Railway Construction Corp Ltd,9.83,"3,142,404,790",
04/03/2020,China Railway Construction Corp Ltd,9.67,"201,371,625",
