,Spearman Correlation
Shares Mil,0.18787878787878787
Revenue_YOY,-0.296969696969697
Operating_YOY,-0.28484848484848485
Income_YOY,-0.3696969696969697
EPS_YOY,-0.3939393939393939
Return on Equity %,-0.04242424242424243
Return on Assets %,-0.09118583155200968
Net Margin %,0.503030303030303
Earnings Per Share CNY,0.4909090909090909
Book Value Per Share * CNY,0.2727272727272727
Free Cash Flow Per Share * CNY,0.2
Payout Ratio % *,0.030395277184003228
Debt/Equity,0.46342324932251916
Current Ratio,0.3547549909851606
Quick Ratio,0.6173898221471967
Financial Leverage (Average),-0.21212121212121213
Fixed Assets Turnover,0.15151515151515152
Cash Conversion Cycle,0.7090909090909091
Payables Period,0.5272727272727272
Market Capital Mil,1.0
Price/Earning Ratio,0.7090909090909091
Price/Book Ratio,0.7333333333333333
Price/FCF,0.15151515151515152
PEG Ratio,0.806060606060606
Year End Price,1.0
