,Pearson Correlation
Shares Mil,0.33252022138968823
Revenue_YOY,-0.3548933488628239
Operating_YOY,-0.3717030862848717
Income_YOY,-0.3252336445515511
EPS_YOY,-0.3767245102889761
Return on Equity %,0.04356669365487542
Return on Assets %,0.1758888946274305
Net Margin %,0.5243138789100684
Earnings Per Share CNY,0.5791543932804734
Book Value Per Share * CNY,0.3899216335972078
Free Cash Flow Per Share * CNY,0.24169033012924715
Payout Ratio % *,-0.22734269526510692
Debt/Equity,0.4968640627026783
Current Ratio,0.36315154081333234
Quick Ratio,0.5310940678115881
Financial Leverage (Average),-0.3204851872492018
Fixed Assets Turnover,0.47964358072444463
Cash Conversion Cycle,0.5449804529984301
Payables Period,0.5938715017129448
Market Capital Mil,0.9722697634821185
Price/Earning Ratio,0.4686508629884539
Price/Book Ratio,0.7253459693276877
Price/FCF,0.2331358890563464
PEG Ratio,0.6571262587286878
Year End Price,1.0
