,Kendal Correlation
Shares Mil,0.1111111111111111
Revenue_YOY,-0.3333333333333333
Operating_YOY,-0.19999999999999998
Income_YOY,-0.3333333333333333
EPS_YOY,-0.28888888888888886
Return on Equity %,0.1111111111111111
Return on Assets %,-0.04494665749754947
Net Margin %,0.19999999999999998
Earnings Per Share CNY,0.15555555555555553
Book Value Per Share * CNY,0.19999999999999998
Free Cash Flow Per Share * CNY,0.24444444444444444
Payout Ratio % *,0.04494665749754947
Debt/Equity,0.4319297483312999
Current Ratio,0.18401748249129446
Quick Ratio,0.37712361663282534
Financial Leverage (Average),-0.06666666666666667
Fixed Assets Turnover,0.1111111111111111
Cash Conversion Cycle,0.5111111111111111
Payables Period,0.24444444444444444
Market Capital Mil,0.9999999999999999
Price/Earning Ratio,0.6444444444444444
Price/Book Ratio,0.5555555555555555
Price/FCF,0.06666666666666667
PEG Ratio,0.6
Year End Price,1.0
