﻿Date,Name,Price,Volume
11/30/2009,Jiangsu Yanghe Brewery JSC Ltd,34.255952381,"97,502,942",
12/31/2009,Jiangsu Yanghe Brewery JSC Ltd,33.9255952381,"40,311,515",
01/29/2010,Jiangsu Yanghe Brewery JSC Ltd,32.1517857143,"22,386,716",
02/26/2010,Jiangsu Yanghe Brewery JSC Ltd,33.4166666667,"25,504,291",
03/31/2010,Jiangsu Yanghe Brewery JSC Ltd,33.2738095238,"34,425,763",
04/30/2010,Jiangsu Yanghe Brewery JSC Ltd,39.8511904762,"49,046,249",
05/31/2010,Jiangsu Yanghe Brewery JSC Ltd,43.5982172619,"31,012,498",
06/30/2010,Jiangsu Yanghe Brewery JSC Ltd,43.7202380952,"24,882,627",
07/30/2010,Jiangsu Yanghe Brewery JSC Ltd,50.9672619048,"19,802,080",
08/31/2010,Jiangsu Yanghe Brewery JSC Ltd,58.4761904762,"21,227,623",
09/30/2010,Jiangsu Yanghe Brewery JSC Ltd,61.0089315476,"22,286,361",
10/29/2010,Jiangsu Yanghe Brewery JSC Ltd,61.9047619048,"17,584,744",
11/30/2010,Jiangsu Yanghe Brewery JSC Ltd,76.1785744048,"21,539,091",
12/31/2010,Jiangsu Yanghe Brewery JSC Ltd,66.6666666667,"22,990,924",
01/31/2011,Jiangsu Yanghe Brewery JSC Ltd,62.3511904762,"20,115,482",
02/28/2011,Jiangsu Yanghe Brewery JSC Ltd,67.2619047619,"17,346,815",
03/31/2011,Jiangsu Yanghe Brewery JSC Ltd,62.0833333333,"13,068,392",
04/29/2011,Jiangsu Yanghe Brewery JSC Ltd,69.9375029762,"11,888,391",
05/31/2011,Jiangsu Yanghe Brewery JSC Ltd,64.9345238095,"21,201,212",
06/30/2011,Jiangsu Yanghe Brewery JSC Ltd,75.0952380952,"34,868,949",
07/29/2011,Jiangsu Yanghe Brewery JSC Ltd,81.8571428571,"33,047,459",
08/31/2011,Jiangsu Yanghe Brewery JSC Ltd,89.8273809524,"35,655,118",
09/30/2011,Jiangsu Yanghe Brewery JSC Ltd,80.9523809524,"20,531,024",
10/31/2011,Jiangsu Yanghe Brewery JSC Ltd,87.0238095238,"20,561,550",
11/30/2011,Jiangsu Yanghe Brewery JSC Ltd,87.0892857143,"24,298,955",
12/30/2011,Jiangsu Yanghe Brewery JSC Ltd,76.7678571429,"22,496,338",
01/31/2012,Jiangsu Yanghe Brewery JSC Ltd,76.0535714286,"21,519,079",
02/29/2012,Jiangsu Yanghe Brewery JSC Ltd,88.869047619,"20,829,253",
03/30/2012,Jiangsu Yanghe Brewery JSC Ltd,87.5892857143,"26,720,140",
04/30/2012,Jiangsu Yanghe Brewery JSC Ltd,99.2857142857,"21,468,096",
05/31/2012,Jiangsu Yanghe Brewery JSC Ltd,102.380952381,"31,971,967",
06/29/2012,Jiangsu Yanghe Brewery JSC Ltd,96.1071428571,"33,677,402",
07/31/2012,Jiangsu Yanghe Brewery JSC Ltd,101.1428571429,"42,526,515",
08/31/2012,Jiangsu Yanghe Brewery JSC Ltd,87.1357142857,"39,360,105",
09/28/2012,Jiangsu Yanghe Brewery JSC Ltd,89.2857142857,"37,525,797",
10/31/2012,Jiangsu Yanghe Brewery JSC Ltd,84.3142857143,"36,098,026",
11/30/2012,Jiangsu Yanghe Brewery JSC Ltd,71.2857142857,"34,944,192",
12/31/2012,Jiangsu Yanghe Brewery JSC Ltd,66.6928571429,"101,350,109",
01/31/2013,Jiangsu Yanghe Brewery JSC Ltd,56.25,"140,114,165",
02/28/2013,Jiangsu Yanghe Brewery JSC Ltd,56.2857142857,"108,945,688",
03/29/2013,Jiangsu Yanghe Brewery JSC Ltd,44.55,"120,414,809",
04/30/2013,Jiangsu Yanghe Brewery JSC Ltd,41.7,"104,846,201",
05/31/2013,Jiangsu Yanghe Brewery JSC Ltd,46.3142857143,"116,082,016",
06/28/2013,Jiangsu Yanghe Brewery JSC Ltd,38.7857142857,"79,415,440",
07/31/2013,Jiangsu Yanghe Brewery JSC Ltd,35.1357142857,"98,040,334",
08/30/2013,Jiangsu Yanghe Brewery JSC Ltd,35.2,"86,057,739",
09/30/2013,Jiangsu Yanghe Brewery JSC Ltd,31.0071428571,"94,142,819",
10/31/2013,Jiangsu Yanghe Brewery JSC Ltd,29.3428571429,"91,551,544",
11/29/2013,Jiangsu Yanghe Brewery JSC Ltd,30.5071428571,"80,344,303",
12/31/2013,Jiangsu Yanghe Brewery JSC Ltd,29.1571428571,"88,811,247",
01/31/2014,Jiangsu Yanghe Brewery JSC Ltd,28.4428571429,"128,225,450",
02/28/2014,Jiangsu Yanghe Brewery JSC Ltd,36.4071428571,"129,437,861",
03/31/2014,Jiangsu Yanghe Brewery JSC Ltd,35.1357142857,"83,038,016",
04/30/2014,Jiangsu Yanghe Brewery JSC Ltd,40.4142857143,"62,044,865",
05/30/2014,Jiangsu Yanghe Brewery JSC Ltd,39.5142857143,"58,206,943",
06/30/2014,Jiangsu Yanghe Brewery JSC Ltd,36.25,"28,475,734",
07/31/2014,Jiangsu Yanghe Brewery JSC Ltd,41.9142857143,"55,760,510",
08/29/2014,Jiangsu Yanghe Brewery JSC Ltd,45.3928571429,"44,728,693",
09/30/2014,Jiangsu Yanghe Brewery JSC Ltd,45.0928571429,"35,463,814",
10/31/2014,Jiangsu Yanghe Brewery JSC Ltd,43.15,"33,867,329",
11/28/2014,Jiangsu Yanghe Brewery JSC Ltd,43.0285714286,"44,946,555",
12/31/2014,Jiangsu Yanghe Brewery JSC Ltd,56.4642857143,"104,962,945",
01/30/2015,Jiangsu Yanghe Brewery JSC Ltd,54.7928571429,"72,600,950",
02/27/2015,Jiangsu Yanghe Brewery JSC Ltd,57.4142857143,"50,079,473",
03/31/2015,Jiangsu Yanghe Brewery JSC Ltd,58.1214285714,"96,314,712",
04/30/2015,Jiangsu Yanghe Brewery JSC Ltd,66.8357142857,"127,456,179",
05/29/2015,Jiangsu Yanghe Brewery JSC Ltd,66.8642857143,"137,870,298",
06/30/2015,Jiangsu Yanghe Brewery JSC Ltd,69.36,"197,363,180",
07/31/2015,Jiangsu Yanghe Brewery JSC Ltd,63.04,"251,314,423",
08/31/2015,Jiangsu Yanghe Brewery JSC Ltd,55.59,"117,353,029",
09/30/2015,Jiangsu Yanghe Brewery JSC Ltd,54.49,"81,800,674",
10/30/2015,Jiangsu Yanghe Brewery JSC Ltd,62.52,"54,864,389",
11/30/2015,Jiangsu Yanghe Brewery JSC Ltd,63,"47,251,416",
12/31/2015,Jiangsu Yanghe Brewery JSC Ltd,68.54,"54,881,969",
01/29/2016,Jiangsu Yanghe Brewery JSC Ltd,58.81,"49,756,406",
02/29/2016,Jiangsu Yanghe Brewery JSC Ltd,57.31,"40,648,771",
03/31/2016,Jiangsu Yanghe Brewery JSC Ltd,66.8,"66,458,464",
04/29/2016,Jiangsu Yanghe Brewery JSC Ltd,67.61,"51,154,463",
05/31/2016,Jiangsu Yanghe Brewery JSC Ltd,68.33,"61,834,143",
06/30/2016,Jiangsu Yanghe Brewery JSC Ltd,71.92,"64,884,260",
07/29/2016,Jiangsu Yanghe Brewery JSC Ltd,71.51,"88,500,111",
08/31/2016,Jiangsu Yanghe Brewery JSC Ltd,70.29,"70,405,270",
09/30/2016,Jiangsu Yanghe Brewery JSC Ltd,67.09,"72,301,017",
10/31/2016,Jiangsu Yanghe Brewery JSC Ltd,69.65,"53,980,734",
11/30/2016,Jiangsu Yanghe Brewery JSC Ltd,70.5,"53,042,710",
12/30/2016,Jiangsu Yanghe Brewery JSC Ltd,70.6,"74,751,384",
01/31/2017,Jiangsu Yanghe Brewery JSC Ltd,70.22,"42,501,725",
02/28/2017,Jiangsu Yanghe Brewery JSC Ltd,81.04,"76,867,622",
03/31/2017,Jiangsu Yanghe Brewery JSC Ltd,87.38,"63,476,102",
04/28/2017,Jiangsu Yanghe Brewery JSC Ltd,80,"69,006,289",
05/31/2017,Jiangsu Yanghe Brewery JSC Ltd,87.2,"73,927,398",
06/30/2017,Jiangsu Yanghe Brewery JSC Ltd,86.81,"65,264,945",
07/31/2017,Jiangsu Yanghe Brewery JSC Ltd,89.4,"67,332,478",
08/31/2017,Jiangsu Yanghe Brewery JSC Ltd,89.35,"87,006,655",
09/29/2017,Jiangsu Yanghe Brewery JSC Ltd,101.5,"102,296,176",
10/31/2017,Jiangsu Yanghe Brewery JSC Ltd,110.24,"125,925,445",
11/30/2017,Jiangsu Yanghe Brewery JSC Ltd,103.97,"151,595,366",
12/29/2017,Jiangsu Yanghe Brewery JSC Ltd,115,"86,390,395",
01/31/2018,Jiangsu Yanghe Brewery JSC Ltd,129.95,"128,377,972",
02/28/2018,Jiangsu Yanghe Brewery JSC Ltd,117.99,"94,262,782",
03/30/2018,Jiangsu Yanghe Brewery JSC Ltd,107.99,"89,373,367",
04/30/2018,Jiangsu Yanghe Brewery JSC Ltd,112.16,"85,721,008",
05/31/2018,Jiangsu Yanghe Brewery JSC Ltd,143.68,"101,744,410",
06/29/2018,Jiangsu Yanghe Brewery JSC Ltd,131.6,"89,331,261",
07/31/2018,Jiangsu Yanghe Brewery JSC Ltd,128.35,"85,664,314",
08/31/2018,Jiangsu Yanghe Brewery JSC Ltd,115.33,"113,619,676",
09/28/2018,Jiangsu Yanghe Brewery JSC Ltd,128,"99,969,828",
10/31/2018,Jiangsu Yanghe Brewery JSC Ltd,88.39,"187,445,217",
11/30/2018,Jiangsu Yanghe Brewery JSC Ltd,100.18,"130,359,447",
12/31/2018,Jiangsu Yanghe Brewery JSC Ltd,94.72,"87,666,747",
01/31/2019,Jiangsu Yanghe Brewery JSC Ltd,94.5,"121,829,351",
02/28/2019,Jiangsu Yanghe Brewery JSC Ltd,111.05,"173,018,141",
03/29/2019,Jiangsu Yanghe Brewery JSC Ltd,130.42,"184,734,581",
04/30/2019,Jiangsu Yanghe Brewery JSC Ltd,117.66,"230,628,887",
05/31/2019,Jiangsu Yanghe Brewery JSC Ltd,114.36,"166,674,068",
06/28/2019,Jiangsu Yanghe Brewery JSC Ltd,121.56,"102,423,274",
07/31/2019,Jiangsu Yanghe Brewery JSC Ltd,116.51,"164,698,300",
08/30/2019,Jiangsu Yanghe Brewery JSC Ltd,111.98,"207,192,663",
09/30/2019,Jiangsu Yanghe Brewery JSC Ltd,104,"173,872,008",
10/31/2019,Jiangsu Yanghe Brewery JSC Ltd,100.79,"122,596,748",
11/29/2019,Jiangsu Yanghe Brewery JSC Ltd,98.19,"112,096,463",
12/31/2019,Jiangsu Yanghe Brewery JSC Ltd,110.5,"119,989,586",
01/31/2020,Jiangsu Yanghe Brewery JSC Ltd,107.16,"157,006,289",
02/28/2020,Jiangsu Yanghe Brewery JSC Ltd,97.38,"143,084,763",
03/31/2020,Jiangsu Yanghe Brewery JSC Ltd,83.87,"186,911,601",
04/03/2020,Jiangsu Yanghe Brewery JSC Ltd,85,"12,953,477",
