,Pearson Correlation
Shares Mil,0.4357157053089582
Revenue_YOY,0.10076130927311314
Operating_YOY,0.036263469985253545
Income_YOY,0.0467852251200046
EPS_YOY,0.06459497396540964
Return on Equity %,-0.24988449345473102
Return on Assets %,-0.3542906277729699
Net Margin %,0.2097566989208713
Earnings Per Share CNY,0.6187608833689616
Book Value Per Share * CNY,0.6147733068754133
Free Cash Flow Per Share * CNY,0.8095985824372947
Payout Ratio % *,0.3588608708801179
Debt/Equity,
Current Ratio,-0.31069862795742853
Quick Ratio,-0.5659051687027725
Financial Leverage (Average),0.12375288375751042
Fixed Assets Turnover,-0.2772971109566853
Cash Conversion Cycle,0.5768431255948461
Payables Period,-0.1658043820969972
Market Capital Mil,0.9995070865669319
Price/Earning Ratio,0.04676450471377326
Price/Book Ratio,0.028520920299690646
Price/FCF,-0.4330875614057078
PEG Ratio,0.5301850988109984
Year End Price,1.0
