,Kendal Correlation
Shares Mil,-0.1414213562373095
Revenue_YOY,0.1111111111111111
Operating_YOY,0.15555555555555553
Income_YOY,0.1111111111111111
EPS_YOY,0.06666666666666667
Return on Equity %,-0.19999999999999998
Return on Assets %,-0.15555555555555553
Net Margin %,0.15555555555555553
Earnings Per Share CNY,0.4666666666666666
Book Value Per Share * CNY,0.5111111111111111
Free Cash Flow Per Share * CNY,0.7777777777777777
Payout Ratio % *,0.3146266024828463
Debt/Equity,
Current Ratio,0.08989331499509894
Quick Ratio,-0.5111111111111111
Financial Leverage (Average),0.0
Fixed Assets Turnover,-0.1111111111111111
Cash Conversion Cycle,0.4666666666666666
Payables Period,-0.022222222222222223
Market Capital Mil,0.9999999999999999
Price/Earning Ratio,0.06666666666666667
Price/Book Ratio,0.022222222222222223
Price/FCF,-0.6
PEG Ratio,0.5111111111111111
Year End Price,1.0
