,Spearman Correlation
Shares Mil,-0.191390844865631
Revenue_YOY,0.2
Operating_YOY,0.21212121212121213
Income_YOY,0.2
EPS_YOY,0.17575757575757575
Return on Equity %,-0.3090909090909091
Return on Assets %,-0.24848484848484848
Net Margin %,0.34545454545454546
Earnings Per Share CNY,0.6484848484848484
Book Value Per Share * CNY,0.6363636363636364
Free Cash Flow Per Share * CNY,0.9151515151515152
Payout Ratio % *,0.3282689935872349
Debt/Equity,
Current Ratio,0.09726488698881033
Quick Ratio,-0.6242424242424243
Financial Leverage (Average),0.03647433262080387
Fixed Assets Turnover,-0.15151515151515152
Cash Conversion Cycle,0.6121212121212121
Payables Period,-0.06666666666666667
Market Capital Mil,1.0
Price/Earning Ratio,0.07878787878787878
Price/Book Ratio,0.05454545454545454
Price/FCF,-0.806060606060606
PEG Ratio,0.6606060606060606
Year End Price,1.0
