﻿Date,Name,Price,Volume
12/31/2009,Guotai Junan Securities Co Ltd,0,
1/29/2010,Guotai Junan Securities Co Ltd,0,
2/26/2010,Guotai Junan Securities Co Ltd,0,
3/31/2010,Guotai Junan Securities Co Ltd,0,
4/30/2010,Guotai Junan Securities Co Ltd,0,
5/31/2010,Guotai Junan Securities Co Ltd,0,
6/30/2010,Guotai Junan Securities Co Ltd,0,
7/30/2010,Guotai Junan Securities Co Ltd,0,
8/31/2010,Guotai Junan Securities Co Ltd,0,
9/30/2010,Guotai Junan Securities Co Ltd,0,
10/29/2010,Guotai Junan Securities Co Ltd,0,
11/30/2010,Guotai Junan Securities Co Ltd,0,
12/31/2010,Guotai Junan Securities Co Ltd,0,
1/31/2011,Guotai Junan Securities Co Ltd,0,
2/28/2011,Guotai Junan Securities Co Ltd,0,
3/31/2011,Guotai Junan Securities Co Ltd,0,
4/29/2011,Guotai Junan Securities Co Ltd,0,
5/31/2011,Guotai Junan Securities Co Ltd,0,
6/30/2011,Guotai Junan Securities Co Ltd,0,
7/29/2011,Guotai Junan Securities Co Ltd,0,
8/31/2011,Guotai Junan Securities Co Ltd,0,
9/30/2011,Guotai Junan Securities Co Ltd,0,
10/31/2011,Guotai Junan Securities Co Ltd,0,
11/30/2011,Guotai Junan Securities Co Ltd,0,
12/30/2011,Guotai Junan Securities Co Ltd,0,
1/31/2012,Guotai Junan Securities Co Ltd,0,
2/29/2012,Guotai Junan Securities Co Ltd,0,
3/30/2012,Guotai Junan Securities Co Ltd,0,
4/30/2012,Guotai Junan Securities Co Ltd,0,
5/31/2012,Guotai Junan Securities Co Ltd,0,
6/29/2012,Guotai Junan Securities Co Ltd,0,
7/31/2012,Guotai Junan Securities Co Ltd,0,
8/31/2012,Guotai Junan Securities Co Ltd,0,
9/28/2012,Guotai Junan Securities Co Ltd,0,
10/31/2012,Guotai Junan Securities Co Ltd,0,
11/30/2012,Guotai Junan Securities Co Ltd,0,
12/31/2012,Guotai Junan Securities Co Ltd,0,
1/31/2013,Guotai Junan Securities Co Ltd,0,
2/28/2013,Guotai Junan Securities Co Ltd,0,
3/29/2013,Guotai Junan Securities Co Ltd,0,
4/30/2013,Guotai Junan Securities Co Ltd,0,
5/31/2013,Guotai Junan Securities Co Ltd,0,
6/28/2013,Guotai Junan Securities Co Ltd,0,
7/31/2013,Guotai Junan Securities Co Ltd,0,
8/30/2013,Guotai Junan Securities Co Ltd,0,
9/30/2013,Guotai Junan Securities Co Ltd,0,
10/31/2013,Guotai Junan Securities Co Ltd,0,
11/29/2013,Guotai Junan Securities Co Ltd,0,
12/31/2013,Guotai Junan Securities Co Ltd,0,
1/31/2014,Guotai Junan Securities Co Ltd,0,
2/28/2014,Guotai Junan Securities Co Ltd,0,
3/31/2014,Guotai Junan Securities Co Ltd,0,
4/30/2014,Guotai Junan Securities Co Ltd,0,
5/30/2014,Guotai Junan Securities Co Ltd,0,
6/30/2014,Guotai Junan Securities Co Ltd,0,
7/31/2014,Guotai Junan Securities Co Ltd,0,
8/29/2014,Guotai Junan Securities Co Ltd,0,
9/30/2014,Guotai Junan Securities Co Ltd,0,
10/31/2014,Guotai Junan Securities Co Ltd,0,
11/28/2014,Guotai Junan Securities Co Ltd,0,
12/31/2014,Guotai Junan Securities Co Ltd,0,
1/30/2015,Guotai Junan Securities Co Ltd,0,
2/27/2015,Guotai Junan Securities Co Ltd,0,
3/31/2015,Guotai Junan Securities Co Ltd,0,
4/30/2015,Guotai Junan Securities Co Ltd,0,
5/29/2015,Guotai Junan Securities Co Ltd,0,
6/30/2015,Guotai Junan Securities Co Ltd,34.34,"837,991,370"
7/31/2015,Guotai Junan Securities Co Ltd,26.38,"5,845,778,657"
8/31/2015,Guotai Junan Securities Co Ltd,19.99,"2,176,294,745"
9/30/2015,Guotai Junan Securities Co Ltd,18.6,"1,535,336,904"
10/30/2015,Guotai Junan Securities Co Ltd,21.3,"1,398,462,745"
11/30/2015,Guotai Junan Securities Co Ltd,22.03,"2,429,640,543"
12/31/2015,Guotai Junan Securities Co Ltd,23.9,"1,497,284,644"
1/29/2016,Guotai Junan Securities Co Ltd,17.38,"793,511,822"
2/29/2016,Guotai Junan Securities Co Ltd,16.34,"738,570,004"
3/31/2016,Guotai Junan Securities Co Ltd,19.71,"1,108,486,450"
4/29/2016,Guotai Junan Securities Co Ltd,18.28,"554,900,771"
5/31/2016,Guotai Junan Securities Co Ltd,18.39,"418,215,841"
6/30/2016,Guotai Junan Securities Co Ltd,17.79,"663,782,313"
7/29/2016,Guotai Junan Securities Co Ltd,17.69,"745,466,198"
8/31/2016,Guotai Junan Securities Co Ltd,18.59,"791,087,221"
9/30/2016,Guotai Junan Securities Co Ltd,17.74,"492,880,245"
10/31/2016,Guotai Junan Securities Co Ltd,17.84,"500,157,473"
11/30/2016,Guotai Junan Securities Co Ltd,19.91,"1,291,462,506"
12/30/2016,Guotai Junan Securities Co Ltd,18.59,"1,084,238,116"
1/31/2017,Guotai Junan Securities Co Ltd,19.16,"583,421,912"
2/28/2017,Guotai Junan Securities Co Ltd,19.14,"648,515,770"
3/31/2017,Guotai Junan Securities Co Ltd,18.25,"585,352,623"
4/28/2017,Guotai Junan Securities Co Ltd,18.2,"438,268,888"
5/31/2017,Guotai Junan Securities Co Ltd,19.26,"669,603,264"
6/30/2017,Guotai Junan Securities Co Ltd,20.51,"756,890,276"
7/31/2017,Guotai Junan Securities Co Ltd,20.89,"920,479,590"
8/31/2017,Guotai Junan Securities Co Ltd,21.58,"825,505,974"
9/29/2017,Guotai Junan Securities Co Ltd,21.63,"617,642,080"
10/31/2017,Guotai Junan Securities Co Ltd,19.94,"502,432,879"
11/30/2017,Guotai Junan Securities Co Ltd,20.22,"577,855,793"
12/29/2017,Guotai Junan Securities Co Ltd,18.52,"446,003,787"
1/31/2018,Guotai Junan Securities Co Ltd,20.07,"851,878,512"
2/28/2018,Guotai Junan Securities Co Ltd,17.84,"545,927,056"
3/30/2018,Guotai Junan Securities Co Ltd,17.06,"387,423,271"
4/30/2018,Guotai Junan Securities Co Ltd,17.65,"369,877,219"
5/31/2018,Guotai Junan Securities Co Ltd,16.79,"347,549,795"
6/29/2018,Guotai Junan Securities Co Ltd,14.74,"299,240,531"
7/31/2018,Guotai Junan Securities Co Ltd,15.01,"342,182,912"
8/31/2018,Guotai Junan Securities Co Ltd,14.62,"321,148,567"
9/28/2018,Guotai Junan Securities Co Ltd,14.99,"292,390,024"
10/31/2018,Guotai Junan Securities Co Ltd,15.25,"684,821,801"
11/30/2018,Guotai Junan Securities Co Ltd,16.04,"660,215,283"
12/31/2018,Guotai Junan Securities Co Ltd,15.32,"425,775,825"
1/31/2019,Guotai Junan Securities Co Ltd,16.77,"576,407,057"
2/28/2019,Guotai Junan Securities Co Ltd,19.51,"1,142,274,757"
3/29/2019,Guotai Junan Securities Co Ltd,20.15,"1,677,163,931"
4/30/2019,Guotai Junan Securities Co Ltd,18.83,"1,025,403,896"
5/31/2019,Guotai Junan Securities Co Ltd,16.07,"722,488,429"
6/28/2019,Guotai Junan Securities Co Ltd,18.35,"895,279,613"
7/31/2019,Guotai Junan Securities Co Ltd,18.11,"635,548,169"
8/30/2019,Guotai Junan Securities Co Ltd,17.09,"571,778,372"
9/30/2019,Guotai Junan Securities Co Ltd,17.57,"810,415,704"
10/31/2019,Guotai Junan Securities Co Ltd,17.06,"519,979,487"
11/29/2019,Guotai Junan Securities Co Ltd,16.71,"381,393,631"
12/31/2019,Guotai Junan Securities Co Ltd,18.49,"739,093,818"
1/31/2020,Guotai Junan Securities Co Ltd,17.57,"879,538,021"
2/28/2020,Guotai Junan Securities Co Ltd,17,"990,932,374"
3/31/2020,Guotai Junan Securities Co Ltd,16.28,"1,014,232,185"
4/3/2020,Guotai Junan Securities Co Ltd,16.35,"52,540,666"
