,Pearson Correlation
Shares Mil,-0.8690604957965307
Revenue_YOY,0.8198590823790267
Income_YOY,0.902564446504673
EPS_YOY,0.8658684102092629
Return on Equity %,0.9497795349570571
Return on Assets %,0.9514820756415557
Net Margin %,0.6637829605480211
Earnings Per Share CNY,0.9671601353123609
Book Value Per Share * CNY,-0.6733297322823215
Free Cash Flow Per Share * CNY,0.4066800095360449
Payout Ratio % *,-0.9582078307664808
Debt/Equity,-0.0011200612779422706
Financial Leverage (Average),0.8824984309232166
Fixed Assets Turnover,0.8914768329394761
Market Capital Mil,0.5554674348155442
Price/Earning Ratio,-0.9076183146953724
Price/Book Ratio,0.8458859911838732
Price/FCF,-0.40103978612052493
PEG Ratio,0.28215959522871714
Year End Price,1.0
