,Kendal Correlation
Shares Mil,-0.7999999999999999
Revenue_YOY,0.0
Income_YOY,0.19999999999999998
EPS_YOY,0.19999999999999998
Return on Equity %,0.9999999999999999
Return on Assets %,0.7999999999999999
Net Margin %,0.6
Earnings Per Share CNY,0.9999999999999999
Book Value Per Share * CNY,-0.7999999999999999
Free Cash Flow Per Share * CNY,0.0
Payout Ratio % *,-0.7999999999999999
Debt/Equity,0.39999999999999997
Financial Leverage (Average),0.6
Fixed Assets Turnover,0.7999999999999999
Market Capital Mil,0.19999999999999998
Price/Earning Ratio,-0.9999999999999999
Price/Book Ratio,0.9999999999999999
Price/FCF,-0.39999999999999997
PEG Ratio,0.19999999999999998
Year End Price,1.0
