,Kendal Correlation
Shares Mil,0.19999999999999998
Revenue_YOY,-0.4222222222222222
Operating_YOY,
Income_YOY,-0.49441323247304414
EPS_YOY,-0.15555555555555553
Return on Equity %,-0.24444444444444444
Return on Assets %,-0.35957325998039574
Net Margin %,-0.4222222222222222
Earnings Per Share CNY,0.3146266024828463
Book Value Per Share * CNY,0.24444444444444444
Free Cash Flow Per Share * CNY,0.19999999999999998
Payout Ratio % *,0.35957325998039574
Debt/Equity,0.19999999999999998
Current Ratio,
Quick Ratio,
Financial Leverage (Average),-0.4222222222222222
Fixed Assets Turnover,-0.28888888888888886
Cash Conversion Cycle,
Payables Period,
Market Capital Mil,0.8666666666666666
Price/Earning Ratio,0.7333333333333333
Price/Book Ratio,0.046004370622823615
Price/FCF,-0.3333333333333333
PEG Ratio,0.5555555555555555
Year End Price,1.0
