﻿Date,Name,Price,Volume
05/31/2007,Bank of Communications Co Ltd,12.15454667,"365,497,169",
06/29/2007,Bank of Communications Co Ltd,9.99091009,"151,392,547",
07/31/2007,Bank of Communications Co Ltd,11.16363748,"175,065,846",
08/31/2007,Bank of Communications Co Ltd,11.95454665,"2,136,229",
09/28/2007,Bank of Communications Co Ltd,11.77272845,"337,690,827",
10/31/2007,Bank of Communications Co Ltd,15.28181971,"99,294,802",
11/30/2007,Bank of Communications Co Ltd,13.19091041,"99,422,926",
12/31/2007,Bank of Communications Co Ltd,13.74545592,"205,286,159",
01/31/2008,Bank of Communications Co Ltd,11.03636474,"1,065,289",
02/29/2008,Bank of Communications Co Ltd,10.70000107,"556,725",
03/31/2008,Bank of Communications Co Ltd,9.08181909,"503,572",
04/30/2008,Bank of Communications Co Ltd,9.84545553,"237,137,084",
05/30/2008,Bank of Communications Co Ltd,8.00909171,"1,531,008",
06/30/2008,Bank of Communications Co Ltd,6.80000068,"847,112",
07/31/2008,Bank of Communications Co Ltd,7.28181891,"1,243,664",
08/29/2008,Bank of Communications Co Ltd,6.90000069,"600,094",
09/30/2008,Bank of Communications Co Ltd,5.43636418,"880,313",
10/31/2008,Bank of Communications Co Ltd,3.93636403,"1,052,579",
11/28/2008,Bank of Communications Co Ltd,4.19090951,"1,110,319",
12/31/2008,Bank of Communications Co Ltd,4.30909134,"1,221,984",
01/30/2009,Bank of Communications Co Ltd,4.98181868,"111,625,883",
02/27/2009,Bank of Communications Co Ltd,4.89090958,"357,468,289",
03/31/2009,Bank of Communications Co Ltd,5.84545513,"1,884,001,196",
04/30/2009,Bank of Communications Co Ltd,6.16363698,"1,631,709,924",
05/29/2009,Bank of Communications Co Ltd,6.39090973,"1,651,996,876",
06/30/2009,Bank of Communications Co Ltd,8.17272809,"1,697,849,844",
07/31/2009,Bank of Communications Co Ltd,10.08181919,"2,109,535,656",
08/31/2009,Bank of Communications Co Ltd,7.1818189,"1,748,148,068",
09/30/2009,Bank of Communications Co Ltd,7.57272803,"1,448,973,944",
10/30/2009,Bank of Communications Co Ltd,7.7272735,"1,436,612,616",
11/30/2009,Bank of Communications Co Ltd,7.70000077,"1,886,056,420",
12/31/2009,Bank of Communications Co Ltd,8.50000085,"2,108,247,480",
01/29/2010,Bank of Communications Co Ltd,7.42727347,"2,136,852,240",
02/26/2010,Bank of Communications Co Ltd,7.4545462,"676,793,158",
03/31/2010,Bank of Communications Co Ltd,7.52727348,"880,358,792",
04/30/2010,Bank of Communications Co Ltd,6.47272792,"1,337,264,306",
05/31/2010,Bank of Communications Co Ltd,5.97272787,"1,184,634,344",
06/30/2010,Bank of Communications Co Ltd,5.46363691,"2,038,656,650",
07/30/2010,Bank of Communications Co Ltd,5.96363696,"1,244,471,208",
08/31/2010,Bank of Communications Co Ltd,5.47272782,"1,213,013,068",
09/30/2010,Bank of Communications Co Ltd,5.2727278,"1,133,404,124",
10/29/2010,Bank of Communications Co Ltd,5.60909147,"2,146,576,812",
11/30/2010,Bank of Communications Co Ltd,5.05454596,"2,151,458,500",
12/31/2010,Bank of Communications Co Ltd,4.98181868,"1,184,266,560",
01/31/2011,Bank of Communications Co Ltd,5.03636414,"1,187,102,560",
02/28/2011,Bank of Communications Co Ltd,5.04545505,"921,376,912",
03/31/2011,Bank of Communications Co Ltd,5.17272779,"1,551,034,060",
04/29/2011,Bank of Communications Co Ltd,5.40909145,"1,951,945,336",
05/31/2011,Bank of Communications Co Ltd,5.23636416,"1,067,088,372",
06/30/2011,Bank of Communications Co Ltd,5.03636414,"1,068,510,352",
07/29/2011,Bank of Communications Co Ltd,4.81,"1,050,774,792",
08/31/2011,Bank of Communications Co Ltd,4.76,"1,162,108,474",
09/30/2011,Bank of Communications Co Ltd,4.48,"735,671,974",
10/31/2011,Bank of Communications Co Ltd,4.71,"981,150,908",
11/30/2011,Bank of Communications Co Ltd,4.49,"832,990,416",
12/30/2011,Bank of Communications Co Ltd,4.48,"950,200,973",
01/31/2012,Bank of Communications Co Ltd,4.84,"1,454,680,280",
02/29/2012,Bank of Communications Co Ltd,5.02,"1,416,937,206",
03/30/2012,Bank of Communications Co Ltd,4.71,"1,034,259,726",
04/30/2012,Bank of Communications Co Ltd,4.89,"962,676,434",
05/31/2012,Bank of Communications Co Ltd,4.61,"1,341,133,016",
06/29/2012,Bank of Communications Co Ltd,4.54,"821,360,744",
07/31/2012,Bank of Communications Co Ltd,4.38,"874,027,850",
08/31/2012,Bank of Communications Co Ltd,4.32,"855,365,586",
09/28/2012,Bank of Communications Co Ltd,4.26,"931,981,160",
10/31/2012,Bank of Communications Co Ltd,4.22,"885,024,810",
11/30/2012,Bank of Communications Co Ltd,4.23,"582,528,895",
12/31/2012,Bank of Communications Co Ltd,4.94,"2,108,141,692",
01/31/2013,Bank of Communications Co Ltd,5.4,"2,747,802,292",
02/28/2013,Bank of Communications Co Ltd,5.03,"2,080,198,452",
03/29/2013,Bank of Communications Co Ltd,4.71,"1,856,235,624",
04/30/2013,Bank of Communications Co Ltd,4.63,"1,112,039,780",
05/31/2013,Bank of Communications Co Ltd,4.71,"1,233,248,800",
06/28/2013,Bank of Communications Co Ltd,4.07,"1,514,504,768",
07/31/2013,Bank of Communications Co Ltd,3.76,"1,684,369,888",
08/30/2013,Bank of Communications Co Ltd,3.94,"1,435,022,024",
09/30/2013,Bank of Communications Co Ltd,4.3,"3,399,581,056",
10/31/2013,Bank of Communications Co Ltd,4.19,"1,553,695,152",
11/29/2013,Bank of Communications Co Ltd,4.14,"1,094,745,418",
12/31/2013,Bank of Communications Co Ltd,3.84,"1,411,545,498",
01/31/2014,Bank of Communications Co Ltd,3.78,"1,162,439,049",
02/28/2014,Bank of Communications Co Ltd,3.79,"1,227,541,696",
03/31/2014,Bank of Communications Co Ltd,3.78,"1,307,035,435",
04/30/2014,Bank of Communications Co Ltd,3.71,"1,566,538,391",
05/30/2014,Bank of Communications Co Ltd,3.81,"1,034,127,802",
06/30/2014,Bank of Communications Co Ltd,3.88,"987,596,662",
07/31/2014,Bank of Communications Co Ltd,4.6,"3,524,294,260",
08/29/2014,Bank of Communications Co Ltd,4.19,"2,819,776,330",
09/30/2014,Bank of Communications Co Ltd,4.29,"2,406,971,086",
10/31/2014,Bank of Communications Co Ltd,4.41,"2,220,583,850",
11/28/2014,Bank of Communications Co Ltd,5.34,"5,358,742,562",
12/31/2014,Bank of Communications Co Ltd,6.8,"15,395,295,002",
01/30/2015,Bank of Communications Co Ltd,6.23,"10,319,497,145",
02/27/2015,Bank of Communications Co Ltd,6.08,"3,611,350,899",
03/31/2015,Bank of Communications Co Ltd,6.39,"8,927,193,237",
04/30/2015,Bank of Communications Co Ltd,6.92,"13,175,247,878",
05/29/2015,Bank of Communications Co Ltd,6.82,"8,182,197,615",
06/30/2015,Bank of Communications Co Ltd,8.24,"23,199,831,138",
07/31/2015,Bank of Communications Co Ltd,6.84,"18,489,646,667",
08/31/2015,Bank of Communications Co Ltd,6.37,"6,368,990,261",
09/30/2015,Bank of Communications Co Ltd,6.08,"6,668,592,176",
10/30/2015,Bank of Communications Co Ltd,6.35,"2,352,937,872",
11/30/2015,Bank of Communications Co Ltd,6.39,"3,470,387,223",
12/31/2015,Bank of Communications Co Ltd,6.44,"2,776,788,469",
01/29/2016,Bank of Communications Co Ltd,5.35,"1,930,274,924",
02/29/2016,Bank of Communications Co Ltd,5.17,"1,432,754,804",
03/31/2016,Bank of Communications Co Ltd,5.57,"3,881,002,841",
04/29/2016,Bank of Communications Co Ltd,5.38,"1,744,192,133",
05/31/2016,Bank of Communications Co Ltd,5.53,"1,181,918,997",
06/30/2016,Bank of Communications Co Ltd,5.63,"1,206,874,893",
07/29/2016,Bank of Communications Co Ltd,5.62,"1,018,340,759",
08/31/2016,Bank of Communications Co Ltd,5.8,"1,225,143,681",
09/30/2016,Bank of Communications Co Ltd,5.53,"1,146,623,685",
10/31/2016,Bank of Communications Co Ltd,5.62,"909,334,570",
11/30/2016,Bank of Communications Co Ltd,5.86,"2,148,402,215",
12/30/2016,Bank of Communications Co Ltd,5.77,"2,802,525,974",
01/31/2017,Bank of Communications Co Ltd,6.02,"1,600,476,107",
02/28/2017,Bank of Communications Co Ltd,6.23,"1,282,983,488",
03/31/2017,Bank of Communications Co Ltd,6.23,"1,307,131,966",
04/28/2017,Bank of Communications Co Ltd,6.02,"1,303,788,523",
05/31/2017,Bank of Communications Co Ltd,6.2,"1,979,168,049",
06/30/2017,Bank of Communications Co Ltd,6.16,"2,179,686,884",
07/31/2017,Bank of Communications Co Ltd,6.4,"2,688,432,363",
08/31/2017,Bank of Communications Co Ltd,6.58,"2,431,784,733",
09/29/2017,Bank of Communications Co Ltd,6.32,"1,676,095,176",
10/31/2017,Bank of Communications Co Ltd,6.22,"1,647,823,717",
11/30/2017,Bank of Communications Co Ltd,6.31,"2,698,810,843",
12/29/2017,Bank of Communications Co Ltd,6.21,"1,471,083,268",
01/31/2018,Bank of Communications Co Ltd,6.78,"5,791,158,533",
02/28/2018,Bank of Communications Co Ltd,6.5,"4,781,038,517",
03/30/2018,Bank of Communications Co Ltd,6.18,"2,025,860,105",
04/30/2018,Bank of Communications Co Ltd,6.18,"1,559,681,823",
05/31/2018,Bank of Communications Co Ltd,6.02,"1,432,611,633",
06/29/2018,Bank of Communications Co Ltd,5.74,"1,283,256,865",
07/31/2018,Bank of Communications Co Ltd,5.75,"1,368,216,587",
08/31/2018,Bank of Communications Co Ltd,5.62,"1,113,796,142",
09/28/2018,Bank of Communications Co Ltd,5.84,"1,158,111,203",
10/31/2018,Bank of Communications Co Ltd,6,"2,023,246,002",
11/30/2018,Bank of Communications Co Ltd,5.85,"1,220,397,018",
12/31/2018,Bank of Communications Co Ltd,5.79,"1,251,586,038",
01/31/2019,Bank of Communications Co Ltd,6.25,"1,341,802,723",
02/28/2019,Bank of Communications Co Ltd,6.4,"1,809,435,860",
03/29/2019,Bank of Communications Co Ltd,6.24,"2,769,565,451",
04/30/2019,Bank of Communications Co Ltd,6.26,"3,934,069,214",
05/31/2019,Bank of Communications Co Ltd,5.96,"2,143,497,043",
06/28/2019,Bank of Communications Co Ltd,6.12,"1,827,710,795",
07/31/2019,Bank of Communications Co Ltd,5.81,"1,473,027,881",
08/30/2019,Bank of Communications Co Ltd,5.41,"1,443,373,596",
09/30/2019,Bank of Communications Co Ltd,5.45,"1,528,285,007",
10/31/2019,Bank of Communications Co Ltd,5.61,"1,824,927,830",
11/29/2019,Bank of Communications Co Ltd,5.51,"1,399,376,340",
12/31/2019,Bank of Communications Co Ltd,5.63,"1,570,494,426",
01/31/2020,Bank of Communications Co Ltd,5.47,"1,874,596,448",
02/28/2020,Bank of Communications Co Ltd,5.2,"1,580,064,757",
03/31/2020,Bank of Communications Co Ltd,5.16,"2,035,893,762",
04/03/2020,Bank of Communications Co Ltd,5.17,"125,069,340",
