,Spearman Correlation
Shares Mil,0.3212121212121212
Revenue_YOY,-0.6606060606060606
Operating_YOY,
Income_YOY,-0.6808542089216723
EPS_YOY,-0.16363636363636364
Return on Equity %,-0.5272727272727272
Return on Assets %,-0.56535215562246
Net Margin %,-0.6242424242424243
Earnings Per Share CNY,0.5896683773696626
Book Value Per Share * CNY,0.5151515151515151
Free Cash Flow Per Share * CNY,0.22424242424242424
Payout Ratio % *,0.5471149893120582
Debt/Equity,0.41818181818181815
Current Ratio,
Quick Ratio,
Financial Leverage (Average),-0.5151515151515151
Fixed Assets Turnover,-0.5393939393939394
Cash Conversion Cycle,
Payables Period,
Market Capital Mil,0.9636363636363636
Price/Earning Ratio,0.806060606060606
Price/Book Ratio,-0.03067715595699244
Price/FCF,-0.41818181818181815
PEG Ratio,0.6848484848484848
Year End Price,1.0
