,Pearson Correlation
Shares Mil,0.5000502279047728
Revenue_YOY,-0.5551866208480479
Operating_YOY,
Income_YOY,-0.5543120083079836
EPS_YOY,-0.2440341092273365
Return on Equity %,-0.5926460348656293
Return on Assets %,-0.5148392024658561
Net Margin %,-0.5932587453215219
Earnings Per Share CNY,0.4422501498480481
Book Value Per Share * CNY,0.547985022001692
Free Cash Flow Per Share * CNY,0.2713298088311162
Payout Ratio % *,0.46650494608359017
Debt/Equity,0.39846052925436826
Current Ratio,
Quick Ratio,
Financial Leverage (Average),-0.4665783106454735
Fixed Assets Turnover,-0.5812249763130829
Cash Conversion Cycle,
Payables Period,
Market Capital Mil,0.9468611641656701
Price/Earning Ratio,0.7522565694252986
Price/Book Ratio,-0.0686360960003666
Price/FCF,-0.44824535054010983
PEG Ratio,0.37882284226093554
Year End Price,1.0
