,Pearson Correlation
Shares Mil,-0.1352250917479799
Revenue_YOY,0.4763977344015656
Income_YOY,0.4068324959094591
EPS_YOY,0.3125234611599711
Return on Equity %,0.726143233634027
Return on Assets %,0.6944510531677872
Net Margin %,0.6458028584832085
Earnings Per Share CNY,0.8327362169573509
Book Value Per Share * CNY,0.12453126530628972
Free Cash Flow Per Share * CNY,0.049782434974549934
Payout Ratio % *,0.004674881972124987
Debt/Equity,0.23744982782905735
Financial Leverage (Average),0.3705415269796933
Fixed Assets Turnover,0.8395345326979543
Market Capital Mil,0.9768341237282265
Price/Earning Ratio,-0.27646671762728653
Price/Book Ratio,0.5582662191298545
Price/FCF,-0.8329445530643254
PEG Ratio,0.3362368561022822
Year End Price,1.0
