,Spearman Correlation
Shares Mil,-0.37142857142857144
Revenue_YOY,0.2571428571428571
Income_YOY,0.2571428571428571
EPS_YOY,0.2571428571428571
Return on Equity %,0.6
Return on Assets %,0.42857142857142855
Net Margin %,0.4857142857142857
Earnings Per Share CNY,0.6377481392176932
Book Value Per Share * CNY,-0.2
Free Cash Flow Per Share * CNY,0.08571428571428572
Payout Ratio % *,-0.02857142857142857
Debt/Equity,0.2
Financial Leverage (Average),-0.14285714285714285
Fixed Assets Turnover,0.6571428571428571
Market Capital Mil,0.9428571428571428
Price/Earning Ratio,-0.02857142857142857
Price/Book Ratio,0.42857142857142855
Price/FCF,-0.6
PEG Ratio,0.2571428571428571
Year End Price,1.0
