,Kendal Correlation
Shares Mil,-0.3333333333333333
Revenue_YOY,0.2
Income_YOY,0.2
EPS_YOY,0.2
Return on Equity %,0.4666666666666666
Return on Assets %,0.2
Net Margin %,0.3333333333333333
Earnings Per Share CNY,0.5520524474738834
Book Value Per Share * CNY,-0.2
Free Cash Flow Per Share * CNY,0.06666666666666665
Payout Ratio % *,-0.06666666666666665
Debt/Equity,0.06666666666666665
Financial Leverage (Average),-0.06666666666666665
Fixed Assets Turnover,0.6
Market Capital Mil,0.8666666666666666
Price/Earning Ratio,0.06666666666666665
Price/Book Ratio,0.4666666666666666
Price/FCF,-0.4666666666666666
PEG Ratio,0.2
Year End Price,1.0
