﻿Date,Name,Price,Volume
12/31/2009,Guosen Securities Co Ltd,0,
1/29/2010,Guosen Securities Co Ltd,0,
2/26/2010,Guosen Securities Co Ltd,0,
3/31/2010,Guosen Securities Co Ltd,0,
4/30/2010,Guosen Securities Co Ltd,0,
5/31/2010,Guosen Securities Co Ltd,0,
6/30/2010,Guosen Securities Co Ltd,0,
7/30/2010,Guosen Securities Co Ltd,0,
8/31/2010,Guosen Securities Co Ltd,0,
9/30/2010,Guosen Securities Co Ltd,0,
10/29/2010,Guosen Securities Co Ltd,0,
11/30/2010,Guosen Securities Co Ltd,0,
12/31/2010,Guosen Securities Co Ltd,0,
1/31/2011,Guosen Securities Co Ltd,0,
2/28/2011,Guosen Securities Co Ltd,0,
3/31/2011,Guosen Securities Co Ltd,0,
4/29/2011,Guosen Securities Co Ltd,0,
5/31/2011,Guosen Securities Co Ltd,0,
6/30/2011,Guosen Securities Co Ltd,0,
7/29/2011,Guosen Securities Co Ltd,0,
8/31/2011,Guosen Securities Co Ltd,0,
9/30/2011,Guosen Securities Co Ltd,0,
10/31/2011,Guosen Securities Co Ltd,0,
11/30/2011,Guosen Securities Co Ltd,0,
12/30/2011,Guosen Securities Co Ltd,0,
1/31/2012,Guosen Securities Co Ltd,0,
2/29/2012,Guosen Securities Co Ltd,0,
3/30/2012,Guosen Securities Co Ltd,0,
4/30/2012,Guosen Securities Co Ltd,0,
5/31/2012,Guosen Securities Co Ltd,0,
6/29/2012,Guosen Securities Co Ltd,0,
7/31/2012,Guosen Securities Co Ltd,0,
8/31/2012,Guosen Securities Co Ltd,0,
9/28/2012,Guosen Securities Co Ltd,0,
10/31/2012,Guosen Securities Co Ltd,0,
11/30/2012,Guosen Securities Co Ltd,0,
12/31/2012,Guosen Securities Co Ltd,0,
1/31/2013,Guosen Securities Co Ltd,0,
2/28/2013,Guosen Securities Co Ltd,0,
3/29/2013,Guosen Securities Co Ltd,0,
4/30/2013,Guosen Securities Co Ltd,0,
5/31/2013,Guosen Securities Co Ltd,0,
6/28/2013,Guosen Securities Co Ltd,0,
7/31/2013,Guosen Securities Co Ltd,0,
8/30/2013,Guosen Securities Co Ltd,0,
9/30/2013,Guosen Securities Co Ltd,0,
10/31/2013,Guosen Securities Co Ltd,0,
11/29/2013,Guosen Securities Co Ltd,0,
12/31/2013,Guosen Securities Co Ltd,0,
1/31/2014,Guosen Securities Co Ltd,0,
2/28/2014,Guosen Securities Co Ltd,0,
3/31/2014,Guosen Securities Co Ltd,0,
4/30/2014,Guosen Securities Co Ltd,0,
5/30/2014,Guosen Securities Co Ltd,0,
6/30/2014,Guosen Securities Co Ltd,0,
7/31/2014,Guosen Securities Co Ltd,0,
8/29/2014,Guosen Securities Co Ltd,0,
9/30/2014,Guosen Securities Co Ltd,0,
10/31/2014,Guosen Securities Co Ltd,0,
11/28/2014,Guosen Securities Co Ltd,0,
12/31/2014,Guosen Securities Co Ltd,10.16,"847,901"
1/30/2015,Guosen Securities Co Ltd,21.09,"3,922,953,402"
2/27/2015,Guosen Securities Co Ltd,21.07,"1,541,403,811"
3/31/2015,Guosen Securities Co Ltd,22.18,"1,870,336,593"
4/30/2015,Guosen Securities Co Ltd,29.2,"3,218,088,401"
5/29/2015,Guosen Securities Co Ltd,29.94,"2,434,132,480"
6/30/2015,Guosen Securities Co Ltd,25.09,"1,804,990,056"
7/31/2015,Guosen Securities Co Ltd,21.81,"2,236,337,714"
8/31/2015,Guosen Securities Co Ltd,15.37,"1,220,235,828"
9/30/2015,Guosen Securities Co Ltd,14.79,"864,584,607"
10/30/2015,Guosen Securities Co Ltd,16.48,"724,391,234"
11/30/2015,Guosen Securities Co Ltd,18.92,"1,613,125,504"
12/31/2015,Guosen Securities Co Ltd,19.75,"766,865,842"
1/29/2016,Guosen Securities Co Ltd,14.59,"528,231,949"
2/29/2016,Guosen Securities Co Ltd,13.5,"348,415,241"
3/31/2016,Guosen Securities Co Ltd,16.42,"599,738,592"
4/29/2016,Guosen Securities Co Ltd,15.33,"364,618,115"
5/31/2016,Guosen Securities Co Ltd,15.64,"250,327,414"
6/30/2016,Guosen Securities Co Ltd,17.25,"650,415,528"
7/29/2016,Guosen Securities Co Ltd,16,"357,427,079"
8/31/2016,Guosen Securities Co Ltd,17.75,"440,546,089"
9/30/2016,Guosen Securities Co Ltd,16.48,"183,652,237"
10/31/2016,Guosen Securities Co Ltd,17.13,"196,076,558"
11/30/2016,Guosen Securities Co Ltd,17.68,"409,952,857"
12/30/2016,Guosen Securities Co Ltd,15.55,"201,598,228"
1/31/2017,Guosen Securities Co Ltd,15.14,"153,215,262"
2/28/2017,Guosen Securities Co Ltd,15.25,"188,476,174"
3/31/2017,Guosen Securities Co Ltd,14.58,"200,736,602"
4/28/2017,Guosen Securities Co Ltd,13.78,"142,605,055"
5/31/2017,Guosen Securities Co Ltd,13.35,"212,495,277"
6/30/2017,Guosen Securities Co Ltd,13.25,"203,308,052"
7/31/2017,Guosen Securities Co Ltd,14.24,"395,816,185"
8/31/2017,Guosen Securities Co Ltd,14.3,"420,078,516"
9/29/2017,Guosen Securities Co Ltd,13.69,"258,657,053"
10/31/2017,Guosen Securities Co Ltd,13.05,"142,202,313"
11/30/2017,Guosen Securities Co Ltd,12.38,"180,856,261"
12/29/2017,Guosen Securities Co Ltd,10.85,"137,169,714"
1/31/2018,Guosen Securities Co Ltd,11.73,"702,659,398"
2/28/2018,Guosen Securities Co Ltd,10.86,"291,958,619"
3/30/2018,Guosen Securities Co Ltd,10.87,"254,899,274"
4/30/2018,Guosen Securities Co Ltd,10.75,"170,522,521"
5/31/2018,Guosen Securities Co Ltd,10.01,"147,863,465"
6/29/2018,Guosen Securities Co Ltd,9.1,"95,423,741"
7/31/2018,Guosen Securities Co Ltd,9.05,"80,036,472"
8/31/2018,Guosen Securities Co Ltd,8.4,"76,869,657"
9/28/2018,Guosen Securities Co Ltd,8.44,"66,809,606"
10/31/2018,Guosen Securities Co Ltd,8.38,"216,510,521"
11/30/2018,Guosen Securities Co Ltd,8.97,"422,771,603"
12/31/2018,Guosen Securities Co Ltd,8.37,"143,162,368"
1/31/2019,Guosen Securities Co Ltd,8.36,"227,036,304"
2/28/2019,Guosen Securities Co Ltd,11.38,"576,817,483"
3/29/2019,Guosen Securities Co Ltd,13.54,"1,193,906,227"
4/30/2019,Guosen Securities Co Ltd,12.34,"676,153,374"
5/31/2019,Guosen Securities Co Ltd,11.93,"386,117,724"
6/28/2019,Guosen Securities Co Ltd,13.16,"364,988,363"
7/31/2019,Guosen Securities Co Ltd,13.63,"369,828,979"
8/30/2019,Guosen Securities Co Ltd,12.92,"473,361,099"
9/30/2019,Guosen Securities Co Ltd,12.28,"506,774,734"
10/31/2019,Guosen Securities Co Ltd,12.23,"244,856,222"
11/29/2019,Guosen Securities Co Ltd,11.36,"190,715,369"
12/31/2019,Guosen Securities Co Ltd,12.55,"414,772,509"
1/31/2020,Guosen Securities Co Ltd,12.3,"541,438,881"
2/28/2020,Guosen Securities Co Ltd,11.77,"529,323,175"
3/31/2020,Guosen Securities Co Ltd,11.1,"486,925,186"
4/3/2020,Guosen Securities Co Ltd,10.92,"30,956,545"
