,Kendal Correlation
Shares Mil,0.23002185311411805
Revenue_YOY,0.37777777777777777
Income_YOY,0.4666666666666666
EPS_YOY,0.4666666666666666
Return on Equity %,0.4222222222222222
Return on Assets %,0.06666666666666667
Net Margin %,0.4494665749754947
Earnings Per Share CNY,0.6
Book Value Per Share * CNY,0.3333333333333333
Free Cash Flow Per Share * CNY,0.3333333333333333
Payout Ratio % *,0.15555555555555553
Debt/Equity,0.7191465199607915
Financial Leverage (Average),0.8222222222222221
Fixed Assets Turnover,0.06666666666666667
Market Capital Mil,0.911111111111111
Price/Earning Ratio,-0.28888888888888886
Price/Book Ratio,0.022222222222222223
Price/FCF,0.4666666666666666
PEG Ratio,0.37777777777777777
Year End Price,1.0
