﻿Date,Name,Price,Volume
02/26/2010,Huatai Securities Co Ltd,21.06,"310,913,632",
03/31/2010,Huatai Securities Co Ltd,21.62,"1,221,954,222",
04/30/2010,Huatai Securities Co Ltd,18.46,"457,227,196",
05/31/2010,Huatai Securities Co Ltd,14.38,"572,527,040",
06/30/2010,Huatai Securities Co Ltd,12.83,"610,142,759",
07/30/2010,Huatai Securities Co Ltd,14.87,"623,339,666",
08/31/2010,Huatai Securities Co Ltd,13.71,"478,133,675",
09/30/2010,Huatai Securities Co Ltd,13.18,"344,529,374",
10/29/2010,Huatai Securities Co Ltd,17.15,"954,448,528",
11/30/2010,Huatai Securities Co Ltd,14,"587,650,170",
12/31/2010,Huatai Securities Co Ltd,13.72,"357,008,791",
01/31/2011,Huatai Securities Co Ltd,13.98,"267,965,189",
02/28/2011,Huatai Securities Co Ltd,14.37,"363,208,128",
03/31/2011,Huatai Securities Co Ltd,13.98,"463,446,046",
04/29/2011,Huatai Securities Co Ltd,13.48,"334,007,023",
05/31/2011,Huatai Securities Co Ltd,12.68,"180,590,910",
06/30/2011,Huatai Securities Co Ltd,12.35,"193,000,001",
07/29/2011,Huatai Securities Co Ltd,11.57,"155,504,474",
08/31/2011,Huatai Securities Co Ltd,10.32,"180,129,984",
09/30/2011,Huatai Securities Co Ltd,9.96,"232,093,442",
10/31/2011,Huatai Securities Co Ltd,10.49,"316,487,457",
11/30/2011,Huatai Securities Co Ltd,9.06,"221,769,474",
12/30/2011,Huatai Securities Co Ltd,7.82,"222,117,240",
01/31/2012,Huatai Securities Co Ltd,8.33,"385,684,347",
02/29/2012,Huatai Securities Co Ltd,8.98,"408,612,443",
03/30/2012,Huatai Securities Co Ltd,8.78,"486,481,538",
04/30/2012,Huatai Securities Co Ltd,10.46,"619,862,733",
05/31/2012,Huatai Securities Co Ltd,11.72,"676,381,008",
06/29/2012,Huatai Securities Co Ltd,10.5,"467,149,040",
07/31/2012,Huatai Securities Co Ltd,9.38,"451,240,706",
08/31/2012,Huatai Securities Co Ltd,8.56,"311,015,841",
09/28/2012,Huatai Securities Co Ltd,9.64,"332,377,708",
10/31/2012,Huatai Securities Co Ltd,9.26,"484,907,872",
11/30/2012,Huatai Securities Co Ltd,7.59,"328,827,651",
12/31/2012,Huatai Securities Co Ltd,9.8,"463,557,057",
01/31/2013,Huatai Securities Co Ltd,10.49,"911,811,092",
02/28/2013,Huatai Securities Co Ltd,11.11,"1,398,705,252",
03/29/2013,Huatai Securities Co Ltd,9.5,"1,416,386,234",
04/30/2013,Huatai Securities Co Ltd,9.64,"634,389,604",
05/31/2013,Huatai Securities Co Ltd,10.47,"924,453,084",
06/28/2013,Huatai Securities Co Ltd,8.06,"750,595,606",
07/31/2013,Huatai Securities Co Ltd,8.54,"678,413,135",
08/30/2013,Huatai Securities Co Ltd,8.8,"673,223,889",
09/30/2013,Huatai Securities Co Ltd,9.18,"828,678,307",
10/31/2013,Huatai Securities Co Ltd,8.71,"590,666,535",
11/29/2013,Huatai Securities Co Ltd,9.22,"659,558,801",
12/31/2013,Huatai Securities Co Ltd,8.96,"684,950,232",
01/31/2014,Huatai Securities Co Ltd,8.46,"444,385,612",
02/28/2014,Huatai Securities Co Ltd,8.02,"471,531,029",
03/31/2014,Huatai Securities Co Ltd,7.58,"570,835,811",
04/30/2014,Huatai Securities Co Ltd,8.11,"792,927,578",
05/30/2014,Huatai Securities Co Ltd,7.82,"480,601,374",
06/30/2014,Huatai Securities Co Ltd,7.52,"432,520,665",
07/31/2014,Huatai Securities Co Ltd,8.56,"881,986,267",
08/29/2014,Huatai Securities Co Ltd,8.38,"1,035,441,143",
09/30/2014,Huatai Securities Co Ltd,9.12,"1,291,448,562",
10/31/2014,Huatai Securities Co Ltd,10.47,"1,650,027,006",
11/28/2014,Huatai Securities Co Ltd,16.85,"2,611,165,335",
12/31/2014,Huatai Securities Co Ltd,24.47,"8,529,801,720",
01/30/2015,Huatai Securities Co Ltd,21.09,"4,995,487,406",
02/27/2015,Huatai Securities Co Ltd,22.98,"2,384,933,081",
03/31/2015,Huatai Securities Co Ltd,30.11,"3,890,875,230",
04/30/2015,Huatai Securities Co Ltd,29.13,"4,329,559,212",
05/29/2015,Huatai Securities Co Ltd,29.22,"3,672,647,105",
06/30/2015,Huatai Securities Co Ltd,23.13,"3,404,873,143",
07/31/2015,Huatai Securities Co Ltd,19.36,"3,473,481,818",
08/31/2015,Huatai Securities Co Ltd,14.59,"1,679,724,100",
09/30/2015,Huatai Securities Co Ltd,13.92,"1,334,514,308",
10/30/2015,Huatai Securities Co Ltd,17.68,"1,224,016,849",
11/30/2015,Huatai Securities Co Ltd,18.67,"2,204,142,843",
12/31/2015,Huatai Securities Co Ltd,19.72,"1,400,490,223",
01/29/2016,Huatai Securities Co Ltd,14.58,"1,072,051,928",
02/29/2016,Huatai Securities Co Ltd,13.63,"944,040,452",
03/31/2016,Huatai Securities Co Ltd,17.11,"1,657,050,640",
04/29/2016,Huatai Securities Co Ltd,17.41,"1,082,883,524",
05/31/2016,Huatai Securities Co Ltd,18.48,"596,860,919",
06/30/2016,Huatai Securities Co Ltd,18.92,"712,493,036",
07/29/2016,Huatai Securities Co Ltd,18.85,"817,928,282",
08/31/2016,Huatai Securities Co Ltd,20.42,"1,182,184,701",
09/30/2016,Huatai Securities Co Ltd,17.95,"659,797,055",
10/31/2016,Huatai Securities Co Ltd,20.53,"669,273,373",
11/30/2016,Huatai Securities Co Ltd,19.83,"1,297,277,904",
12/30/2016,Huatai Securities Co Ltd,17.86,"726,109,344",
01/31/2017,Huatai Securities Co Ltd,18.47,"505,271,998",
02/28/2017,Huatai Securities Co Ltd,18.15,"705,058,569",
03/31/2017,Huatai Securities Co Ltd,16.81,"665,223,768",
04/28/2017,Huatai Securities Co Ltd,17,"542,618,088",
05/31/2017,Huatai Securities Co Ltd,17.58,"692,843,115",
06/30/2017,Huatai Securities Co Ltd,17.9,"642,866,640",
07/31/2017,Huatai Securities Co Ltd,19.9,"1,099,412,752",
08/31/2017,Huatai Securities Co Ltd,22.95,"1,555,881,418",
09/29/2017,Huatai Securities Co Ltd,22.62,"1,405,283,978",
10/31/2017,Huatai Securities Co Ltd,19.57,"1,187,789,191",
11/30/2017,Huatai Securities Co Ltd,19.3,"1,379,653,180",
12/29/2017,Huatai Securities Co Ltd,17.26,"761,480,911",
01/31/2018,Huatai Securities Co Ltd,19.59,"1,889,270,083",
02/28/2018,Huatai Securities Co Ltd,17.29,"1,157,868,673",
03/30/2018,Huatai Securities Co Ltd,17.24,"891,012,907",
04/30/2018,Huatai Securities Co Ltd,18.32,"938,005,899",
05/31/2018,Huatai Securities Co Ltd,16.85,"966,485,176",
06/29/2018,Huatai Securities Co Ltd,14.97,"785,477,087",
07/31/2018,Huatai Securities Co Ltd,15.46,"882,098,724",
08/31/2018,Huatai Securities Co Ltd,15.36,"929,620,434",
09/28/2018,Huatai Securities Co Ltd,15.75,"830,232,692",
10/31/2018,Huatai Securities Co Ltd,16.65,"1,505,954,284",
11/30/2018,Huatai Securities Co Ltd,16.8,"1,306,780,397",
12/31/2018,Huatai Securities Co Ltd,16.2,"968,329,703",
01/31/2019,Huatai Securities Co Ltd,19.14,"1,091,075,706",
02/28/2019,Huatai Securities Co Ltd,23.01,"1,688,925,882",
03/29/2019,Huatai Securities Co Ltd,22.41,"2,790,094,347",
04/30/2019,Huatai Securities Co Ltd,20.4,"2,043,970,112",
05/31/2019,Huatai Securities Co Ltd,18.63,"1,263,459,021",
06/28/2019,Huatai Securities Co Ltd,22.32,"1,835,964,519",
07/31/2019,Huatai Securities Co Ltd,20.32,"1,459,104,199",
08/30/2019,Huatai Securities Co Ltd,18.96,"1,259,562,225",
09/30/2019,Huatai Securities Co Ltd,19.09,"1,530,297,225",
10/31/2019,Huatai Securities Co Ltd,17.45,"1,681,965,247",
11/29/2019,Huatai Securities Co Ltd,16.97,"1,093,579,613",
12/31/2019,Huatai Securities Co Ltd,20.31,"2,354,828,575",
01/31/2020,Huatai Securities Co Ltd,18.94,"1,971,472,077",
02/28/2020,Huatai Securities Co Ltd,18.55,"2,360,580,111",
03/31/2020,Huatai Securities Co Ltd,17.23,"1,880,380,168",
04/03/2020,Huatai Securities Co Ltd,17.47,"143,545,662",
