,Spearman Correlation
Shares Mil,0.39880302744090174
Revenue_YOY,0.5878787878787879
Income_YOY,0.6848484848484848
EPS_YOY,0.6848484848484848
Return on Equity %,0.5878787878787879
Return on Assets %,0.05454545454545454
Net Margin %,0.6565379871744698
Earnings Per Share CNY,0.7818181818181819
Book Value Per Share * CNY,0.6121212121212121
Free Cash Flow Per Share * CNY,0.41818181818181815
Payout Ratio % *,0.12727272727272726
Debt/Equity,0.8389096502784891
Financial Leverage (Average),0.9272727272727272
Fixed Assets Turnover,0.07878787878787878
Market Capital Mil,0.9757575757575757
Price/Earning Ratio,-0.34545454545454546
Price/Book Ratio,-0.12727272727272726
Price/FCF,0.7090909090909091
PEG Ratio,0.40606060606060607
Year End Price,1.0
