,Pearson Correlation
Shares Mil,0.4687349673165111
Revenue_YOY,0.5740831606110767
Income_YOY,0.6171873192299095
EPS_YOY,0.6004364706898511
Return on Equity %,0.521096321512931
Return on Assets %,0.0869408600728099
Net Margin %,0.7197429536795045
Earnings Per Share CNY,0.7050818373575234
Book Value Per Share * CNY,0.5221617640118695
Free Cash Flow Per Share * CNY,0.3568739361689673
Payout Ratio % *,0.10206504237644787
Debt/Equity,0.8957070604039218
Financial Leverage (Average),0.951210226748483
Fixed Assets Turnover,0.046615920563141046
Market Capital Mil,0.9072628220412586
Price/Earning Ratio,-0.24865016684991595
Price/Book Ratio,0.1963926666737288
Price/FCF,0.4849939576205565
PEG Ratio,0.4421472612541574
Year End Price,1.0
