,Kendal Correlation
Shares Mil,0.19999999999999998
Revenue_YOY,-0.37777777777777777
Operating_YOY,
Income_YOY,-0.5111111111111111
EPS_YOY,-0.4666666666666666
Return on Equity %,-0.19999999999999998
Return on Assets %,-0.3220305943597653
Net Margin %,-0.5555555555555555
Earnings Per Share CNY,0.4494665749754947
Book Value Per Share * CNY,0.3333333333333333
Free Cash Flow Per Share * CNY,-0.022222222222222223
Payout Ratio % *,0.15555555555555553
Debt/Equity,0.4666666666666666
Current Ratio,
Quick Ratio,
Financial Leverage (Average),-0.37777777777777777
Fixed Assets Turnover,-0.06666666666666667
Cash Conversion Cycle,
Payables Period,
Market Capital Mil,0.6888888888888888
Price/Earning Ratio,0.4222222222222222
Price/Book Ratio,0.06666666666666667
Price/FCF,-0.1111111111111111
PEG Ratio,-0.022222222222222223
Year End Price,1.0
