﻿Date,Name,Price,Volume
11/30/1999,Shanghai Pudong Development Bank Co Ltd,3.2529240528,"304,052,754",
12/31/1999,Shanghai Pudong Development Bank Co Ltd,3.0496162995,"79,526,669",
01/31/2000,Shanghai Pudong Development Bank Co Ltd,3.0853491774,"211,009,728",
02/29/2000,Shanghai Pudong Development Bank Co Ltd,3.101367364,"286,813,423",
03/31/2000,Shanghai Pudong Development Bank Co Ltd,3.107528205,"248,913,434",
04/28/2000,Shanghai Pudong Development Bank Co Ltd,3.0804205045,"88,695,338",
05/31/2000,Shanghai Pudong Development Bank Co Ltd,2.8894344333,"79,012,310",
06/30/2000,Shanghai Pudong Development Bank Co Ltd,2.9017561153,"62,945,324",
07/31/2000,Shanghai Pudong Development Bank Co Ltd,2.9633645254,"64,086,482",
08/31/2000,Shanghai Pudong Development Bank Co Ltd,2.8647910692,"45,406,312",
09/29/2000,Shanghai Pudong Development Bank Co Ltd,2.6614833159,"32,726,520",
10/31/2000,Shanghai Pudong Development Bank Co Ltd,2.6245182699,"20,235,864",
11/30/2000,Shanghai Pudong Development Bank Co Ltd,2.7083057076,"48,177,659",
12/29/2000,Shanghai Pudong Development Bank Co Ltd,2.5567490188,"32,570,907",
01/31/2001,Shanghai Pudong Development Bank Co Ltd,2.5592133552,"38,130,379",
02/28/2001,Shanghai Pudong Development Bank Co Ltd,2.4458538806,"18,464,155",
03/30/2001,Shanghai Pudong Development Bank Co Ltd,2.5850888874,"32,416,661",
04/30/2001,Shanghai Pudong Development Bank Co Ltd,2.4778902539,"31,129,697",
05/31/2001,Shanghai Pudong Development Bank Co Ltd,2.4643364036,"24,579,632",
06/29/2001,Shanghai Pudong Development Bank Co Ltd,2.4581755626,"29,826,910",
07/31/2001,Shanghai Pudong Development Bank Co Ltd,2.1944915674,"21,834,729",
08/31/2001,Shanghai Pudong Development Bank Co Ltd,1.8975390308,"32,129,381",
09/28/2001,Shanghai Pudong Development Bank Co Ltd,1.8753600032,"17,163,876",
10/31/2001,Shanghai Pudong Development Bank Co Ltd,1.9948803187,"49,245,105",
11/30/2001,Shanghai Pudong Development Bank Co Ltd,2.0490957196,"32,537,525",
12/31/2001,Shanghai Pudong Development Bank Co Ltd,1.9332719087,"21,672,855",
01/31/2002,Shanghai Pudong Development Bank Co Ltd,1.7422858374,"27,650,643",
02/28/2002,Shanghai Pudong Development Bank Co Ltd,1.7164103051,"36,976,431",
03/29/2002,Shanghai Pudong Development Bank Co Ltd,2.020755851,"125,597,490",
04/30/2002,Shanghai Pudong Development Bank Co Ltd,2.033077533,"31,120,667",
05/31/2002,Shanghai Pudong Development Bank Co Ltd,1.7718578742,"28,021,680",
06/28/2002,Shanghai Pudong Development Bank Co Ltd,2.1094719615,"58,768,764",
07/31/2002,Shanghai Pudong Development Bank Co Ltd,2.1501335122,"72,281,301",
08/30/2002,Shanghai Pudong Development Bank Co Ltd,6.718667965,"137,748,471",
09/30/2002,Shanghai Pudong Development Bank Co Ltd,6.3851552238,"82,265,373",
10/31/2002,Shanghai Pudong Development Bank Co Ltd,5.7611636434,"52,422,684",
11/29/2002,Shanghai Pudong Development Bank Co Ltd,5.5782695594,"52,356,397",
12/31/2002,Shanghai Pudong Development Bank Co Ltd,5.3039284336,"49,126,428",
01/31/2003,Shanghai Pudong Development Bank Co Ltd,5.5459941329,"557,336,725",
02/28/2003,Shanghai Pudong Development Bank Co Ltd,5.2824114825,"316,718,009",
03/31/2003,Shanghai Pudong Development Bank Co Ltd,5.9978501049,"309,557,907",
04/30/2003,Shanghai Pudong Development Bank Co Ltd,6.9553544266,"662,891,375",
05/30/2003,Shanghai Pudong Development Bank Co Ltd,7.2081786014,"812,317,420",
06/30/2003,Shanghai Pudong Development Bank Co Ltd,6.2775704685,"218,920,108",
07/31/2003,Shanghai Pudong Development Bank Co Ltd,5.9655746783,"186,598,780",
08/29/2003,Shanghai Pudong Development Bank Co Ltd,5.5675110839,"77,164,742",
09/30/2003,Shanghai Pudong Development Bank Co Ltd,5.1264135874,"143,601,548",
10/31/2003,Shanghai Pudong Development Bank Co Ltd,5.0511042587,"152,078,510",
11/28/2003,Shanghai Pudong Development Bank Co Ltd,5.0134495944,"143,527,542",
12/31/2003,Shanghai Pudong Development Bank Co Ltd,5.6643373636,"322,533,542",
01/30/2004,Shanghai Pudong Development Bank Co Ltd,6.0516424825,"255,945,093",
02/27/2004,Shanghai Pudong Development Bank Co Ltd,5.836472972,"264,780,119",
03/31/2004,Shanghai Pudong Development Bank Co Ltd,5.8418522098,"221,689,358",
04/30/2004,Shanghai Pudong Development Bank Co Ltd,5.1748267273,"202,160,785",
05/31/2004,Shanghai Pudong Development Bank Co Ltd,5.045725021,"124,393,158",
06/30/2004,Shanghai Pudong Development Bank Co Ltd,4.728349993,"73,143,239",
07/30/2004,Shanghai Pudong Development Bank Co Ltd,4.9004856014,"83,529,103",
08/31/2004,Shanghai Pudong Development Bank Co Ltd,4.7014538042,"80,451,298",
09/30/2004,Shanghai Pudong Development Bank Co Ltd,4.5669728601,"116,207,681",
10/29/2004,Shanghai Pudong Development Bank Co Ltd,3.9860151818,"144,444,282",
11/30/2004,Shanghai Pudong Development Bank Co Ltd,3.8945681399,"84,659,379",
12/31/2004,Shanghai Pudong Development Bank Co Ltd,3.7654664336,"81,469,712",
01/31/2005,Shanghai Pudong Development Bank Co Ltd,3.9644982308,"207,317,998",
02/28/2005,Shanghai Pudong Development Bank Co Ltd,4.163530028,"356,463,735",
03/31/2005,Shanghai Pudong Development Bank Co Ltd,3.7224325315,"147,075,497",
04/29/2005,Shanghai Pudong Development Bank Co Ltd,3.7762249091,"158,278,959",
05/31/2005,Shanghai Pudong Development Bank Co Ltd,3.6040893007,"108,370,603",
06/30/2005,Shanghai Pudong Development Bank Co Ltd,4.1151168881,"229,713,010",
07/29/2005,Shanghai Pudong Development Bank Co Ltd,4.4862842937,"162,322,118",
08/31/2005,Shanghai Pudong Development Bank Co Ltd,4.5615936224,"188,357,979",
09/30/2005,Shanghai Pudong Development Bank Co Ltd,4.4647673427,"111,344,393",
10/31/2005,Shanghai Pudong Development Bank Co Ltd,4.5831105734,"100,502,476",
11/30/2005,Shanghai Pudong Development Bank Co Ltd,4.7391084685,"94,138,698",
12/30/2005,Shanghai Pudong Development Bank Co Ltd,5.2447568182,"169,248,599",
01/31/2006,Shanghai Pudong Development Bank Co Ltd,6.062400958,"264,964,140",
02/28/2006,Shanghai Pudong Development Bank Co Ltd,6.5572908322,"292,273,835",
03/31/2006,Shanghai Pudong Development Bank Co Ltd,5.8418522098,"486,245,064",
04/28/2006,Shanghai Pudong Development Bank Co Ltd,5.8418522098,"370,269,080",
05/31/2006,Shanghai Pudong Development Bank Co Ltd,5.363100049,"834,510,816",
06/30/2006,Shanghai Pudong Development Bank Co Ltd,5.3308246224,"59,408,245",
07/31/2006,Shanghai Pudong Development Bank Co Ltd,4.7337292308,"14,638,663",
08/31/2006,Shanghai Pudong Development Bank Co Ltd,5.2877907203,"213,923",
09/29/2006,Shanghai Pudong Development Bank Co Ltd,5.7127505035,"468,689",
10/31/2006,Shanghai Pudong Development Bank Co Ltd,7.5201743916,"66,175,519",
11/30/2006,Shanghai Pudong Development Bank Co Ltd,9.0532571538,"41,138,192",
12/29/2006,Shanghai Pudong Development Bank Co Ltd,11.4631556713,"22,526,804",
01/31/2007,Shanghai Pudong Development Bank Co Ltd,13.4427151678,"86,943,414",
02/28/2007,Shanghai Pudong Development Bank Co Ltd,12.0064586853,"109,780,726",
03/30/2007,Shanghai Pudong Development Bank Co Ltd,14.3733233007,"19,531,589",
04/30/2007,Shanghai Pudong Development Bank Co Ltd,14.4701495804,"24,407,890",
05/31/2007,Shanghai Pudong Development Bank Co Ltd,18.1603066853,"1,045,352",
06/29/2007,Shanghai Pudong Development Bank Co Ltd,19.682630972,"102,276,447",
07/31/2007,Shanghai Pudong Development Bank Co Ltd,21.651431993,"22,593,147",
08/31/2007,Shanghai Pudong Development Bank Co Ltd,29.5858076923,"45,543,924",
09/28/2007,Shanghai Pudong Development Bank Co Ltd,28.2409982517,"11,059,763",
10/31/2007,Shanghai Pudong Development Bank Co Ltd,31.6245388042,"34,953,273",
11/30/2007,Shanghai Pudong Development Bank Co Ltd,27.9128647483,"13,761,875",
12/31/2007,Shanghai Pudong Development Bank Co Ltd,26.944601951,"69,993,257",
01/31/2008,Shanghai Pudong Development Bank Co Ltd,24.7444937063,"345,778",
02/29/2008,Shanghai Pudong Development Bank Co Ltd,22.6627286923,"386,911",
03/31/2008,Shanghai Pudong Development Bank Co Ltd,19.0425016783,"502,060",
04/30/2008,Shanghai Pudong Development Bank Co Ltd,17.4287303497,"106,609,856",
05/30/2008,Shanghai Pudong Development Bank Co Ltd,15.1264165874,"882,244",
06/30/2008,Shanghai Pudong Development Bank Co Ltd,11.8343230769,"515,561",
07/31/2008,Shanghai Pudong Development Bank Co Ltd,12.216248958,"807,295",
08/29/2008,Shanghai Pudong Development Bank Co Ltd,11.8181853636,"503,820",
09/30/2008,Shanghai Pudong Development Bank Co Ltd,8.4023693846,"1,420,994",
10/31/2008,Shanghai Pudong Development Bank Co Ltd,6.3152251329,"1,618,535",
11/28/2008,Shanghai Pudong Development Bank Co Ltd,6.4497060769,"1,764,270",
12/31/2008,Shanghai Pudong Development Bank Co Ltd,7.127490035,"2,108,779",
01/30/2009,Shanghai Pudong Development Bank Co Ltd,8.9779478252,"172,506,340",
02/27/2009,Shanghai Pudong Development Bank Co Ltd,9.5642847413,"628,111,825",
03/31/2009,Shanghai Pudong Development Bank Co Ltd,11.7805306993,"2,131,704,116",
04/30/2009,Shanghai Pudong Development Bank Co Ltd,12.4045222797,"1,586,153,236",
05/29/2009,Shanghai Pudong Development Bank Co Ltd,13.7977448601,"1,207,896,240",
06/30/2009,Shanghai Pudong Development Bank Co Ltd,12.3776260909,"1,637,067,212",
07/31/2009,Shanghai Pudong Development Bank Co Ltd,14.5562173846,"1,672,249,316",
08/31/2009,Shanghai Pudong Development Bank Co Ltd,9.6449733077,"1,871,260,264",
09/30/2009,Shanghai Pudong Development Bank Co Ltd,10.5702022028,"2,516,994,688",
10/30/2009,Shanghai Pudong Development Bank Co Ltd,11.6944628951,"1,878,684,016",
11/30/2009,Shanghai Pudong Development Bank Co Ltd,11.8450815524,"1,823,316,392",
12/31/2009,Shanghai Pudong Development Bank Co Ltd,11.6675667063,"1,938,235,860",
01/29/2010,Shanghai Pudong Development Bank Co Ltd,10.5540644895,"1,831,304,776",
02/26/2010,Shanghai Pudong Development Bank Co Ltd,11.1565391189,"1,059,029,342",
03/31/2010,Shanghai Pudong Development Bank Co Ltd,12.2539036224,"2,878,447,844",
04/30/2010,Shanghai Pudong Development Bank Co Ltd,11.0758505524,"1,271,973,556",
05/31/2010,Shanghai Pudong Development Bank Co Ltd,9.9731068112,"1,072,725,448",
06/30/2010,Shanghai Pudong Development Bank Co Ltd,7.3157633566,"1,140,129,204",
07/30/2010,Shanghai Pudong Development Bank Co Ltd,8.0580981678,"1,175,528,672",
08/31/2010,Shanghai Pudong Development Bank Co Ltd,7.5255536294,"1,302,511,274",
09/30/2010,Shanghai Pudong Development Bank Co Ltd,6.9714921399,"1,371,072,628",
10/29/2010,Shanghai Pudong Development Bank Co Ltd,7.7891362797,"2,898,488,400",
11/30/2010,Shanghai Pudong Development Bank Co Ltd,6.8262527203,"2,492,123,228",
12/31/2010,Shanghai Pudong Development Bank Co Ltd,6.6648755874,"1,359,742,800",
01/31/2011,Shanghai Pudong Development Bank Co Ltd,6.8423904336,"1,659,908,372",
02/28/2011,Shanghai Pudong Development Bank Co Ltd,6.8370111958,"1,432,207,860",
03/31/2011,Shanghai Pudong Development Bank Co Ltd,7.3265218322,"2,204,573,384",
04/29/2011,Shanghai Pudong Development Bank Co Ltd,7.6815515245,"2,086,885,928",
05/31/2011,Shanghai Pudong Development Bank Co Ltd,7.4556235385,"1,009,659,676",
06/30/2011,Shanghai Pudong Development Bank Co Ltd,6.8811188811,"1,209,571,172",
07/29/2011,Shanghai Pudong Development Bank Co Ltd,6.5734265734,"1,636,225,828",
08/31/2011,Shanghai Pudong Development Bank Co Ltd,6.4965034965,"1,435,456,026",
09/30/2011,Shanghai Pudong Development Bank Co Ltd,5.972027972,"1,008,864,954",
10/31/2011,Shanghai Pudong Development Bank Co Ltd,6.4405594406,"1,216,966,098",
11/30/2011,Shanghai Pudong Development Bank Co Ltd,5.9440559441,"843,213,040",
12/30/2011,Shanghai Pudong Development Bank Co Ltd,5.9370629371,"835,449,052",
01/31/2012,Shanghai Pudong Development Bank Co Ltd,6.4475524476,"1,587,531,432",
02/29/2012,Shanghai Pudong Development Bank Co Ltd,6.6713286713,"1,491,344,836",
03/30/2012,Shanghai Pudong Development Bank Co Ltd,6.2447552448,"1,207,240,580",
04/30/2012,Shanghai Pudong Development Bank Co Ltd,6.5804195804,"1,180,454,816",
05/31/2012,Shanghai Pudong Development Bank Co Ltd,6.1328671329,"1,508,788,120",
06/29/2012,Shanghai Pudong Development Bank Co Ltd,5.6853146853,"1,296,087,384",
07/31/2012,Shanghai Pudong Development Bank Co Ltd,5.3566433566,"1,241,835,658",
08/31/2012,Shanghai Pudong Development Bank Co Ltd,5.3216783217,"1,034,253,140",
09/28/2012,Shanghai Pudong Development Bank Co Ltd,5.1608391608,"1,025,995,018",
10/31/2012,Shanghai Pudong Development Bank Co Ltd,5.2517482517,"979,110,900",
11/30/2012,Shanghai Pudong Development Bank Co Ltd,5.2167832168,"783,048,650",
12/31/2012,Shanghai Pudong Development Bank Co Ltd,6.9370629371,"3,490,618,532",
01/31/2013,Shanghai Pudong Development Bank Co Ltd,8.027972028,"4,288,182,632",
02/28/2013,Shanghai Pudong Development Bank Co Ltd,7.7342657343,"3,966,512,880",
03/29/2013,Shanghai Pudong Development Bank Co Ltd,7.0839160839,"3,513,040,992",
04/30/2013,Shanghai Pudong Development Bank Co Ltd,6.9090909091,"1,861,388,600",
05/31/2013,Shanghai Pudong Development Bank Co Ltd,7.3216783217,"1,936,240,888",
06/28/2013,Shanghai Pudong Development Bank Co Ltd,5.7902097902,"2,108,362,932",
07/31/2013,Shanghai Pudong Development Bank Co Ltd,5.4965034965,"2,030,930,628",
08/30/2013,Shanghai Pudong Development Bank Co Ltd,6.2867132867,"2,574,047,984",
09/30/2013,Shanghai Pudong Development Bank Co Ltd,7.0559440559,"8,505,038,472",
10/31/2013,Shanghai Pudong Development Bank Co Ltd,7.2237762238,"5,680,978,448",
11/29/2013,Shanghai Pudong Development Bank Co Ltd,6.986013986,"2,937,133,520",
12/31/2013,Shanghai Pudong Development Bank Co Ltd,6.5944055944,"2,699,217,716",
01/31/2014,Shanghai Pudong Development Bank Co Ltd,6.4125874126,"1,711,437,093",
02/28/2014,Shanghai Pudong Development Bank Co Ltd,6.2307692308,"2,083,052,927",
03/31/2014,Shanghai Pudong Development Bank Co Ltd,6.7972027972,"3,926,697,698",
04/30/2014,Shanghai Pudong Development Bank Co Ltd,6.8321678322,"3,449,439,401",
05/30/2014,Shanghai Pudong Development Bank Co Ltd,6.6923076923,"1,851,035,476",
06/30/2014,Shanghai Pudong Development Bank Co Ltd,6.3286713287,"1,438,637,121",
07/31/2014,Shanghai Pudong Development Bank Co Ltd,6.8531468531,"2,160,925,385",
08/29/2014,Shanghai Pudong Development Bank Co Ltd,6.6223776224,"2,159,406,979",
09/30/2014,Shanghai Pudong Development Bank Co Ltd,6.8181818182,"2,899,079,570",
10/31/2014,Shanghai Pudong Development Bank Co Ltd,7.1328671329,"3,324,032,253",
11/28/2014,Shanghai Pudong Development Bank Co Ltd,8.6713286713,"6,536,828,051",
12/31/2014,Shanghai Pudong Development Bank Co Ltd,10.972027972,"13,035,716,693",
01/30/2015,Shanghai Pudong Development Bank Co Ltd,10.1188811189,"8,379,121,306",
02/27/2015,Shanghai Pudong Development Bank Co Ltd,10.1608391608,"3,461,149,795",
03/31/2015,Shanghai Pudong Development Bank Co Ltd,11.041958042,"7,223,688,654",
04/30/2015,Shanghai Pudong Development Bank Co Ltd,12.6363636364,"9,536,343,613",
05/29/2015,Shanghai Pudong Development Bank Co Ltd,11.9160839161,"5,464,878,696",
06/30/2015,Shanghai Pudong Development Bank Co Ltd,11.8601398601,"7,459,363,399",
07/31/2015,Shanghai Pudong Development Bank Co Ltd,10.5384615385,"7,342,149,886",
08/31/2015,Shanghai Pudong Development Bank Co Ltd,10.4615384615,"3,141,454,515",
09/30/2015,Shanghai Pudong Development Bank Co Ltd,11.6293706294,"3,647,924,839",
10/30/2015,Shanghai Pudong Development Bank Co Ltd,11.4615384615,"2,110,915,514",
11/30/2015,Shanghai Pudong Development Bank Co Ltd,13.041958042,"2,526,979,187",
12/31/2015,Shanghai Pudong Development Bank Co Ltd,12.7762237762,"1,738,972,694",
01/29/2016,Shanghai Pudong Development Bank Co Ltd,11.8181818182,"920,426,300",
02/29/2016,Shanghai Pudong Development Bank Co Ltd,12.9020979021,"1,340,202,831",
03/31/2016,Shanghai Pudong Development Bank Co Ltd,12.5384615385,"1,221,759,890",
04/29/2016,Shanghai Pudong Development Bank Co Ltd,12.4685314685,"578,793,081",
05/31/2016,Shanghai Pudong Development Bank Co Ltd,12.7902097902,"376,446,722",
06/30/2016,Shanghai Pudong Development Bank Co Ltd,11.9769230769,"440,140,316",
07/29/2016,Shanghai Pudong Development Bank Co Ltd,12.0769230769,"445,529,664",
08/31/2016,Shanghai Pudong Development Bank Co Ltd,12.6769230769,"641,272,380",
09/30/2016,Shanghai Pudong Development Bank Co Ltd,12.6846153846,"411,019,935",
10/31/2016,Shanghai Pudong Development Bank Co Ltd,12.5153846154,"293,568,733",
11/30/2016,Shanghai Pudong Development Bank Co Ltd,13.2,"519,624,845",
12/30/2016,Shanghai Pudong Development Bank Co Ltd,12.4692307692,"426,317,952",
01/31/2017,Shanghai Pudong Development Bank Co Ltd,12.8769230769,"340,326,308",
02/28/2017,Shanghai Pudong Development Bank Co Ltd,12.7615384615,"295,999,727",
03/31/2017,Shanghai Pudong Development Bank Co Ltd,12.3153846154,"446,555,984",
04/28/2017,Shanghai Pudong Development Bank Co Ltd,11.7,"474,416,390",
05/31/2017,Shanghai Pudong Development Bank Co Ltd,12.84,"1,454,810,154",
06/30/2017,Shanghai Pudong Development Bank Co Ltd,12.65,"1,330,750,427",
07/31/2017,Shanghai Pudong Development Bank Co Ltd,13.36,"1,317,190,884",
08/31/2017,Shanghai Pudong Development Bank Co Ltd,12.71,"1,369,766,042",
09/29/2017,Shanghai Pudong Development Bank Co Ltd,12.87,"742,796,792",
10/31/2017,Shanghai Pudong Development Bank Co Ltd,12.61,"621,642,381",
11/30/2017,Shanghai Pudong Development Bank Co Ltd,12.91,"1,193,380,556",
12/29/2017,Shanghai Pudong Development Bank Co Ltd,12.59,"630,146,046",
01/31/2018,Shanghai Pudong Development Bank Co Ltd,13.17,"2,546,027,349",
02/28/2018,Shanghai Pudong Development Bank Co Ltd,12.46,"1,632,624,260",
03/30/2018,Shanghai Pudong Development Bank Co Ltd,11.65,"600,353,472",
04/30/2018,Shanghai Pudong Development Bank Co Ltd,11.61,"447,444,575",
05/31/2018,Shanghai Pudong Development Bank Co Ltd,10.55,"581,473,405",
06/29/2018,Shanghai Pudong Development Bank Co Ltd,9.56,"464,597,039",
07/31/2018,Shanghai Pudong Development Bank Co Ltd,10.17,"432,968,988",
08/31/2018,Shanghai Pudong Development Bank Co Ltd,10.33,"444,236,587",
09/28/2018,Shanghai Pudong Development Bank Co Ltd,10.62,"412,709,401",
10/31/2018,Shanghai Pudong Development Bank Co Ltd,10.98,"750,546,199",
11/30/2018,Shanghai Pudong Development Bank Co Ltd,10.71,"461,911,655",
12/31/2018,Shanghai Pudong Development Bank Co Ltd,9.8,"477,169,289",
01/31/2019,Shanghai Pudong Development Bank Co Ltd,10.73,"467,823,440",
02/28/2019,Shanghai Pudong Development Bank Co Ltd,11.74,"627,126,646",
03/29/2019,Shanghai Pudong Development Bank Co Ltd,11.28,"952,733,535",
04/30/2019,Shanghai Pudong Development Bank Co Ltd,11.97,"1,279,568,016",
05/31/2019,Shanghai Pudong Development Bank Co Ltd,11.13,"1,320,965,873",
06/28/2019,Shanghai Pudong Development Bank Co Ltd,11.68,"845,496,447",
07/31/2019,Shanghai Pudong Development Bank Co Ltd,11.87,"693,897,616",
08/30/2019,Shanghai Pudong Development Bank Co Ltd,11.28,"695,639,123",
09/30/2019,Shanghai Pudong Development Bank Co Ltd,11.84,"703,788,071",
10/31/2019,Shanghai Pudong Development Bank Co Ltd,12.51,"1,267,200,468",
11/29/2019,Shanghai Pudong Development Bank Co Ltd,11.91,"810,490,073",
12/31/2019,Shanghai Pudong Development Bank Co Ltd,12.37,"647,682,816",
01/31/2020,Shanghai Pudong Development Bank Co Ltd,11.35,"1,062,791,970",
02/28/2020,Shanghai Pudong Development Bank Co Ltd,10.85,"817,661,375",
03/31/2020,Shanghai Pudong Development Bank Co Ltd,10.15,"874,828,577",
04/03/2020,Shanghai Pudong Development Bank Co Ltd,10.15,"54,363,709",
