,Pearson Correlation
Shares Mil,0.17982940582852647
Revenue_YOY,-0.706013984904532
Operating_YOY,
Income_YOY,-0.8488932632972427
EPS_YOY,-0.8498153274476328
Return on Equity %,-0.3437776395136199
Return on Assets %,-0.49879194137807603
Net Margin %,-0.8294943235957174
Earnings Per Share CNY,0.5148027524094537
Book Value Per Share * CNY,0.5614241903044159
Free Cash Flow Per Share * CNY,-0.07189451734633752
Payout Ratio % *,0.18117724228960172
Debt/Equity,0.6940525244435589
Current Ratio,
Quick Ratio,
Financial Leverage (Average),-0.0033386193592164653
Fixed Assets Turnover,-0.21526371436511746
Cash Conversion Cycle,
Payables Period,
Market Capital Mil,0.9196613927254609
Price/Earning Ratio,0.3497032081249354
Price/Book Ratio,0.21449462481392498
Price/FCF,0.20717076444005497
PEG Ratio,-0.14879262239249344
Year End Price,1.0
