,Spearman Correlation
Shares Mil,0.38181818181818183
Revenue_YOY,-0.6
Operating_YOY,
Income_YOY,-0.7212121212121212
EPS_YOY,-0.7090909090909091
Return on Equity %,-0.3696969696969697
Return on Assets %,-0.49696992650327754
Net Margin %,-0.7454545454545455
Earnings Per Share CNY,0.5957474328064633
Book Value Per Share * CNY,0.4909090909090909
Free Cash Flow Per Share * CNY,-0.006060606060606061
Payout Ratio % *,0.24848484848484848
Debt/Equity,0.6606060606060606
Current Ratio,
Quick Ratio,
Financial Leverage (Average),-0.47878787878787876
Fixed Assets Turnover,-0.10303030303030303
Cash Conversion Cycle,
Payables Period,
Market Capital Mil,0.8787878787878788
Price/Earning Ratio,0.5272727272727272
Price/Book Ratio,0.12727272727272726
Price/FCF,-0.16363636363636364
PEG Ratio,0.006060606060606061
Year End Price,1.0
